{"type": "FeatureCollection", "crs": {"type": "name", "properties": {"name": "EPSG:4326"}}, "features": [{"type": "Feature", "id": 1, "geometry": {"type": "Polygon", "coordinates": [[[485.7197621425952, 509.46866374735464], [485.8656885531456, 509.5433376906346], [487.2155474070603, 510.8500735481551], [487.84242945256, 511.3661389602625], [487.99817430543254, 511.4365604440427], [487.74307086225815, 511.4572765229239], [485.7618365707093, 512.5162427393041], [484.671647409456, 512.9262994113504], [484.2377835882933, 512.8745194238537], [484.03147994813224, 513.039756126279], [483.45085518071147, 512.7519125214733], [483.7026508141461, 512.6745598188775], [485.7197621425952, 509.46866374735464]]]}, "properties": {"OBJECTID_12": 1, "SETTLEMENT": "33025", "SETTL_NAME": "Buncrana", "EAST": 635004.752384, "NORTH": 932236.827496, "GUID": "3BC11B45-6611-464E-80DD-7464F857443D"}}, {"type": "Feature", "id": 2, "geometry": {"type": "Polygon", "coordinates": [[[458.98319304150505, 522.9541759471106], [460.2251343420075, 524.0583641412932], [461.3508933615499, 524.1256167594544], [461.7874553855008, 523.4837536539694], [462.4513177065429, 523.7550260162013], [455.26132018813865, 526.7021885393323], [451.8257598053344, 526.1726568216304], [453.33562312198933, 525.7473648743668], [452.1146537758283, 524.5465809064324], [454.86717025952, 524.8299288358986], [455.5221005349237, 524.2433832547105], [458.744697061648, 523.3111781094311], [458.98319304150505, 522.9541759471106]]]}, "properties": {"OBJECTID_12": 2, "SETTLEMENT": "33037", "SETTL_NAME": "Letterkenny", "EAST": 617910.19159, "NORTH": 912587.868991, "GUID": "F007D53D-2C72-48BB-B6A6-C5A62D6A4A1E"}}, {"type": "Feature", "id": 3, "geometry": {"type": "Polygon", "coordinates": [[[404.36590332921816, 560.3953472038013], [404.77881728465064, 560.6637978329334], [405.40818071790613, 560.8943533338478], [406.1330797985792, 561.230984037759], [406.39629822280426, 561.2516918639124], [406.7644367747168, 561.0719879042514], [407.6688811071083, 561.4289529514391], [407.7911201516288, 561.5664114919659], [406.81502689346024, 561.8428479747793], [406.48944871162985, 561.954883339601], [405.7123255080992, 561.928761654757], [405.2559001821205, 562.0764628033845], [404.36590332921816, 560.3953472038013]]]}, "properties": {"OBJECTID_12": 3, "SETTLEMENT": "33003", "SETTL_NAME": "Ballyshannon", "EAST": 587301.835432, "NORTH": 861864.790551, "GUID": "8A6225EE-264B-40EF-99FF-8E0BB64E2264"}}, {"type": "Feature", "id": 4, "geometry": {"type": "Polygon", "coordinates": [[[398.720226909552, 562.6846983084409], [397.9236177001568, 563.9189389295188], [398.0024949108096, 563.9534042788596], [397.43411487000856, 564.0399900923858], [396.87667337685014, 564.1780744132599], [396.9143347364661, 564.0416580886149], [393.3263400336651, 563.8054374013157], [392.76846683622506, 563.6022066437847], [394.68482522834455, 563.3828471246896], [396.8078410748811, 563.0672002148027], [397.858222438656, 562.7977446177628], [398.01049958160854, 562.6650229776169], [398.720226909552, 562.6846983084409]]]}, "properties": {"OBJECTID_12": 4, "SETTLEMENT": "33001", "SETTL_NAME": "Bundoran", "EAST": 581539.652027, "NORTH": 858829.829718, "GUID": "3ED8253C-D377-4F80-A8C1-9E21E748F895"}}, {"type": "Feature", "id": 5, "geometry": {"type": "Polygon", "coordinates": [[[377.15109008466453, 578.5076102418965], [378.57945251986666, 578.6218100256009], [378.5955611123669, 578.7588684400336], [379.4086646765152, 579.2897466090841], [379.0950770606827, 579.4117208333365], [376.07393303527147, 581.1911870042534], [373.39219764736424, 580.4430063595198], [370.468805160352, 579.7986655296985], [368.62591266145813, 579.6407133150383], [369.0743336951872, 579.5568514784354], [370.4788051261504, 579.6543446132954], [372.7091151453888, 579.1591803663499], [377.15109008466453, 578.5076102418965]]]}, "properties": {"OBJECTID_12": 5, "SETTLEMENT": "31004", "SETTL_NAME": "Sligo", "EAST": 568846.321503, "NORTH": 835959.519276, "GUID": "899C172F-D7B7-4EE1-A17B-C773AE325147"}}, {"type": "Feature", "id": 6, "geometry": {"type": "Polygon", "coordinates": [[[572.6451978060778, 660.6786936718933], [571.382506097873, 660.8852815685015], [571.3706584386059, 660.9801446134167], [568.7683556464544, 663.0122078154114], [568.9287465977728, 663.1338839583499], [568.2505751731318, 662.7713510597157], [569.1255875562496, 660.800814947909], [568.8541605071018, 660.6512676911183], [568.4074583141035, 660.449550110909], [568.3405972628096, 660.3383636443491], [570.9058718185888, 659.9998692328102], [570.8179119368981, 660.1423447023137], [572.6451978060778, 660.6786936718933]]]}, "properties": {"OBJECTID_12": 6, "SETTLEMENT": "06015", "SETTL_NAME": "Naas", "EAST": 689417.140079, "NORTH": 719870.568303, "GUID": "02920E34-22EB-4863-94D7-8214D177F372"}}, {"type": "Feature", "id": 7, "geometry": {"type": "Polygon", "coordinates": [[[481.9564721637035, 618.1705447714522], [480.39702250977496, 618.5829140836324], [479.49841517022185, 618.6057741220699], [479.6367757175552, 618.3389098889855], [479.74091565667413, 618.2836245914051], [479.7260616377483, 618.2637003280283], [480.06699613730774, 618.2604728742116], [480.21476665566615, 618.1746906514494], [481.644588624048, 617.8580832877612], [481.9573249560992, 617.8590087276721], [481.80180216582295, 618.0070960710225], [481.7995662352235, 618.0508268871039], [481.9564721637035, 618.1705447714522]]]}, "properties": {"OBJECTID_12": 7, "SETTLEMENT": "09003", "SETTL_NAME": "Granard", "EAST": 633331.35872, "NORTH": 781196.208596, "GUID": "DC0A4B85-4EAD-4869-B5DB-A12DFA7D3E48"}}, {"type": "Feature", "id": 8, "geometry": {"type": "Polygon", "coordinates": [[[251.61027929065173, 702.0952513223015], [251.83014477805867, 702.1713746842668], [251.25565909721172, 703.2120690836206], [251.2252262533248, 703.2599572420114], [251.40314158354667, 703.3263399424387], [251.20303022844692, 703.3302592495776], [250.60603715899308, 703.283775808341], [249.90357357565654, 703.5465251915684], [250.2059689676096, 703.214588107531], [249.6514492293088, 702.8981515353101], [249.27991860294506, 702.9772034220518], [249.9842874644352, 702.6326974749936], [251.61027929065173, 702.0952513223015]]]}, "properties": {"OBJECTID_12": 8, "SETTLEMENT": "16014", "SETTL_NAME": "Kilkee", "EAST": 488609.6239, "NORTH": 659868.388784, "GUID": "A06C248A-51D5-40B5-BE0C-CB2BF8B14BC9"}}, {"type": "Feature", "id": 9, "geometry": {"type": "Polygon", "coordinates": [[[263.93064628863254, 747.6952737928463], [266.0280257167157, 748.6670582488174], [269.11274824137064, 748.928321622877], [267.3438799607541, 750.4485705993733], [267.30228164181335, 750.7411483657042], [264.6855700778507, 749.9452120123078], [262.9451726986891, 748.656415559853], [264.5935313917856, 748.6826229263035], [264.61580903358185, 748.6428729987443], [263.7861004921205, 747.285930437338], [263.796857900224, 747.3546791018665], [263.7044197070272, 747.4511172418817], [263.93064628863254, 747.6952737928463]]]}, "properties": {"OBJECTID_12": 9, "SETTLEMENT": "19011", "SETTL_NAME": "Killarney", "EAST": 496994.928547, "NORTH": 590863.134156, "GUID": "9EF412D8-1334-4146-85B1-9F0699E18ED5"}}, {"type": "Feature", "id": 10, "geometry": {"type": "Polygon", "coordinates": [[[467.4184098881941, 745.9901432403234], [468.3977984711605, 746.5096741274647], [469.650537503696, 746.6712816147099], [469.4636013332245, 746.7175369768011], [466.5559923286656, 747.6431019008631], [464.24859897062294, 747.4792129296628], [464.736786503296, 747.2093400620294], [465.4582909371072, 746.9848909354175], [465.3654415021088, 746.9577824532695], [466.3616885372309, 746.5475070668366], [467.5951441706901, 745.7857154403222], [467.35963580195624, 745.9120649812762], [467.4184098881941, 745.9901432403234]]]}, "properties": {"OBJECTID_12": 10, "SETTLEMENT": "25003", "SETTL_NAME": "Dungarvan", "EAST": 625957.568177, "NORTH": 593553.193023, "GUID": "B78922BB-4636-48F5-B6EF-0A373E24F306"}}, {"type": "Feature", "id": 11, "geometry": {"type": "Polygon", "coordinates": [[[581.9279045053408, 611.6685204462499], [584.2713668141184, 612.4484518261526], [584.2230471953643, 612.5521364440513], [584.0330939334549, 612.5689548288633], [582.7845987988449, 612.9445134688133], [582.5908383245621, 613.374401542699], [582.5241509008672, 613.430737484667], [582.5509884036373, 613.4748714538626], [581.6069924123435, 613.3135840726441], [581.5515886644629, 613.1969409099977], [581.8361394053675, 613.1349709494273], [581.6667081369088, 611.5810116131569], [581.9279045053408, 611.6685204462499]]]}, "properties": {"OBJECTID_12": 11, "SETTLEMENT": "10001", "SETTL_NAME": "Ardee", "EAST": 696096.296353, "NORTH": 790358.899354, "GUID": "5DEEAC31-E9BA-406A-849A-3A695B3AE93F"}}, {"type": "Feature", "id": 12, "geometry": {"type": "Polygon", "coordinates": [[[623.662038903248, 692.5399998271802], [625.1058810671093, 694.2652757030903], [625.0161074402773, 694.3353492221187], [623.7445974960875, 694.4451783310623], [623.7332326520011, 694.3774006769813], [620.7434632174848, 693.802801774011], [621.3581844189589, 693.6287607881707], [621.944655979568, 693.3836666679248], [624.1007551538518, 693.3276894004689], [623.4159776269184, 693.2127247437141], [623.3513226715286, 692.9336256311532], [622.5152685272917, 692.6197952765586], [623.662038903248, 692.5399998271802]]]}, "properties": {"OBJECTID_12": 12, "SETTLEMENT": "15009", "SETTL_NAME": "Arklow", "EAST": 724222.961545, "NORTH": 673463.925087, "GUID": "470ED256-49E0-416C-92AD-84ADE88CD1A9"}}, {"type": "Feature", "id": 13, "geometry": {"type": "Polygon", "coordinates": [[[432.5092994043669, 643.7949559998332], [433.45770605826135, 643.8445970343814], [433.6898947849312, 644.5455402237336], [435.1295810618464, 644.2321737838427], [436.8272722349931, 644.4225249641395], [436.81214817660907, 644.5062189364661], [435.7916360457195, 645.0075964935605], [438.392146099712, 645.7870350548724], [433.2104248458411, 646.3024826162712], [431.8194108870325, 646.0596201869205], [425.99304501278186, 645.582899283162], [427.4878963694816, 645.4856496904997], [432.5092994043669, 643.7949559998332]]]}, "properties": {"OBJECTID_12": 13, "SETTLEMENT": "35010", "SETTL_NAME": "Athlone", "EAST": 604145.805099, "NORTH": 742026.018347, "GUID": "ED9B7664-D9E4-4DD7-9338-C6622E695F9E"}}, {"type": "Feature", "id": 14, "geometry": {"type": "Polygon", "coordinates": [[[535.2601865198346, 678.0448293681643], [537.7026772831862, 678.6612473168632], [536.6311199870592, 679.883121028544], [536.6772927287232, 679.9728934469405], [536.1523664771573, 679.9952213696137], [535.827247612225, 680.0879607490851], [533.6819590106934, 680.0510722803158], [533.12822158504, 679.4792356431859], [533.0597842456406, 679.4512669267205], [533.0169571217856, 679.0080357160505], [533.7662945619627, 678.6947122570008], [533.4239007093504, 678.1990383134238], [535.2601865198346, 678.0448293681643]]]}, "properties": {"OBJECTID_12": 14, "SETTLEMENT": "06001", "SETTL_NAME": "Athy", "EAST": 668238.780718, "NORTH": 693872.169056, "GUID": "924E80A0-9FB9-44B5-BEA0-F7E3C6279A2A"}}, {"type": "Feature", "id": 15, "geometry": {"type": "Polygon", "coordinates": [[[619.1315755370208, 630.7054835385622], [619.4697013305642, 630.9564055074998], [622.3910477757056, 631.7593431640718], [622.3614324718197, 632.0235305070901], [622.4364868057771, 632.079758803611], [622.3259918810421, 632.1183322632368], [621.386231760929, 632.1494575258147], [620.9360341583222, 632.6609589792423], [619.8917206924267, 632.3219425856253], [618.5578221999904, 631.9960510773341], [618.1661284803125, 631.6541583778103], [616.6389002130294, 631.0260474109435], [619.1315755370208, 630.7054835385622]]]}, "properties": {"OBJECTID_12": 15, "SETTLEMENT": "04001", "SETTL_NAME": "Balbriggan", "EAST": 719821.373568, "NORTH": 763493.208041, "GUID": "0BCF2F98-7286-4AD7-B7D1-B63FBF9F021B"}}, {"type": "Feature", "id": 16, "geometry": {"type": "Polygon", "coordinates": [[[305.7992441483189, 590.8050913735575], [305.7151967534987, 591.1622196986679], [305.7154173934464, 591.5089154351529], [305.99247824824, 591.5422375447407], [305.30660619185386, 592.7328280003223], [304.763723514736, 592.725304053447], [304.7119325545984, 592.6255317726827], [304.40899309837226, 592.6772304527682], [301.73448975816854, 592.6383186846865], [303.0568124938112, 591.0523777952576], [303.5054944004277, 591.5197824069247], [305.26581946464427, 590.4931007943402], [305.7992441483189, 590.8050913735575]]]}, "properties": {"OBJECTID_12": 16, "SETTLEMENT": "29001", "SETTL_NAME": "Ballina", "EAST": 524679.733058, "NORTH": 819075.245721, "GUID": "9CAFA25B-A4D6-4195-A123-CD124FDF732C"}}, {"type": "Feature", "id": 17, "geometry": {"type": "Polygon", "coordinates": [[[400.70507602128106, 651.947733915166], [403.93565285238185, 652.3324529662494], [406.6369992852715, 653.0801552133064], [407.201012911136, 653.2701732604858], [406.73231188176214, 653.1954940756463], [406.48766883192746, 653.271430641551], [403.03065083571096, 654.091051798122], [400.9365167423584, 653.5225791970183], [400.7960068955072, 653.4115313649027], [400.9118784887584, 653.3495557177685], [400.1027234943189, 652.7869754950734], [400.7252640407168, 652.399787457222], [400.70507602128106, 651.947733915166]]]}, "properties": {"OBJECTID_12": 17, "SETTLEMENT": "35011", "SETTL_NAME": "Ballinasloe", "EAST": 585347.327559, "NORTH": 730999.591837, "GUID": "8B589628-0B22-40B3-8CF7-07F577E82DA5"}}, {"type": "Feature", "id": 18, "geometry": {"type": "Polygon", "coordinates": [[[544.6709658217974, 590.7606132853264], [543.9571890284448, 591.0492889185709], [544.8816600438208, 591.2606936439978], [544.9434123314368, 591.2660532776263], [544.6792714330624, 591.4705302068196], [544.3150716117162, 591.428991361418], [543.9677957406101, 591.5589284419917], [543.9839728798058, 591.715050540819], [543.8071569943253, 591.3287427266283], [543.8028211301686, 591.2515704025794], [542.8636519706848, 590.9166846774656], [543.8026812813494, 590.8049993817062], [544.6709658217974, 590.7606132853264]]]}, "properties": {"OBJECTID_12": 18, "SETTLEMENT": "34004", "SETTL_NAME": "Ballybay", "EAST": 671862.899152, "NORTH": 820375.637913, "GUID": "4C665D25-9544-48D8-9082-7917EB4E09E0"}}, {"type": "Feature", "id": 19, "geometry": {"type": "Polygon", "coordinates": [[[348.3683162691701, 772.081175995979], [350.28063909461866, 772.3078334272103], [350.4931112411531, 772.6257899846224], [346.40283412075627, 773.5793018331354], [346.3531104601035, 773.7451961096779], [346.30224843698136, 773.78870881459], [345.4494908338069, 773.8171702683455], [345.31836513066133, 773.5937906879076], [345.7849664183947, 773.4435995350489], [346.0947342103381, 772.8848468307701], [347.78191471145493, 772.1688719612266], [348.21261883246615, 772.0031840599055], [348.3683162691701, 772.081175995979]]]}, "properties": {"OBJECTID_12": 19, "SETTLEMENT": "18002", "SETTL_NAME": "Bandon", "EAST": 548874.930254, "NORTH": 554917.915899, "GUID": "03BAF523-EA49-45AD-A66E-8F8D2AD684A7"}}, {"type": "Feature", "id": 20, "geometry": {"type": "Polygon", "coordinates": [[[273.0909652015659, 776.6164755261159], [273.44738365956374, 776.7494446272334], [273.1762683774848, 777.1115015302682], [273.6210806337504, 777.2037844794914], [273.8454785056427, 777.8044050187112], [273.80000094684374, 777.9036375191422], [272.1940079351637, 778.388523947827], [271.4775698074133, 778.2715655382027], [271.6563768836416, 777.7560532151537], [270.7280406823627, 777.6829974011405], [272.150195214112, 777.1591073301609], [272.0981731662901, 777.012756495554], [273.0909652015659, 776.6164755261159]]]}, "properties": {"OBJECTID_12": 20, "SETTLEMENT": "18006", "SETTL_NAME": "Bantry", "EAST": 500045.029797, "NORTH": 548534.226273, "GUID": "678455D2-909F-414F-B241-DF8571A519D1"}}, {"type": "Feature", "id": 21, "geometry": {"type": "Polygon", "coordinates": [[[486.57173611776426, 592.9056142311379], [486.83002069963305, 593.2002111772963], [487.0931015444576, 593.3029178116883], [488.1894087978037, 593.5016506722109], [488.17189835555627, 593.5351694811584], [487.39304432525864, 593.4091477463677], [485.6326154305248, 593.471509020709], [485.26016439290026, 593.3733628181195], [485.456558703184, 593.1221450230145], [484.2643313659947, 593.4211345427142], [484.29892764436056, 593.3366953510376], [484.5798175429344, 593.054736926379], [486.57173611776426, 592.9056142311379]]]}, "properties": {"OBJECTID_12": 21, "SETTLEMENT": "32013", "SETTL_NAME": "Belturbet", "EAST": 636292.818815, "NORTH": 816971.11955, "GUID": "06427250-EBA9-491D-982C-AE8C293713A6"}}, {"type": "Feature", "id": 22, "geometry": {"type": "Polygon", "coordinates": [[[436.1169170892416, 670.4665741868735], [437.67415797755416, 670.4525249891344], [437.57054134439574, 670.7269858391305], [438.2001151038965, 671.1128517291812], [438.68841103962455, 671.4489270274552], [437.6136487885344, 671.6465031770737], [437.64665518780265, 671.7271300158478], [436.0395665981141, 671.682911274485], [436.14685814547414, 671.5330518874068], [435.8456192382208, 671.6013161697646], [435.30130471168854, 670.4162454956717], [435.24264375433495, 670.2897068490092], [436.1169170892416, 670.4665741868735]]]}, "properties": {"OBJECTID_12": 22, "SETTLEMENT": "35013", "SETTL_NAME": "Birr", "EAST": 606247.489775, "NORTH": 704992.537735, "GUID": "ADCBE8E7-98FF-4B49-9739-CA9E735F32A3"}}, {"type": "Feature", "id": 23, "geometry": {"type": "Polygon", "coordinates": [[[397.6428001999168, 603.2707782536381], [394.54957587411735, 603.6111398293814], [394.7779331163328, 603.7524112898196], [395.100947051936, 604.0332696265276], [394.46697331851624, 604.1320725471675], [393.70402214082134, 604.2573351259259], [393.6355382956939, 604.2026781153179], [394.1784201073493, 603.9108730671802], [394.1440982409131, 603.7054441593666], [392.9711024048939, 603.1908191345898], [394.6368821306464, 602.9346686378735], [394.75957162496746, 602.78647293869], [397.6428001999168, 603.2707782536381]]]}, "properties": {"OBJECTID_12": 23, "SETTLEMENT": "30004", "SETTL_NAME": "Boyle", "EAST": 580877.821668, "NORTH": 802758.510974, "GUID": "BEFACB1F-99DF-460E-A320-7D150CF2FC3E"}}, {"type": "Feature", "id": 24, "geometry": {"type": "Polygon", "coordinates": [[[628.445737930031, 661.931943080073], [628.94723336384, 662.0354599276869], [629.1402214617802, 662.3507776952241], [629.0454071559861, 662.3713882101285], [630.456799467713, 663.3091746559397], [630.4640887557099, 663.3922387232558], [629.5346134941461, 663.9438413772871], [629.402550141087, 664.0368844756327], [629.5609521718346, 664.2073863846339], [629.2302988485035, 664.1958574230508], [626.8833707114742, 664.4993310113776], [626.8838921217493, 664.5352286901431], [628.445737930031, 661.931943080073]]]}, "properties": {"OBJECTID_12": 24, "SETTLEMENT": "35007", "SETTL_NAME": "Bray", "EAST": 725924.839421, "NORTH": 717809.604303, "GUID": "3AFC3DCF-1161-44B7-BDAE-C56872CF18A9"}}, {"type": "Feature", "id": 25, "geometry": {"type": "Polygon", "coordinates": [[[542.3204998739158, 689.814360975345], [545.7172568789686, 691.2027663737683], [545.404689774577, 691.0910451326442], [544.6887525805878, 691.1105101859707], [544.4884033316384, 691.1627260648193], [544.4388642900342, 691.2369277945797], [545.1783077208298, 691.7591769412859], [542.4909141819381, 691.6105157648877], [541.9738662772683, 691.923252382409], [541.9568861212779, 691.9800882780074], [538.721314299247, 691.6035634566681], [538.7445840325643, 691.0114813492613], [542.3204998739158, 689.814360975345]]]}, "properties": {"OBJECTID_12": 25, "SETTLEMENT": "35006", "SETTL_NAME": "Carlow", "EAST": 672634.589441, "NORTH": 676604.26245, "GUID": "49B04DC6-C8F1-4533-A71E-1BBC53EB3D27"}}, {"type": "Feature", "id": 26, "geometry": {"type": "Polygon", "coordinates": [[[562.9882252970709, 602.0635928404315], [565.3659227742698, 602.7021416699337], [565.4819739782155, 602.811207484484], [564.7899224341643, 603.0780990835701], [564.2302443640854, 603.9149698436187], [563.5130459899104, 603.9179191850166], [562.423276439456, 603.5785026344574], [562.3430467468203, 603.2010435750078], [562.4376636571883, 603.1433660551083], [561.9235648988821, 603.0171668614324], [562.8197714235072, 602.2582780276276], [562.4414939259125, 602.1055455149194], [562.9882252970709, 602.0635928404315]]]}, "properties": {"OBJECTID_12": 26, "SETTLEMENT": "34001", "SETTL_NAME": "Carrickmacross", "EAST": 684129.441219, "NORTH": 803646.647568, "GUID": "E89260B0-0B12-41BD-8A8B-5F8BAB3C83B9"}}, {"type": "Feature", "id": 27, "geometry": {"type": "Polygon", "coordinates": [[[489.4770386329696, 727.4152554717355], [492.25660996337814, 727.7596530449904], [491.89549101865384, 727.8473934198283], [491.8586034517856, 728.0534372072907], [491.68236974728, 728.1185428565228], [490.48248296067305, 728.0038131056896], [490.30340992324375, 728.0745275494969], [489.5474193640544, 728.4284832288938], [488.7434567675317, 728.2927002738842], [488.33680910409066, 728.0977654101648], [488.3336856991904, 727.878837583903], [489.10571584963304, 727.3516774516629], [489.4770386329696, 727.4152554717355]]]}, "properties": {"OBJECTID_12": 27, "SETTLEMENT": "35014", "SETTL_NAME": "Carrick-on-Suir", "EAST": 640408.047872, "NORTH": 621966.679987, "GUID": "E96E8BC0-89EA-4A15-B5ED-39434EA3E080"}}, {"type": "Feature", "id": 28, "geometry": {"type": "Polygon", "coordinates": [[[439.68638315074134, 714.872256491336], [440.5012918791435, 714.6411560427296], [439.42339092390824, 715.2647083818733], [439.334699149296, 715.4936186862153], [439.0291815001024, 715.9697042383892], [438.53569948656, 716.3676795393776], [438.37433914045334, 716.4020423422077], [438.33390484447784, 716.31943111576], [438.40133983552215, 716.2385181995871], [438.2292446210848, 716.0289134735985], [437.67378856669336, 715.8403873068748], [437.8068888961675, 715.8110223924459], [439.68638315074134, 714.872256491336]]]}, "properties": {"OBJECTID_12": 28, "SETTLEMENT": "23002", "SETTL_NAME": "Cashel", "EAST": 607770.705754, "NORTH": 640292.602383, "GUID": "0ED76CDC-BC43-4B33-BBE6-8B47C58EAD47"}}, {"type": "Feature", "id": 29, "geometry": {"type": "Polygon", "coordinates": [[[289.359265440416, 611.3084509935876], [290.9547240907232, 612.3245963840286], [290.8595316879392, 612.8128665125404], [288.9703595937664, 613.4908550408293], [289.1389920586336, 613.5577970190778], [288.26467770071787, 613.0355145216568], [287.60992895861654, 613.1021637240176], [287.33754300252696, 613.1074617709461], [285.99249602016425, 613.1074338337766], [285.9999816988672, 612.5415617741586], [286.1951967393792, 611.9371885341463], [287.3783813068683, 611.5969763343323], [289.359265440416, 611.3084509935876]]]}, "properties": {"OBJECTID_12": 29, "SETTLEMENT": "29011", "SETTL_NAME": "Castlebar", "EAST": 514700.020688, "NORTH": 790311.623388, "GUID": "9396D478-6852-45A1-BBAB-C11696D4BBAA"}}, {"type": "Feature", "id": 30, "geometry": {"type": "Polygon", "coordinates": [[[561.4904140809152, 591.0951434170677], [561.8896061337824, 592.2763150486676], [561.9547309564, 592.3183201835634], [562.3472382460566, 592.2805957381784], [562.9153954684309, 592.2153627543686], [563.3483551290497, 592.6837486254434], [563.127743265617, 592.5955856941923], [562.6682732588202, 592.679275911167], [562.7470698352203, 592.8162088774384], [562.0621299381088, 592.5969460627026], [559.9617395965674, 592.4902841856026], [559.2732561833408, 592.2761811354443], [561.4904140809152, 591.0951434170677]]]}, "properties": {"OBJECTID_12": 30, "SETTLEMENT": "34003", "SETTL_NAME": "Castleblayney", "EAST": 682437.344523, "NORTH": 819296.49352, "GUID": "9D6D12D8-0FA3-48C6-814C-01AAF56FBCD0"}}, {"type": "Feature", "id": 31, "geometry": {"type": "Polygon", "coordinates": [[[495.8382475086933, 599.6547825668222], [496.1438089643947, 599.6409305811417], [495.9537934851317, 599.9749573429309], [496.96174905392854, 601.1781091297423], [495.89211323509227, 603.5344593918896], [492.24501903306026, 602.0057780211735], [492.7048018902592, 602.043210346301], [492.6694116864427, 601.3877692824171], [492.6770942213376, 601.256969455986], [492.0237760467744, 600.6654631830464], [492.8887497234112, 600.5365711853499], [495.04461867393064, 600.7090265296993], [495.8382475086933, 599.6547825668222]]]}, "properties": {"OBJECTID_12": 31, "SETTLEMENT": "32009", "SETTL_NAME": "Cavan", "EAST": 642062.884364, "NORTH": 805205.456016, "GUID": "13F37FB0-30C7-45E8-AA0B-00FAD01E75EB"}}, {"type": "Feature", "id": 32, "geometry": {"type": "Polygon", "coordinates": [[[546.8146987034762, 621.8555780707036], [547.3709314738453, 621.9571431919569], [547.3691498887819, 622.7361856349357], [546.7679507716341, 623.3170094135274], [546.4917917769696, 623.3375770506545], [546.3306744623211, 623.2429978681787], [545.6105944096971, 623.2249472654707], [545.8177258743755, 623.0071731878778], [545.5833285550858, 622.9207851935174], [546.0365878998336, 622.3970849766132], [544.5178718062325, 622.3414291536413], [545.5850809454411, 621.6301758784226], [546.8146987034762, 621.8555780707036]]]}, "properties": {"OBJECTID_12": 32, "SETTLEMENT": "11008", "SETTL_NAME": "Ceanannas Mór (Kells)", "EAST": 674014.785918, "NORTH": 775759.053963, "GUID": "5C62EBD2-E917-4A71-9394-F773E4133D77"}}, {"type": "Feature", "id": 33, "geometry": {"type": "Polygon", "coordinates": [[[332.20437096381545, 781.2413652691098], [332.8601588484725, 781.936410527628], [331.0052133049227, 782.525643627921], [330.4956947916107, 782.4100475985582], [329.63363018733014, 782.4502738853024], [329.3168323416352, 782.317144389568], [329.9119541221504, 782.0452868499117], [330.0040864729205, 782.0153107817032], [330.2255086159392, 781.7833432719398], [329.5955968332949, 781.5415411602884], [330.9399684717472, 781.5881108934335], [331.53105447706776, 781.6413120487601], [332.20437096381545, 781.2413652691098]]]}, "properties": {"OBJECTID_12": 33, "SETTLEMENT": "18009", "SETTL_NAME": "Clonakilty", "EAST": 538303.595345, "NORTH": 541624.276693, "GUID": "EDF4BFA7-8182-4152-9179-39DD7974C265"}}, {"type": "Feature", "id": 34, "geometry": {"type": "Polygon", "coordinates": [[[509.1127647876427, 586.2152581227639], [509.75988871000425, 586.8525325558575], [510.1726238303531, 587.0310482619824], [508.6392417626272, 587.2914349353139], [508.62880721897176, 587.3644853103133], [508.55240074384, 587.3656107636542], [508.55078207255787, 587.2823946644203], [507.8876603824309, 587.3922898005602], [507.2103444711712, 587.2271846263781], [507.73595878963096, 586.7020642846508], [507.6673103544544, 586.6450600643138], [508.114167834912, 586.5412557265079], [509.1127647876427, 586.2152581227639]]]}, "properties": {"OBJECTID_12": 34, "SETTLEMENT": "34005", "SETTL_NAME": "Clones", "EAST": 650059.09211, "NORTH": 826072.775136, "GUID": "22B92954-EDB0-40BA-8DF7-EF81C1234BF7"}}, {"type": "Feature", "id": 35, "geometry": {"type": "Polygon", "coordinates": [[[461.4848172892288, 726.0713578235789], [461.8118999204491, 726.1221089740195], [462.46049014416104, 726.2864687804848], [463.21236580042455, 727.010522533783], [457.8886886443456, 728.0455162304794], [456.0769870612533, 727.6879743003633], [454.25244881936106, 727.7724312869108], [454.1491277145088, 727.6886638614715], [454.96886515774935, 727.4304930486719], [459.11417283458985, 726.2215538553024], [459.1404234754517, 726.2978319385566], [461.0855697485013, 725.931098286418], [461.4848172892288, 726.0713578235789]]]}, "properties": {"OBJECTID_12": 35, "SETTLEMENT": "35012", "SETTL_NAME": "Clonmel", "EAST": 620339.674354, "NORTH": 623083.030647, "GUID": "64AB345C-A63F-46C4-A2D5-8F5447FCD731"}}, {"type": "Feature", "id": 36, "geometry": {"type": "Polygon", "coordinates": [[[391.53154384715305, 765.0475213382788], [391.5248356652523, 764.813268707162], [391.5709151345888, 764.3621909567432], [392.30693440141545, 764.2422441235356], [392.90294650762775, 764.4556726180078], [393.9127443888619, 764.3103983740749], [393.88724606008856, 764.2931655414709], [396.95846569892694, 764.5628177131114], [397.751811376864, 764.743928916962], [397.76598826361385, 764.8157931214749], [391.8116796051296, 765.3633479629424], [391.5801965645216, 765.157133403262], [391.53154384715305, 765.0475213382788]]]}, "properties": {"OBJECTID_12": 36, "SETTLEMENT": "18013", "SETTL_NAME": "Cobh", "EAST": 578951.647439, "NORTH": 566760.523847, "GUID": "5A3F79DC-304E-4E92-98BE-C9634475579E"}}, {"type": "Feature", "id": 37, "geometry": {"type": "Polygon", "coordinates": [[[523.2467659863914, 594.749474527766], [523.8582811200864, 594.7874493583804], [523.833075387409, 594.8229213990764], [523.9268821389835, 594.9317606223543], [524.2015231963477, 594.9922336491878], [524.9405682818166, 595.1699487120537], [526.2036873029654, 595.4871608560055], [525.8290789388939, 595.5852138273817], [525.7514981218261, 595.5704350529827], [524.2073053077387, 595.6026579231045], [524.0506840708246, 595.6248274937216], [522.9336023595808, 595.7499562788612], [523.2467659863914, 594.749474527766]]]}, "properties": {"OBJECTID_12": 37, "SETTLEMENT": "32015", "SETTL_NAME": "Cootehill", "EAST": 659753.339932, "NORTH": 814113.067165, "GUID": "41EF37D9-6799-438F-BFD0-0347C6186A99"}}, {"type": "Feature", "id": 38, "geometry": {"type": "Polygon", "coordinates": [[[604.9427284165099, 621.8394302390931], [607.6673895773856, 622.8790497767131], [607.9527755506144, 624.2692756319324], [606.8917296852544, 624.8966619036742], [602.0840381980619, 624.4645653618368], [598.2213515005632, 622.5558461281692], [599.7941057122613, 622.8353217684919], [600.8751332778677, 622.5711217695035], [601.2889313582571, 622.2801774065999], [601.4566117581376, 622.255247785888], [602.683279416527, 621.9981892893613], [603.2733683922102, 622.0974480582898], [604.9427284165099, 621.8394302390931]]]}, "properties": {"OBJECTID_12": 38, "SETTLEMENT": "35009", "SETTL_NAME": "Drogheda", "EAST": 709146.383479, "NORTH": 775156.841223, "GUID": "3322F7F8-96A1-450C-9703-23C4EDADFD3A"}}, {"type": "Feature", "id": 39, "geometry": {"type": "Polygon", "coordinates": [[[555.9592107021056, 663.1303354893344], [555.6821119145835, 665.1238511297946], [553.4685288003947, 666.1078417065868], [553.4945547625131, 665.8516042728252], [553.3954567089088, 665.7538240432917], [552.6971520154634, 665.1891530782802], [553.7965476869376, 663.5301208599313], [553.4879765680032, 663.3151451259392], [553.2140072878497, 663.3214057863404], [553.7062014321109, 663.2416352580119], [553.830740429168, 663.4013894023649], [553.9570363464225, 663.3896299680475], [555.9592107021056, 663.1303354893344]]]}, "properties": {"OBJECTID_12": 39, "SETTLEMENT": "06019", "SETTL_NAME": "Droichead Nua (Newbridge)", "EAST": 680073.68859, "NORTH": 714732.900831, "GUID": "2889394B-4214-40C5-8C5E-BAEF2BE2BCA9"}}, {"type": "Feature", "id": 40, "geometry": {"type": "Polygon", "coordinates": [[[594.7003773333984, 599.1648263402258], [598.8479904862282, 599.3385944256992], [597.8397570263286, 600.1399565675132], [602.7972283515946, 600.3925960295571], [601.4887701566635, 603.5016363883234], [595.5192421602891, 603.9881487238488], [596.2846303396501, 603.141276417966], [596.8950040212021, 602.5214726534548], [597.1088895032277, 602.4626024304729], [594.501073475825, 602.1488678745873], [593.8662290096171, 601.9512494028553], [593.8620238487339, 600.1361592839204], [594.7003773333984, 599.1648263402258]]]}, "properties": {"OBJECTID_12": 40, "SETTLEMENT": "10008", "SETTL_NAME": "Dundalk", "EAST": 705212.877574, "NORTH": 806026.769262, "GUID": "91DBC922-801B-421B-9D74-C2381BC684EC"}}, {"type": "Feature", "id": 41, "geometry": {"type": "Polygon", "coordinates": [[[528.7141896790987, 651.5815370570051], [527.8120397887467, 652.580514928826], [526.0881961089707, 653.0939521066117], [526.0246372963829, 653.1586508203952], [525.9026390116213, 653.1721222128836], [525.3752007190261, 652.9326343861735], [525.5682299808598, 652.8105581076627], [525.444004444784, 652.5988274640052], [525.1728686695509, 652.2471665693539], [526.904329946544, 652.1336555786129], [527.3237669861003, 651.5092077215636], [528.3968458352672, 651.537511379625], [528.7141896790987, 651.5815370570051]]]}, "properties": {"OBJECTID_12": 41, "SETTLEMENT": "12012", "SETTL_NAME": "Edenderry", "EAST": 662700.848598, "NORTH": 732648.620339, "GUID": "C601C623-78A3-4A04-A82A-064EFB055792"}}, {"type": "Feature", "id": 42, "geometry": {"type": "Polygon", "coordinates": [[[323.5276839898933, 686.7257682561127], [323.7437248966848, 687.1066536702962], [324.8907239803616, 687.4691115293991], [325.2010411024224, 689.0396079300821], [324.60016672510505, 690.6593601811944], [322.92826596368, 692.7307070346066], [322.896960962992, 692.557658280886], [319.13215373143896, 691.9090373748559], [319.06613991688215, 689.9640804874032], [317.79482099640535, 690.3275344074049], [319.0275109819072, 689.0392214359231], [323.4112204839371, 687.3596954462838], [323.5276839898933, 686.7257682561127]]]}, "properties": {"OBJECTID_12": 42, "SETTLEMENT": "16004", "SETTL_NAME": "Ennis", "EAST": 533907.276826, "NORTH": 677488.528774, "GUID": "3CC0C007-2D95-4666-9E4E-ED7FA9A3AF5E"}}, {"type": "Feature", "id": 43, "geometry": {"type": "Polygon", "coordinates": [[[580.2012480558336, 714.5502631954911], [582.0069960238784, 716.3173767482091], [579.1416632530891, 717.3544143030464], [577.1931680414453, 716.3463205985361], [575.5924825203957, 715.2608071585807], [575.6820835063701, 715.2211449188684], [575.6665618804416, 715.1001376473482], [575.5431577982304, 714.9515835452328], [575.8090734916736, 714.9778579025359], [576.3045144774677, 714.9166653820912], [578.509325601248, 715.0955458700191], [578.7051954964917, 715.0133603952379], [580.2012480558336, 714.5502631954911]]]}, "properties": {"OBJECTID_12": 43, "SETTLEMENT": "14001", "SETTL_NAME": "Enniscorthy", "EAST": 697112.171441, "NORTH": 640059.365196, "GUID": "C35B462C-4895-4791-82D1-ACB3CFADF19E"}}, {"type": "Feature", "id": 44, "geometry": {"type": "Polygon", "coordinates": [[[398.2536698041664, 744.0449369229738], [398.5484653845963, 744.1465850242606], [398.0219300761941, 744.0495373848341], [397.6310477349515, 744.0476283267479], [397.3216411540267, 744.1783302938992], [394.8023703928256, 744.0640291855347], [395.0715250666592, 743.4668818309448], [395.4694987648971, 743.0917858902327], [396.4668647204629, 742.7637170039131], [397.6238501170208, 742.61134430638], [397.7120620238101, 742.7518340654818], [398.1141610992277, 743.727206358548], [398.2536698041664, 744.0449369229738]]]}, "properties": {"OBJECTID_12": 44, "SETTLEMENT": "18026", "SETTL_NAME": "Fermoy", "EAST": 580759.087407, "NORTH": 598573.279087, "GUID": "B7F4E0CB-EBD5-4CF5-A2AB-64BCD05AF5A9"}}, {"type": "Feature", "id": 45, "geometry": {"type": "Polygon", "coordinates": [[[609.6681102764128, 702.3857107877678], [610.381805069216, 702.2153630657552], [610.8586264186741, 702.4182768072718], [610.3849550514944, 703.2642833104654], [608.3824752583744, 703.7915165252352], [608.0556046867168, 703.8888767631231], [608.1452172008811, 703.7963456478722], [607.1887488871648, 703.8931269853824], [605.6843027390165, 703.3854993558315], [608.2655166824384, 702.4663559252322], [609.6014359395872, 702.0281185301767], [609.4701655272352, 702.3326891978279], [609.6681102764128, 702.3857107877678]]]}, "properties": {"OBJECTID_12": 45, "SETTLEMENT": "14011", "SETTL_NAME": "Gorey", "EAST": 715426.114066, "NORTH": 659769.184581, "GUID": "B0B0FE43-FB42-4A36-AAFC-D0903B083CEE"}}, {"type": "Feature", "id": 46, "geometry": {"type": "Polygon", "coordinates": [[[631.582513212881, 666.1528117308734], [633.6503573315979, 667.155531647181], [633.5049005487402, 668.6072487100281], [633.5314070761077, 668.74936251553], [632.8626944602912, 669.3255412468397], [631.5143006710731, 669.035293070492], [630.472135600528, 668.6283464892937], [629.9443492850827, 668.6056927375179], [629.5208569186582, 668.6611649048564], [629.3569834385974, 668.5060479884145], [630.8740088349099, 666.4189379543985], [631.444846956608, 665.9845999353164], [631.582513212881, 666.1528117308734]]]}, "properties": {"OBJECTID_12": 46, "SETTLEMENT": "15006", "SETTL_NAME": "Greystones-Delgany", "EAST": 728673.574462, "NORTH": 711450.97831, "GUID": "45D90FFE-CD64-4CAC-9711-A55FDFAE2B95"}}, {"type": "Feature", "id": 47, "geometry": {"type": "Polygon", "coordinates": [[[506.78554507097067, 702.938353715359], [510.1663322075008, 705.605422887293], [508.5046071141227, 706.1051042907593], [506.4573317094848, 706.4070673297666], [506.1967914320757, 706.1217564407065], [505.7667284445696, 706.0015024620476], [505.1652923506347, 705.9528241054094], [504.2194379530912, 706.0225137649489], [505.0564749442037, 704.1326901987389], [504.60438407477227, 703.5657651169605], [504.17403104129704, 703.3841953433795], [504.9681682376789, 702.986868049561], [506.78554507097067, 702.938353715359]]]}, "properties": {"OBJECTID_12": 47, "SETTLEMENT": "07009", "SETTL_NAME": "Kilkenny", "EAST": 650880.516565, "NORTH": 656101.320138, "GUID": "82A1BB79-02A9-47E6-84D0-467FE8C8A31E"}}, {"type": "Feature", "id": 48, "geometry": {"type": "Polygon", "coordinates": [[[269.07146544971414, 705.275748306396], [269.53695888451733, 705.3226429418772], [269.7789799147371, 705.4145404319861], [269.92886190525013, 705.754223517498], [268.7196336518763, 706.094340580579], [268.513028665568, 706.42590273333], [268.3251364529419, 706.3668848624815], [266.9378276191765, 706.6486810848901], [266.51199879331733, 706.2176534449866], [266.1897776895904, 705.1929511252905], [266.263785465184, 705.1366173669854], [268.8986422069835, 705.1839635876406], [269.07146544971414, 705.275748306396]]]}, "properties": {"OBJECTID_12": 48, "SETTLEMENT": "16012", "SETTL_NAME": "Kilrush", "EAST": 499320.672863, "NORTH": 655273.12327, "GUID": "9D88E4DD-200E-4316-B853-0BA00DFDC941"}}, {"type": "Feature", "id": 49, "geometry": {"type": "Polygon", "coordinates": [[[371.83422662411624, 775.1728652219684], [373.40577572325975, 775.7820126602546], [374.43172790722986, 776.2192336311795], [372.9155428441973, 776.3048989796278], [372.48228096174824, 776.0151857066614], [372.2213722633792, 775.9740815439957], [371.92574210872107, 775.9948189601655], [371.64269840395735, 776.1610305256565], [369.68347766011095, 776.6841886240923], [369.5054443222336, 776.5831772401101], [369.42850109290987, 776.4747894192091], [369.77573718108584, 776.1344672952132], [371.83422662411624, 775.1728652219684]]]}, "properties": {"OBJECTID_12": 49, "SETTLEMENT": "18043", "SETTL_NAME": "Kinsale", "EAST": 564057.099447, "NORTH": 550338.699663, "GUID": "27262067-19D0-4988-81D7-8694FDD7B172"}}, {"type": "Feature", "id": 50, "geometry": {"type": "Polygon", "coordinates": [[[588.3371979107179, 650.5298531197293], [585.290858853313, 650.5839455255351], [583.7747168303093, 650.7951380105218], [583.8780132956182, 650.3484091777151], [584.41150241104, 650.2791241474445], [584.55710887992, 650.043264874311], [584.5286885665803, 649.9956497692423], [584.7883244011466, 649.3491772358389], [586.0626321768267, 649.7226615024467], [588.4376122162518, 650.3850930718653], [588.7285302224554, 650.4129305279222], [588.8156335019946, 650.5200930321623], [588.3371979107179, 650.5298531197293]]]}, "properties": {"OBJECTID_12": 50, "SETTLEMENT": "06010", "SETTL_NAME": "Leixlip", "EAST": 699490.32219, "NORTH": 736462.787648, "GUID": "73F6F9F7-B82C-4112-9964-BD214D09DE7E"}}, {"type": "Feature", "id": 51, "geometry": {"type": "Polygon", "coordinates": [[[434.05997620769705, 743.3359136268501], [434.01191918428907, 743.4116258283651], [435.00901594116056, 743.6370834716497], [434.8159422638944, 743.8486358849855], [434.7974332438368, 744.0853484779901], [433.7304873856427, 744.0777228043536], [433.20111375813656, 743.9374036204401], [433.6615590285984, 743.4974911826446], [433.5185921340117, 743.5125745245567], [433.4734269746176, 743.4641035535066], [433.78903966636267, 743.3513061371199], [433.80064410411734, 743.3215916723301], [434.05997620769705, 743.3359136268501]]]}, "properties": {"OBJECTID_12": 51, "SETTLEMENT": "25010", "SETTL_NAME": "Lismore", "EAST": 604748.028901, "NORTH": 598141.331814, "GUID": "7F6D57F8-EC53-4B64-9E33-DB62B7416249"}}, {"type": "Feature", "id": 52, "geometry": {"type": "Polygon", "coordinates": [[[268.0380660294443, 719.6859311243472], [268.20098392050346, 719.8426543062285], [269.83296713644586, 719.5736182007953], [271.2974753156565, 720.4660713563878], [266.78878819296744, 720.5028803381066], [266.5092072706208, 720.1032465194621], [266.4715339661152, 720.0514043074953], [264.59051728391574, 719.495828414154], [265.64068985171093, 719.4435847962825], [267.2317467365515, 719.5209346419758], [267.76815096756695, 719.0664965013138], [268.26170104427734, 719.398833815733], [268.0380660294443, 719.6859311243472]]]}, "properties": {"OBJECTID_12": 52, "SETTLEMENT": "19017", "SETTL_NAME": "Listowel", "EAST": 498956.69759, "NORTH": 634299.477627, "GUID": "411BD3A1-0962-4D60-A592-1213DAFC0478"}}, {"type": "Feature", "id": 53, "geometry": {"type": "Polygon", "coordinates": [[[448.45346580114665, 621.2026936063963], [451.9472372300501, 622.6788085155606], [449.6910674523957, 622.7973136188115], [449.63639525556374, 622.8974674310216], [449.88449883863893, 623.3256897649806], [449.08309461048214, 623.0801299856587], [447.0476960577259, 622.6875192543129], [446.7638516980981, 622.4658722197361], [447.0137532949483, 621.5249879180748], [447.13313349956695, 621.3997234366685], [447.2175137602549, 621.0545634853387], [447.42848792671253, 620.8494490031987], [448.45346580114665, 621.2026936063963]]]}, "properties": {"OBJECTID_12": 53, "SETTLEMENT": "09005", "SETTL_NAME": "Longford", "EAST": 613710.861638, "NORTH": 775696.490447, "GUID": "B6928243-67FB-4B00-96C3-9881FCB67058"}}, {"type": "Feature", "id": 54, "geometry": {"type": "Polygon", "coordinates": [[[366.0186268296928, 662.4533542729537], [368.10693606295575, 662.9343485973855], [367.5411819703627, 663.1022451913942], [367.60781254080536, 663.5500772633177], [368.03052293407467, 663.5935976337107], [368.021917603632, 663.6315549505288], [367.6033766305899, 663.5853325458074], [367.353842364224, 663.635334218992], [366.76531369885015, 663.8297268859071], [365.68766333042987, 663.2726278194231], [363.46995188471254, 663.035807044952], [363.3118678377856, 662.7775632972545], [366.0186268296928, 662.4533542729537]]]}, "properties": {"OBJECTID_12": 54, "SETTLEMENT": "27014", "SETTL_NAME": "Loughrea", "EAST": 561918.788034, "NORTH": 716850.262274, "GUID": "96D5759E-92C9-4DD0-915E-FBE7B0E8CB48"}}, {"type": "Feature", "id": 55, "geometry": {"type": "Polygon", "coordinates": [[[322.3558699525365, 760.3368876653836], [322.61844030432536, 760.4385848400202], [324.1475217586304, 760.4802491543027], [325.3602051226869, 761.1753017627922], [324.3694548532011, 761.2730560147071], [324.3166992236512, 761.4633451412195], [324.16649354481814, 761.4828360998546], [323.90772546863576, 761.1822945890092], [323.77542612540054, 761.1363889560021], [320.100181678432, 760.6893352867853], [320.14389988253015, 760.645444419406], [321.6857424777291, 760.4795613381575], [322.3558699525365, 760.3368876653836]]]}, "properties": {"OBJECTID_12": 55, "SETTLEMENT": "18047", "SETTL_NAME": "Macroom", "EAST": 533278.852899, "NORTH": 573165.309818, "GUID": "4162E05C-9BB1-4545-83B7-6734F35C748E"}}, {"type": "Feature", "id": 56, "geometry": {"type": "Polygon", "coordinates": [[[359.5512329325472, 742.8158095587713], [359.02179984690986, 743.1950016794108], [359.9372439416864, 744.5304440126168], [359.3604555699104, 744.6695570160643], [356.4340226569717, 744.7756899665593], [356.37009327760745, 744.9822460066044], [355.7032465834464, 744.7909647631008], [355.67025783799255, 743.7734569703796], [355.94212993110295, 743.2714844028558], [356.2866216815232, 743.1376645055858], [356.3433384346496, 742.9741112127356], [357.31144726163734, 743.0461777556823], [359.5512329325472, 742.8158095587713]]]}, "properties": {"OBJECTID_12": 56, "SETTLEMENT": "18051", "SETTL_NAME": "Mallow", "EAST": 555931.555321, "NORTH": 598270.619713, "GUID": "C6AA9590-4F5A-44DD-B389-03DB053DC7D3"}}, {"type": "Feature", "id": 57, "geometry": {"type": "Polygon", "coordinates": [[[406.8305665336544, 758.899765825345], [407.49387357016855, 758.9523006688413], [407.35283368403947, 759.0516292518281], [407.38714434140695, 759.1918834499451], [410.24109124034027, 760.4995349025811], [409.9102096131307, 761.4487730771878], [409.7081151871744, 761.5107366187954], [409.4920383837984, 761.9980483764667], [408.9992656978944, 762.1273690979153], [408.1401356428277, 761.7087555586614], [406.3727333234016, 759.3961281050537], [406.3084155693973, 759.207960399431], [406.8305665336544, 758.899765825345]]]}, "properties": {"OBJECTID_12": 57, "SETTLEMENT": "18059", "SETTL_NAME": "Midleton", "EAST": 588140.763414, "NORTH": 573431.62085, "GUID": "DB95DE88-B4C8-4C8B-9DE5-5213A4C7F4F8"}}, {"type": "Feature", "id": 58, "geometry": {"type": "Polygon", "coordinates": [[[537.2620326022677, 580.2732097425921], [539.3917154976426, 582.1326133862867], [537.5405070329376, 582.0642944311552], [537.4067884747562, 582.1188057205874], [537.3839631369088, 582.2473235543225], [537.348117661551, 582.8022667722076], [536.1774940969909, 582.573277189013], [534.6946741872832, 582.5545786268724], [534.6142663401888, 581.4985684700093], [536.875062531153, 580.5458403199916], [536.7076051550997, 580.4934758569979], [536.7446637016128, 580.2893047223599], [537.2620326022677, 580.2732097425921]]]}, "properties": {"OBJECTID_12": 58, "SETTLEMENT": "34008", "SETTL_NAME": "Monaghan", "EAST": 667262.025088, "NORTH": 833583.322235, "GUID": "A835224B-B92B-4F96-BCA4-0A548751442B"}}, {"type": "Feature", "id": 59, "geometry": {"type": "Polygon", "coordinates": [[[498.0410341159648, 668.7683423351821], [499.7722471858624, 669.3743839054398], [499.6293569728853, 669.5458603447571], [499.8043693719125, 669.8076711383793], [500.3340302478304, 670.1041079966755], [500.0525714396992, 670.2071905035218], [498.15649970561174, 670.2292378160187], [498.09757406876054, 669.9013882987563], [498.1396651956853, 669.7093007862524], [496.8087976350603, 669.6673565316676], [496.90302257130134, 669.4204754282567], [496.8569959650901, 669.166531747506], [498.0410341159648, 668.7683423351821]]]}, "properties": {"OBJECTID_12": 59, "SETTLEMENT": "08009", "SETTL_NAME": "Mountmellick", "EAST": 645162.179616, "NORTH": 707552.653727, "GUID": "ABECA2E4-3ABF-462A-B8E2-C20AB907A725"}}, {"type": "Feature", "id": 60, "geometry": {"type": "Polygon", "coordinates": [[[539.675977492944, 700.8672928910601], [539.7035619396672, 700.904462880932], [539.8930590515531, 701.1632356190946], [539.619570088945, 701.3175022630302], [539.2713628376085, 701.2909457055349], [537.7241673508139, 701.696438306362], [537.7470965117707, 702.0576117355706], [536.5466619659734, 702.1910148511904], [536.5031202205088, 702.169920783057], [536.394104146016, 702.0336564278747], [536.0952376285098, 701.882513341083], [538.0575160575776, 700.8946363787445], [539.675977492944, 700.8672928910601]]]}, "properties": {"OBJECTID_12": 60, "SETTLEMENT": "01008", "SETTL_NAME": "Muinebeag (Bagenalstown)", "EAST": 670076.167031, "NORTH": 661233.266146, "GUID": "77E92BE3-01A5-4971-B998-1EB573499F83"}}, {"type": "Feature", "id": 61, "geometry": {"type": "Polygon", "coordinates": [[[496.7557355013792, 636.4017159443815], [499.6910221105312, 637.1161219051002], [501.5817869901013, 638.1865873113677], [500.92633620687144, 638.5518407914989], [500.1188963414432, 638.5541747813877], [498.2406334930144, 639.0142656580587], [497.5085772535808, 639.6124137736873], [497.145491860656, 639.6046728114834], [493.0092454893152, 638.823955381803], [491.9189881266144, 638.5940247632564], [491.9336416227968, 638.5270621633083], [494.83380721610024, 637.2799510208746], [496.7557355013792, 636.4017159443815]]]}, "properties": {"OBJECTID_12": 61, "SETTLEMENT": "13011", "SETTL_NAME": "Mullingar", "EAST": 643668.345924, "NORTH": 752963.027792, "GUID": "C420F389-882E-4889-A6B1-0B18D946B040"}}, {"type": "Feature", "id": 62, "geometry": {"type": "Polygon", "coordinates": [[[567.4441078182059, 626.9493654535747], [570.6581321376075, 627.1105360869053], [571.0164310621536, 629.1340829922716], [566.7480509878677, 629.70054225136], [566.096579207345, 630.0774656937164], [563.5822977331574, 629.7417263808705], [563.9617962725547, 629.621529611148], [563.9738521295424, 629.0121666934731], [564.1187353374997, 628.9035609863348], [564.4098278542858, 628.5688948387765], [564.7519150760917, 628.2890867324659], [566.2669987205909, 626.9758714504271], [567.4441078182059, 626.9493654535747]]]}, "properties": {"OBJECTID_12": 62, "SETTLEMENT": "11016", "SETTL_NAME": "An Uaimh (Navan)", "EAST": 687308.488194, "NORTH": 767261.034252, "GUID": "B92C48CA-4722-499A-9F93-29015C461C3F"}}, {"type": "Feature", "id": 63, "geometry": {"type": "Polygon", "coordinates": [[[405.33008286221974, 687.9653710360437], [407.0517968126741, 689.0633712181055], [405.30654363973866, 689.3399380005893], [404.8217384597472, 689.5207899307075], [404.78937026083736, 689.5888480962856], [405.03613710343575, 689.8125318804921], [404.51093898172905, 689.9182095523059], [404.4836539959648, 689.2410525438331], [403.1509663505344, 689.222740273009], [402.77199520274775, 688.374503844517], [402.38606667783256, 688.0665100728227], [404.97550672271893, 687.7262621611803], [405.33008286221974, 687.9653710360437]]]}, "properties": {"OBJECTID_12": 63, "SETTLEMENT": "22003", "SETTL_NAME": "Nenagh", "EAST": 586274.948594, "NORTH": 679228.744569, "GUID": "EC0BF1F2-383B-4F19-8954-BAF0D598D388"}}, {"type": "Feature", "id": 64, "geometry": {"type": "Polygon", "coordinates": [[[541.8205851899542, 723.9015576816093], [541.5298943650976, 724.1358125048746], [541.3708487874869, 724.5490850572583], [539.663636354257, 725.3986266389444], [539.6500502052928, 725.7521556237072], [538.7211584712128, 724.9468868340705], [536.8645803647179, 724.3370662966495], [539.1860430771072, 723.8863911894375], [539.5540505372342, 723.7853247311691], [539.3923686566859, 722.9051388188893], [540.5422622416086, 723.3101877666334], [541.3416942192747, 723.823353206544], [541.8205851899542, 723.9015576816093]]]}, "properties": {"OBJECTID_12": 64, "SETTLEMENT": "35008", "SETTL_NAME": "New Ross", "EAST": 672093.943199, "NORTH": 627577.562948, "GUID": "F34CC57F-F8F6-4373-A030-F6DE176292FC"}}, {"type": "Feature", "id": 65, "geometry": {"type": "Polygon", "coordinates": [[[391.5709151345888, 764.3621909567432], [391.3462977361515, 765.5378233114704], [389.30668938237227, 765.9523768798409], [388.38745943581864, 765.8910212816944], [390.1370617305579, 764.9392997784335], [390.62076889549974, 764.709738237625], [390.55205222071146, 764.386069055447], [389.0384196668192, 763.4661862122805], [389.24848284341334, 762.7453293983988], [390.0762578960043, 762.8866975957227], [391.21568636042025, 763.3645784043426], [391.5802037658528, 763.740579805404], [391.5709151345888, 764.3621909567432]]]}, "properties": {"OBJECTID_12": 65, "SETTLEMENT": "18019", "SETTL_NAME": "Passage West", "EAST": 576478.734741, "NORTH": 567508.76576, "GUID": "05B331AE-0366-43ED-AFBC-EB8F0D5817AF"}}, {"type": "Feature", "id": 66, "geometry": {"type": "Polygon", "coordinates": [[[506.3262674570656, 674.9645358409633], [505.84912070439253, 675.224875156403], [505.0990197267029, 675.4296695983168], [504.8566992761664, 675.6059213197585], [504.70224581228905, 676.0249592074396], [504.90604962778775, 676.0136517353978], [502.96340269220696, 676.3072365305655], [501.30428085765016, 676.7673741207057], [500.8898860726549, 676.5467058522369], [498.8020759006901, 676.5690387305319], [498.2091719996779, 675.7900402734996], [498.49647593560104, 675.2625823984347], [506.3262674570656, 674.9645358409633]]]}, "properties": {"OBJECTID_12": 66, "SETTLEMENT": "08012", "SETTL_NAME": "Portlaoise (formerly Maryborough)", "EAST": 647281.321656, "NORTH": 698709.998806, "GUID": "422C2DA6-95BE-4B53-82AF-DDDA3C6BCBA7"}}, {"type": "Feature", "id": 67, "geometry": {"type": "Polygon", "coordinates": [[[335.52829715042344, 700.7365076709258], [333.90447289223255, 701.7216824743168], [333.4867364004576, 701.4721211767361], [332.9229654336832, 701.4938380103891], [331.9573807004, 701.6533176062227], [331.92168219127785, 701.6895734423413], [331.4933004549355, 701.4235214970837], [331.24602136764054, 701.4183537173936], [330.6380619384075, 701.336963210373], [333.1873757521461, 699.3644594097559], [333.4889090753131, 699.2137832017589], [335.7237632355264, 699.817760331782], [335.52829715042344, 700.7365076709258]]]}, "properties": {"OBJECTID_12": 67, "SETTLEMENT": "16006", "SETTL_NAME": "Shannon", "EAST": 541033.593305, "NORTH": 662309.207061, "GUID": "EC68A874-230F-4765-80DC-3BD08D892740"}}, {"type": "Feature", "id": 68, "geometry": {"type": "Polygon", "coordinates": [[[291.87675838929067, 786.7353042785049], [292.7681254800597, 787.4333586430142], [292.0721391837013, 787.7123444857262], [291.2014019747435, 788.2875430087868], [291.14324271024, 788.4602546527575], [290.0996277379851, 788.2060151506295], [290.1405404405856, 787.9359900916717], [290.81290439336425, 787.7688972855295], [290.6539400784576, 787.5025854546672], [290.4757487929856, 787.3718911744177], [289.8590142485248, 787.420042599026], [291.2654921199509, 786.672552493172], [291.87675838929067, 786.7353042785049]]]}, "properties": {"OBJECTID_12": 68, "SETTLEMENT": "18072", "SETTL_NAME": "Skibbereen", "EAST": 511973.324873, "NORTH": 533611.303719, "GUID": "27C379BF-FE3A-4AEA-AB84-BA7CFB57193D"}}, {"type": "Feature", "id": 69, "geometry": {"type": "Polygon", "coordinates": [[[444.7535780930507, 693.0586148382666], [445.43326653808106, 693.38665394322], [446.51226254059947, 693.6842965430229], [445.77641350002665, 693.8334135584672], [445.6027451462443, 693.9582845101824], [444.04541676169384, 694.4580460151301], [443.27941328904853, 694.3984703726783], [443.8524055961184, 693.9016240809301], [444.23391793377175, 693.6030681849624], [444.5014801726869, 693.5015292704859], [444.57654927234347, 693.4183547074263], [444.52174486647573, 693.0565718404335], [444.7535780930507, 693.0586148382666]]]}, "properties": {"OBJECTID_12": 69, "SETTLEMENT": "22010", "SETTL_NAME": "Templemore", "EAST": 611360.008008, "NORTH": 671716.962475, "GUID": "DA325D3A-578F-4EF3-9CEE-816AF8E3B67F"}}, {"type": "Feature", "id": 70, "geometry": {"type": "Polygon", "coordinates": [[[446.7627940469557, 701.8079003010007], [447.5926485186624, 702.0533434795616], [449.3886442686848, 702.2446097571429], [447.8823014762411, 703.0853949396472], [447.4019368570976, 703.2070434937541], [445.98906264783574, 703.5392108389598], [445.58487278301976, 704.5873099021891], [444.2713919659467, 704.2874100637731], [444.87096862559787, 702.1208444801814], [445.43374785528425, 702.0870294798285], [446.3275604670891, 701.8969462401868], [446.60310255773226, 701.7940368254867], [446.7627940469557, 701.8079003010007]]]}, "properties": {"OBJECTID_12": 70, "SETTLEMENT": "22011", "SETTL_NAME": "Thurles", "EAST": 612610.189186, "NORTH": 658496.388627, "GUID": "16A07C17-9584-4501-819B-424FF65A1B7D"}}, {"type": "Feature", "id": 71, "geometry": {"type": "Polygon", "coordinates": [[[411.62857405702186, 717.2380789676475], [411.66058060933653, 717.9624998842103], [411.8276413717621, 718.0785604215599], [411.57467561565545, 718.3412461886127], [411.0206522751349, 718.637522141658], [410.37262613113387, 718.8898330642453], [408.8237624937728, 719.0292790976564], [408.69972757349865, 718.9594577015513], [408.2445842900736, 718.5155920820101], [408.1806938913568, 718.4289161414865], [411.13540113302827, 717.1668973255772], [411.3091238637525, 717.1434854692826], [411.62857405702186, 717.2380789676475]]]}, "properties": {"OBJECTID_12": 71, "SETTLEMENT": "23015", "SETTL_NAME": "Tipperary", "EAST": 589362.907844, "NORTH": 636025.442639, "GUID": "790477EC-8DF6-4709-B601-1A3BC805266E"}}, {"type": "Feature", "id": 72, "geometry": {"type": "Polygon", "coordinates": [[[248.9334788681056, 731.849843473167], [248.5623294691936, 733.7074221819038], [248.4663302478272, 733.8938616371853], [248.82203254370026, 734.27720222061], [246.9091884932192, 735.0418813152445], [246.07703748418987, 735.2715797287628], [241.00751652570347, 734.7137989405315], [241.2776186672768, 734.1933135764701], [241.14906415982932, 734.0167858582357], [240.36801333188373, 733.7955077424368], [242.4626303105568, 733.2163905683626], [241.99694513750185, 732.3827574498332], [248.9334788681056, 731.849843473167]]]}, "properties": {"OBJECTID_12": 72, "SETTLEMENT": "19025", "SETTL_NAME": "Tralee", "EAST": 483737.764865, "NORTH": 614552.149236, "GUID": "06A0DC19-D11E-45BB-948F-04B7201C353A"}}, {"type": "Feature", "id": 73, "geometry": {"type": "Polygon", "coordinates": [[[517.0999500578805, 740.5187987678152], [518.7364223801461, 740.7184139773497], [518.7846386328395, 740.7824543788598], [518.6387253701813, 740.792239288837], [518.6807631060778, 741.9611739333488], [518.6279799011722, 742.1167459283889], [516.3418935094603, 742.5132366578483], [515.4587771092704, 742.9698207648617], [515.2587178988832, 743.0204835051925], [514.9231254841611, 742.9582668051297], [514.6152505329675, 742.4000093290421], [515.0928360427563, 741.8879926632675], [517.0999500578805, 740.5187987678152]]]}, "properties": {"OBJECTID_12": 73, "SETTLEMENT": "25015", "SETTL_NAME": "Tramore", "EAST": 657840.693621, "NORTH": 601574.890282, "GUID": "83A2C457-D3C2-4CA3-8235-DFBA65EE147D"}}, {"type": "Feature", "id": 74, "geometry": {"type": "Polygon", "coordinates": [[[555.2686594857611, 634.8034476334985], [557.8121422275925, 635.1422453773935], [558.0111158253067, 635.2630152675513], [558.9070839469472, 635.7671250998254], [558.5959355521867, 636.2744334222056], [558.0523689685002, 636.320787879952], [557.0734663497622, 636.3035679457518], [554.9879755741674, 636.4576352508847], [554.6729160205408, 636.377855956768], [554.0339055524385, 635.8933977609581], [553.9350787960512, 635.6983180202772], [554.2369490163786, 634.7403087633425], [555.2686594857611, 634.8034476334985]]]}, "properties": {"OBJECTID_12": 74, "SETTLEMENT": "11021", "SETTL_NAME": "Trim", "EAST": 680397.894176, "NORTH": 756915.56273, "GUID": "D014BB52-2562-4D71-BC8A-520B87E14024"}}, {"type": "Feature", "id": 75, "geometry": {"type": "Polygon", "coordinates": [[[338.05234117783465, 638.2395330633691], [336.95469401361066, 638.9111118507575], [336.4523036913461, 639.4974951506777], [335.01678264341973, 639.4510432524054], [334.39401255077973, 639.3378250884659], [333.9282798007371, 639.4946126384943], [333.4450966037536, 638.8365421499719], [333.17265287186666, 638.432273830368], [334.2957852862315, 638.1954874484431], [335.1607958920981, 637.7587085330414], [336.2859847923168, 637.4089094536217], [337.50179279861015, 637.9247351029661], [338.05234117783465, 638.2395330633691]]]}, "properties": {"OBJECTID_12": 75, "SETTLEMENT": "27028", "SETTL_NAME": "Tuam", "EAST": 543444.945426, "NORTH": 752283.825692, "GUID": "D9B3E401-47A7-4414-B708-27922B4A1B38"}}, {"type": "Feature", "id": 76, "geometry": {"type": "Polygon", "coordinates": [[[481.08601199626025, 655.665977309241], [481.5861395678784, 656.2611360325346], [480.3713796327648, 659.0746627946115], [478.91955874151785, 658.1959011468824], [478.8577037573408, 657.910074781502], [479.0270874315168, 657.7648581038044], [479.1630893691573, 657.4591865400819], [479.20294744303254, 657.2170446681889], [477.5376408501973, 656.2324343010438], [479.1743503763797, 655.8699295072005], [479.35685259788266, 655.730255528937], [480.2235677218368, 655.7428952897455], [481.08601199626025, 655.665977309241]]]}, "properties": {"OBJECTID_12": 76, "SETTLEMENT": "12016", "SETTL_NAME": "Tullamore", "EAST": 633874.933133, "NORTH": 724795.265184, "GUID": "28F89BE4-314D-44FC-B447-F28C0FF6A127"}}, {"type": "Feature", "id": 77, "geometry": {"type": "Polygon", "coordinates": [[[263.6138909935701, 615.8887064703301], [264.72552944206825, 616.0221650101539], [266.71525952777495, 616.3711571113543], [264.80092163161174, 617.696527651083], [264.88628294117973, 617.7592131983886], [264.983028825264, 618.0289586339436], [263.9438111190368, 618.1027289781683], [263.9837594893621, 617.9882652456037], [261.66692357958505, 617.6248304050298], [260.3163804832832, 617.6300751342197], [260.0682360782677, 616.9719579554204], [261.52509619471573, 616.6555448413498], [263.6138909935701, 615.8887064703301]]]}, "properties": {"OBJECTID_12": 77, "SETTLEMENT": "29021", "SETTL_NAME": "Westport", "EAST": 499095.312556, "NORTH": 784100.60228, "GUID": "F51CE578-0E7A-4F4C-9ACF-08BBA5AFCA01"}}, {"type": "Feature", "id": 78, "geometry": {"type": "Polygon", "coordinates": [[[589.892187509008, 727.5067074787279], [591.299482935328, 727.4041864450273], [591.7138726022752, 727.5114978104302], [592.0480189715968, 729.0400874220882], [586.0819448140288, 729.4397547079604], [586.1627338641792, 729.4126961875429], [588.4198593449643, 726.8540473736965], [589.1028397375968, 726.7814929115349], [589.5309016269589, 726.8390887049791], [589.7038339901632, 727.030387492817], [589.6048584500342, 727.3538210948714], [589.6609206227936, 727.4449577704878], [589.892187509008, 727.5067074787279]]]}, "properties": {"OBJECTID_12": 78, "SETTLEMENT": "14018", "SETTL_NAME": "Wexford", "EAST": 703681.974902, "NORTH": 621229.416613, "GUID": "5388105E-8A13-4BBC-9984-6D3CA17236EA"}}, {"type": "Feature", "id": 79, "geometry": {"type": "Polygon", "coordinates": [[[635.0546144271755, 679.1723523469834], [637.2461731104651, 680.2736560717619], [638.3399488859947, 680.8522648040826], [636.7820451495542, 680.7895608026988], [636.0265948305686, 680.8238816549981], [635.6721326063595, 680.6680101928584], [635.3464982512597, 680.6030406698532], [633.8245369189035, 680.7895311298378], [633.4127195553622, 681.4893453536793], [632.9894445863797, 679.8745257356125], [632.5138427908139, 679.6051596554549], [632.8010687365877, 679.2063032510288], [635.0546144271755, 679.1723523469834]]]}, "properties": {"OBJECTID_12": 79, "SETTLEMENT": "15010", "SETTL_NAME": "Wicklow", "EAST": 731115.222918, "NORTH": 693609.417133, "GUID": "BCC2E000-E83B-47D1-A290-A897B7FC16DA"}}, {"type": "Feature", "id": 80, "geometry": {"type": "Polygon", "coordinates": [[[440.6654859196917, 756.5234691611695], [443.46363290957225, 758.21060479098], [441.71082523821866, 758.8125475798564], [441.5215497470752, 758.7357282950405], [441.58272517239146, 758.7292769605777], [440.22935057665813, 758.4203715929864], [441.38948533314345, 757.8243093557252], [441.311987729744, 757.7382221801904], [440.4306306436043, 757.5857631558019], [440.7256806199968, 757.0212147996003], [440.8457461415872, 756.9867026539196], [440.8723465053184, 756.8893529582086], [440.6654859196917, 756.5234691611695]]]}, "properties": {"OBJECTID_12": 80, "SETTLEMENT": "18080", "SETTL_NAME": "Youghal", "EAST": 609690.021687, "NORTH": 577559.280021, "GUID": "AD12C42D-9E25-4707-922B-E0594A3D38B9"}}, {"type": "Feature", "id": 81, "geometry": {"type": "Polygon", "coordinates": [[[516.1523883828193, 732.6504984538117], [516.4616613927051, 732.6519684681933], [516.5643662301152, 732.7162235961866], [523.2943746194431, 733.4270667796841], [524.0239894343638, 733.3141601856132], [523.9715050195979, 733.2398606927254], [527.2379772184383, 736.7649173921294], [525.6558407480086, 737.4986567586324], [516.6280515731189, 736.6083296758136], [516.3592459326144, 736.4328476571395], [513.3876840623851, 734.36417719706], [516.0814706078336, 732.580534571585], [516.1523883828193, 732.6504984538117]]]}, "properties": {"OBJECTID_12": 81, "SETTLEMENT": "35004", "SETTL_NAME": "Waterford city and suburbs", "EAST": 660553.027222, "NORTH": 611143.692082, "GUID": "C133497F-81D6-44BA-9A82-1499D92E5428"}}, {"type": "Feature", "id": 82, "geometry": {"type": "Polygon", "coordinates": [[[630.7891064854571, 678.4624544265071], [631.8772878604085, 678.9538199596172], [632.7492637127051, 679.3653913331033], [632.3449863580224, 679.4617800843808], [632.0444553936811, 679.4667430979774], [631.7445563666486, 679.4447299750943], [631.7435886164725, 679.3954988998433], [630.3720999597525, 678.7049098767142], [630.3543665869845, 678.6923171356293], [630.6296634053333, 678.5411432028168], [630.4477479560853, 678.4848566894326], [630.5216558865205, 678.4390002455448], [630.7891064854571, 678.4624544265071]]]}, "properties": {"OBJECTID_12": 82, "SETTLEMENT": "15019", "SETTL_NAME": "Rathnew", "EAST": 728830.510035, "NORTH": 695132.120147, "GUID": "F3836572-AE66-43EA-A2F2-36C909E9DF2E"}}, {"type": "Feature", "id": 83, "geometry": {"type": "Polygon", "coordinates": [[[582.4721001521622, 651.1466533411892], [583.4191268649898, 652.9496920183465], [581.3376531009802, 653.9290567836259], [581.4029506109163, 654.2926972991409], [581.1975395181867, 654.3544430182748], [580.6984391315445, 654.2475749197046], [580.6836521529227, 652.3337252214523], [579.931218780256, 652.110203727815], [580.2185435383178, 651.9163748812763], [580.4720260900917, 651.9876022423595], [580.4656506596672, 651.6335653038105], [580.1590910770261, 651.3123711761774], [582.4721001521622, 651.1466533411892]]]}, "properties": {"OBJECTID_12": 83, "SETTLEMENT": "06007", "SETTL_NAME": "Celbridge", "EAST": 696823.344395, "NORTH": 733052.337154, "GUID": "EF0507DD-0CAD-43DB-8C08-DF907722CBA5"}}, {"type": "Feature", "id": 84, "geometry": {"type": "MultiPolygon", "coordinates": [[[[314.5671340501077, 658.7468347969316], [314.5416053460395, 658.8455497358456], [314.4955366650048, 658.858801196633], [314.4767249772, 658.9144625480255], [314.2464947672352, 658.9338181175837], [314.1528700719776, 658.9272301334057], [314.1562028009141, 658.9144173260214], [314.07893567863147, 658.8322990657397], [314.1628669943872, 658.8218519707309], [314.1497166850197, 658.8762949041957], [314.2478648279413, 658.8307065372794], [314.39252294353173, 658.9138764747061], [314.5671340501077, 658.7468347969316]]], [[[317.5172277062421, 658.4853240258843], [317.2416206319136, 658.4946442488834], [317.2268240535392, 658.5011829055669], [317.3381497553664, 658.5793483898321], [317.4525152640704, 658.602009317123], [317.5436244967307, 658.587003102734], [317.49290871541655, 658.5211485266148], [317.51044008733226, 658.5029642154315], [317.5872602378133, 658.57828506691], [317.58358408477335, 658.6035902857296], [317.42452864531947, 658.619863575908], [317.04444710228904, 658.5529850549858], [317.5172277062421, 658.4853240258843]]], [[[318.97875526345496, 658.327453123794], [318.9452492081323, 658.3294479579575], [318.9263263936725, 658.3225519832268], [318.9178747537781, 658.3031295973628], [318.90333698336104, 658.2833983668306], [318.90346520605544, 658.274904121766], [318.91864000186024, 658.2695310887743], [318.98957524569175, 658.2557809335145], [319.0260565053824, 658.234295073975], [319.1406733134944, 658.1916625483393], [319.1324670682891, 658.242674048868], [318.99817699114135, 658.322469355495], [318.97875526345496, 658.327453123794]]], [[[316.62293124354454, 653.7244803427321], [322.19584655254187, 655.6496467474778], [322.66284215576746, 655.6042717964638], [322.6358591046325, 655.5331757066984], [322.4919224760448, 654.909599937683], [323.1491765805856, 655.4705303917948], [315.52069383642026, 657.5694989846814], [308.3942320203648, 658.9417002297668], [314.2030085300917, 654.1373195794326], [314.260912560288, 654.0911920673306], [314.2182525567168, 654.0740163436535], [315.9572761099243, 654.0601737779741], [316.62293124354454, 653.7244803427321]]]]}, "properties": {"OBJECTID_12": 84, "SETTLEMENT": "35005", "SETTL_NAME": "Galway city and suburbs", "EAST": 530120.88638, "NORTH": 726533.127259, "GUID": "4DB393A8-D39C-4EB9-9320-4B85F38C2A0E"}}, {"type": "Feature", "id": 85, "geometry": {"type": "Polygon", "coordinates": [[[360.61102946485335, 701.1085762536521], [361.9023970691168, 702.7650231513053], [365.8058862697461, 705.2382011951256], [364.4317115157397, 705.5393231960876], [357.03079630998616, 705.5146721925659], [356.7036483802432, 705.297220878536], [356.2151042856, 704.915512385106], [354.9894087605973, 704.6393580291018], [354.13036554645333, 704.3530250172983], [351.6775974093536, 704.247402267525], [352.1890298994645, 703.1244971102143], [355.0000548748064, 702.2104631575498], [360.61102946485335, 701.1085762536521]]]}, "properties": {"OBJECTID_12": 85, "SETTLEMENT": "35003", "SETTL_NAME": "Limerick city and suburbs", "EAST": 557822.992235, "NORTH": 656694.108531, "GUID": "EFED8136-729D-43F0-BF74-FEFE83B62328"}}, {"type": "Feature", "id": 86, "geometry": {"type": "Polygon", "coordinates": [[[366.98982694663255, 759.2627950961019], [379.8597191900416, 757.3756490859289], [384.31123626028693, 763.8934609277252], [384.0385989787243, 764.7327032457371], [383.74610969386134, 764.4873815706171], [383.5460556973088, 764.5592214939115], [375.5817434229536, 765.3003552245233], [365.58407614592, 764.7499409536222], [360.5614045935904, 763.4493475516011], [360.5688406270539, 763.3208818240944], [364.6495874247552, 761.5687100945237], [364.8593721605024, 761.4213359251944], [366.98982694663255, 759.2627950961019]]]}, "properties": {"OBJECTID_12": 86, "SETTLEMENT": "35002", "SETTL_NAME": "Cork city and suburbs", "EAST": 568109.470721, "NORTH": 571937.981935, "GUID": "2640ADAE-4EBB-460C-BBD4-D666DEBB3C8A"}}, {"type": "Feature", "id": 87, "geometry": {"type": "Polygon", "coordinates": [[[451.07344450974824, 519.3728562648629], [451.1761532705813, 519.6961461804129], [451.19913088568535, 519.8064038703848], [451.52516627023573, 519.7881716964663], [451.463370313648, 519.8822270000837], [451.34499538530986, 519.934321449405], [451.2385141251648, 519.9581492789563], [450.53401005542935, 519.9160659671666], [449.9916640994976, 519.7696078378281], [449.7965659385376, 519.8429579855493], [449.87803861567255, 519.4960680663953], [450.0520699419872, 519.3378303642501], [451.07344450974824, 519.3728562648629]]]}, "properties": {"OBJECTID_12": 87, "SETTLEMENT": "33041", "SETTL_NAME": "Kilmacrennan", "EAST": 614231.562681, "NORTH": 920133.414577, "GUID": "2AA598FD-6FFE-449E-863C-02E7A5395CF8"}}, {"type": "Feature", "id": 88, "geometry": {"type": "Polygon", "coordinates": [[[490.6696511933152, 605.8881885838326], [490.75597362942295, 605.9707450261377], [490.68938520749333, 605.988448924135], [489.94770380226026, 606.3237381164214], [489.9603992641376, 606.7467353193625], [489.53983172594985, 606.8410566714388], [488.96546226410453, 607.0520533987258], [488.7148184303115, 606.7990488716389], [488.93616629380375, 606.587501740306], [489.69719494272215, 606.1414516039416], [490.38138151032, 605.858943435664], [490.4451433250464, 605.911216818727], [490.6696511933152, 605.8881885838326]]]}, "properties": {"OBJECTID_12": 88, "SETTLEMENT": "32011", "SETTL_NAME": "Ballinagh", "EAST": 638854.601274, "NORTH": 798143.969268, "GUID": "006CBE04-5F8D-4333-9F23-6A6064C9D07A"}}, {"type": "Feature", "id": 89, "geometry": {"type": "Polygon", "coordinates": [[[470.73609939362774, 606.6018996495136], [471.8895483989792, 607.0849311401314], [472.2086197126624, 607.335712222989], [472.2193304037643, 607.3815975407322], [472.00296938600746, 607.4268403854577], [471.1216128799221, 607.368546190325], [470.8299478711744, 607.1028172920244], [470.17937198383464, 607.0320766597786], [470.1469554724768, 607.0004765687538], [470.66295382744, 607.0221993272467], [470.2708733457995, 606.6432975891767], [470.2919627548331, 606.5965775949927], [470.73609939362774, 606.6018996495136]]]}, "properties": {"OBJECTID_12": 89, "SETTLEMENT": "32010", "SETTL_NAME": "Arva", "EAST": 627351.008882, "NORTH": 797202.351505, "GUID": "A4E767CC-4BBC-4B2A-9D5E-B3B06B92D616"}}, {"type": "Feature", "id": 90, "geometry": {"type": "Polygon", "coordinates": [[[297.1854189219296, 678.8408403731135], [297.1815943751243, 678.8737183830315], [297.2287157400384, 678.8696795305879], [297.24872858260585, 678.8986191806981], [297.2748876026453, 679.1615155780025], [296.6658669482208, 679.1428015171791], [296.6799587825067, 679.17365059877], [296.37315543739095, 679.1818849207096], [296.3689754328896, 679.1569637945075], [296.46492218726615, 679.094147882479], [296.73548464278934, 678.9779504329749], [296.80917717820586, 678.9777163063958], [297.1854189219296, 678.8408403731135]]]}, "properties": {"OBJECTID_12": 90, "SETTLEMENT": "16031", "SETTL_NAME": "Kilfenora", "EAST": 518308.436464, "NORTH": 694071.232597, "GUID": "8417CD3F-4088-4423-B34F-DFA62D63D2DF"}}, {"type": "Feature", "id": 91, "geometry": {"type": "Polygon", "coordinates": [[[588.9604042677643, 720.6554908737314], [589.7149380800864, 720.899797949935], [589.9811673909472, 720.9196310032488], [589.8141754389152, 720.9611177481939], [589.8908200381888, 721.0897815412762], [589.6572052813099, 721.0376142478111], [589.5719750856085, 720.9333753628581], [589.3068949309792, 721.0227880469271], [589.090149100064, 721.1889629450875], [588.8307304028917, 721.0286356938469], [589.158072397904, 720.814706377937], [588.9591993428853, 720.4843997668268], [588.9604042677643, 720.6554908737314]]]}, "properties": {"OBJECTID_12": 91, "SETTLEMENT": "14042", "SETTL_NAME": "Ballymurn", "EAST": 703607.590964, "NORTH": 633143.694342, "GUID": "62057EC3-9776-44AE-9561-538E951D3B68"}}, {"type": "Feature", "id": 92, "geometry": {"type": "Polygon", "coordinates": [[[489.2161423040267, 523.2761866821622], [490.2640266407381, 523.5668414395338], [489.3192206105323, 523.7699142320379], [489.1797923761653, 523.7746042151123], [488.6790969506699, 523.7572481830463], [488.51281402891414, 523.6850719075458], [488.6364255830101, 523.657887983584], [488.6379024690656, 523.6315214555085], [488.58577110287894, 523.6282282975667], [488.5186505038155, 523.5079615195825], [488.5585233523147, 523.4796353731106], [489.07179791960215, 523.3443696588081], [489.2161423040267, 523.2761866821622]]]}, "properties": {"OBJECTID_12": 92, "SETTLEMENT": "33054", "SETTL_NAME": "Kildrum", "EAST": 637632.126154, "NORTH": 914841.048612, "GUID": "1B12E5B8-6E0A-4F52-B96D-4B05831D4B47"}}, {"type": "Feature", "id": 93, "geometry": {"type": "Polygon", "coordinates": [[[583.7645002237194, 696.4146521222975], [583.0156983830229, 697.1628761090828], [582.7903414614667, 697.1546625927523], [582.7837409500928, 697.1948141790317], [582.0657349565078, 697.2050008949058], [581.6055702280597, 697.1456831876369], [581.6851019899051, 697.1440012904109], [581.7107466862091, 696.9007270111769], [582.1897726221152, 696.9951600391413], [582.4302179790154, 696.8135850245491], [582.4943122918326, 696.8199744666413], [583.4681416795456, 696.5136536753391], [583.7645002237194, 696.4146521222975]]]}, "properties": {"OBJECTID_12": 93, "SETTLEMENT": "15025", "SETTL_NAME": "Shillelagh", "EAST": 698675.744189, "NORTH": 668264.956564, "GUID": "4AD9AD42-B669-40DF-AAE0-7E44AE2AF118"}}, {"type": "Feature", "id": 94, "geometry": {"type": "Polygon", "coordinates": [[[309.28190985463146, 702.6330278022277], [309.6100988365803, 702.6355595843908], [309.6948916737963, 702.8469484283938], [309.72792298067304, 702.8251433686015], [308.9914860315765, 703.238962756564], [309.1731575297632, 703.4088797911871], [308.77366018213866, 703.4392076581059], [308.5712642047371, 703.4267852269594], [308.07629416374294, 703.2240703098208], [307.6207813478752, 703.2382946061094], [308.7098818479371, 703.0748263034584], [309.21946531566505, 702.7553198966926], [309.28190985463146, 702.6330278022277]]]}, "properties": {"OBJECTID_12": 94, "SETTLEMENT": "16011", "SETTL_NAME": "Kildysart", "EAST": 525212.475518, "NORTH": 658749.939878, "GUID": "B1CA8049-E4DF-44B6-A062-A461E29FECC5"}}, {"type": "Feature", "id": 95, "geometry": {"type": "Polygon", "coordinates": [[[429.1490032071883, 507.1217348499943], [430.81172584143144, 507.2426012159276], [430.99161943425173, 507.54911287434476], [429.6164104449216, 507.8352936326527], [429.72409966945816, 507.8111177338628], [429.34586031087895, 507.8958278520106], [428.9095031559307, 507.7481829251921], [428.7408791910496, 507.7379608529546], [429.0476579390165, 507.61919412969803], [428.6896839177323, 507.5981295979636], [429.0462790837909, 507.2624183517019], [428.7108245350048, 507.21224018695455], [429.1490032071883, 507.1217348499943]]]}, "properties": {"OBJECTID_12": 95, "SETTLEMENT": "33011", "SETTL_NAME": "Dunfanaghy", "EAST": 601860.114839, "NORTH": 936990.998156, "GUID": "14431BEC-4358-4FA3-A681-78334E07D619"}}, {"type": "Feature", "id": 96, "geometry": {"type": "Polygon", "coordinates": [[[304.47852695512427, 726.1981010848921], [304.00569720957014, 726.5907021203737], [304.01609026020265, 726.639798352098], [303.69967102126185, 726.7668865884968], [303.556534822368, 726.7433468257227], [303.2346083225163, 726.6946483977426], [303.2050554326752, 726.6450627671109], [302.7812232998069, 726.6472265243547], [302.89966857965976, 726.637711997509], [302.8698199161632, 726.6099722220503], [304.27086055480424, 726.3389769957664], [304.23579380650347, 726.3138794000228], [304.47852695512427, 726.1981010848921]]]}, "properties": {"OBJECTID_12": 96, "SETTLEMENT": "21047", "SETTL_NAME": "Toornafulla", "EAST": 521553.620812, "NORTH": 624323.576362, "GUID": "A8F58C16-317D-42C8-B356-DD042D0C1948"}}, {"type": "Feature", "id": 97, "geometry": {"type": "Polygon", "coordinates": [[[340.09609416264, 706.8616113870956], [340.47653605201174, 707.6143039415092], [340.71867396105813, 707.9381138547955], [340.3405670790112, 707.9278898594199], [340.4529341005472, 707.8168513964773], [339.70883033695895, 707.8205087320042], [339.6756799075019, 707.7317256822333], [339.86431999281496, 707.737542735546], [339.98231742156054, 707.3372973855986], [340.03248676156585, 707.1385166561824], [340.0800063814144, 706.9091639169096], [339.9869367514731, 706.8520516213127], [340.09609416264, 706.8616113870956]]]}, "properties": {"OBJECTID_12": 97, "SETTLEMENT": "21045", "SETTL_NAME": "Kildimo", "EAST": 545181.707094, "NORTH": 652162.861035, "GUID": "A4A8ABC6-1535-47ED-99F1-CF2C70F78DF5"}}, {"type": "Feature", "id": 98, "geometry": {"type": "Polygon", "coordinates": [[[333.63063486489494, 713.6161307571688], [334.1617976585451, 713.8066367471579], [334.03292223009174, 713.8427444990981], [334.1980739934752, 713.972903664291], [334.0935549532672, 713.9833315734487], [334.1674910719915, 714.1105773346003], [334.0562702463253, 713.9870516421734], [333.6361517653077, 713.8175074935356], [333.1267743876992, 713.9756393049307], [333.06685289958506, 713.9305863721778], [333.44842321103573, 713.7316277344885], [333.39152988896, 713.6377765649232], [333.63063486489494, 713.6161307571688]]]}, "properties": {"OBJECTID_12": 98, "SETTLEMENT": "21046", "SETTL_NAME": "Croagh", "EAST": 540876.840804, "NORTH": 642875.219628, "GUID": "F5BCC698-53A9-4659-BA27-DDA21034EB2C"}}, {"type": "Feature", "id": 99, "geometry": {"type": "Polygon", "coordinates": [[[589.9663822047584, 693.3747805780033], [591.022410089408, 693.6189350983259], [591.6352705465739, 693.5698856673474], [591.5538254020843, 693.7100352941993], [591.9611172525632, 693.8987819262314], [591.8945412081067, 694.1793297465631], [591.6782116540853, 694.217194157554], [591.1159610548928, 694.3856359735959], [590.9171256426474, 694.0028309967405], [589.0704409737814, 693.9266089275302], [589.374507373679, 693.7898772045788], [590.193043995136, 693.6133119175873], [589.9663822047584, 693.3747805780033]]]}, "properties": {"OBJECTID_12": 99, "SETTLEMENT": "15024", "SETTL_NAME": "Tinahely", "EAST": 703830.2709, "NORTH": 672879.578401, "GUID": "DD90714F-9526-44AD-A055-ACD298F00E05"}}, {"type": "Feature", "id": 100, "geometry": {"type": "Polygon", "coordinates": [[[568.1864324605024, 679.0531871603754], [568.3943230632854, 679.1182754484857], [568.4048143842176, 679.2764746000984], [568.072376540736, 679.3573054454026], [567.8878739948245, 679.5097158688246], [567.8399565863904, 679.5156277053555], [567.8884060467072, 679.5347323991127], [567.612082776735, 679.296437195027], [567.6441266635647, 679.2597330110916], [568.0517717423381, 679.2245451955018], [567.8827990552885, 679.13904643382], [568.0106835275584, 679.0535573532593], [568.1864324605024, 679.0531871603754]]]}, "properties": {"OBJECTID_12": 100, "SETTLEMENT": "15026", "SETTL_NAME": "Stratford", "EAST": 689019.320244, "NORTH": 693874.492192, "GUID": "24B423C5-5884-47CF-8D99-6E5202672336"}}, {"type": "Feature", "id": 101, "geometry": {"type": "Polygon", "coordinates": [[[448.5790753664501, 507.3677638019877], [448.6107198554528, 507.393984580109], [448.7103856633067, 507.363377340752], [448.86784813919576, 507.40270333122874], [448.78160340438615, 507.6806334644963], [449.5871647512491, 507.7471504823056], [449.37536342393815, 507.77858184972695], [449.4342331477152, 507.8784460438312], [448.97931118200535, 508.02501027096775], [448.3206913109045, 507.85126451800824], [448.46298264760856, 507.348052447851], [448.55301495696216, 507.3394282841281], [448.5790753664501, 507.3677638019877]]]}, "properties": {"OBJECTID_12": 101, "SETTLEMENT": "33058", "SETTL_NAME": "Carraig Airt", "EAST": 613238.538646, "NORTH": 936660.621314, "GUID": "464E6230-E4BC-4845-936E-4CEF6EA3ACBC"}}, {"type": "Feature", "id": 102, "geometry": {"type": "Polygon", "coordinates": [[[269.81151719111256, 735.732472638104], [270.10635294526827, 735.7844372349496], [270.02038848209816, 736.2413840527638], [270.77695869047255, 736.2295833996832], [271.6921939981792, 735.9762302146177], [271.8291895435061, 735.9813062845631], [272.2468900007072, 736.1020435319251], [272.6100048483616, 736.265395099459], [272.9102833043925, 736.8320229399287], [272.7644163634571, 736.8519539416568], [272.1240409392224, 736.6661467363792], [271.07164355166293, 737.141575415125], [269.81151719111256, 735.732472638104]]]}, "properties": {"OBJECTID_12": 102, "SETTLEMENT": "19030", "SETTL_NAME": "Castleisland", "EAST": 500212.475083, "NORTH": 609797.250569, "GUID": "A910D762-3FF7-4093-9152-B18B9A81388A"}}, {"type": "Feature", "id": 103, "geometry": {"type": "Polygon", "coordinates": [[[342.5622538663243, 760.493063517994], [342.62346045390933, 760.5090054043359], [343.1898076780245, 760.6014461915606], [343.46265065870824, 760.8153042919239], [343.4570217010037, 760.7692389734235], [343.0223597711232, 760.7450154043147], [342.46199397723626, 760.7195703625939], [342.21172921816213, 760.7180527983118], [342.0487312918091, 760.7933248047163], [341.4708836859211, 760.8198931321595], [340.6891198389675, 760.7576925700109], [342.02487832289387, 760.6212418869139], [342.5622538663243, 760.493063517994]]]}, "properties": {"OBJECTID_12": 103, "SETTLEMENT": "18049", "SETTL_NAME": "Coachford", "EAST": 545526.342769, "NORTH": 573337.374748, "GUID": "CA4B1D3B-6143-41CD-98C3-A5103500A450"}}, {"type": "Feature", "id": 104, "geometry": {"type": "Polygon", "coordinates": [[[607.5764318985173, 677.3133095389336], [608.4309310871147, 677.6346972980417], [608.5941658484096, 677.6457633280748], [608.5869768858678, 677.7255637202937], [608.6968775537856, 677.8015897972243], [608.5937731006453, 677.8745541980356], [608.3151151948555, 678.0150813493134], [607.8400240916053, 677.8883519776658], [607.1668082104352, 677.6853131353972], [607.5769624530762, 677.6832137567043], [607.561926913105, 677.3733920262382], [607.5288403971371, 677.3179406014145], [607.5764318985173, 677.3133095389336]]]}, "properties": {"OBJECTID_12": 104, "SETTLEMENT": "15021", "SETTL_NAME": "Laragh", "EAST": 714092.435655, "NORTH": 696704.575787, "GUID": "3C3A1CB6-5255-4C49-9EAA-09BCA6794A6C"}}, {"type": "Feature", "id": 105, "geometry": {"type": "Polygon", "coordinates": [[[627.9796077645184, 669.4855933560901], [628.8383188063765, 669.4534725418563], [629.2886969431221, 669.877794045349], [628.9885965446208, 670.3901008667033], [629.3984007492736, 670.5444623044078], [629.3492297076331, 670.6856265159885], [629.0400709829003, 670.6937540205337], [629.0221831206261, 670.6418513963926], [628.5928993241664, 670.1557171478444], [628.4997430501558, 670.1457993048033], [628.5998080811552, 669.9680367929077], [628.5094298087552, 669.963792345224], [627.9796077645184, 669.4855933560901]]]}, "properties": {"OBJECTID_12": 105, "SETTLEMENT": "15016", "SETTL_NAME": "Kilpedder", "EAST": 726686.871832, "NORTH": 708298.30806, "GUID": "35142142-0277-419D-A6B5-A24F5B0F8244"}}, {"type": "Feature", "id": 106, "geometry": {"type": "Polygon", "coordinates": [[[578.503331241361, 722.6907326802401], [578.9153387829589, 722.879452724589], [578.3652934343413, 722.8999218974608], [577.6808256981429, 723.0455527808639], [577.590582280465, 723.103133931945], [577.457947492545, 723.0887672576746], [577.4634138774358, 723.028846866832], [577.3382603548704, 723.0315274382136], [577.0634120033142, 722.9494624891139], [577.5587144992992, 722.9108680090009], [577.9526077704096, 722.8485129253385], [578.437356112128, 722.7876138398537], [578.503331241361, 722.6907326802401]]]}, "properties": {"OBJECTID_12": 106, "SETTLEMENT": "14045", "SETTL_NAME": "Ballyhogue", "EAST": 696541.848401, "NORTH": 629996.181633, "GUID": "341232CE-6CA2-45DD-8F38-448E46F96339"}}, {"type": "Feature", "id": 107, "geometry": {"type": "Polygon", "coordinates": [[[603.2863696064171, 712.2279228580081], [604.0081737025387, 712.3013593377295], [604.012823624703, 712.2847929053223], [604.143846056833, 712.3030683967033], [604.1233062047029, 712.37434301428], [603.993319037871, 712.3555069015092], [603.9786622065568, 712.4174656823546], [603.8037789702486, 712.3969409662147], [603.6270392299488, 712.3465859912301], [603.4684818226123, 712.4386851517081], [603.1981655543445, 712.3137401798828], [603.2595298705429, 712.2786551530487], [603.2863696064171, 712.2279228580081]]]}, "properties": {"OBJECTID_12": 107, "SETTLEMENT": "14041", "SETTL_NAME": "Ballyedmond", "EAST": 712512.180119, "NORTH": 645946.920538, "GUID": "AA4ABFD5-0D14-4314-A6DB-00513DE1CD5A"}}, {"type": "Feature", "id": 108, "geometry": {"type": "Polygon", "coordinates": [[[606.967265320512, 621.2810753615125], [606.9795278407958, 621.3182294221697], [607.5599675025803, 621.4692601055973], [608.2844653429526, 621.6658065412657], [607.4759621803456, 621.801495491428], [607.5888116625046, 621.8769559337893], [607.2484561737984, 621.9606256280231], [607.0327848572864, 621.6427239389051], [607.0852655823435, 621.6242029280613], [607.013570905793, 621.5924759078704], [607.2076701764971, 621.4376348536946], [606.6660192967498, 621.2495654958096], [606.967265320512, 621.2810753615125]]]}, "properties": {"OBJECTID_12": 108, "SETTLEMENT": "10020", "SETTL_NAME": "Beaulieu", "EAST": 711867.560121, "NORTH": 777718.442456, "GUID": "E4548FFD-086A-4164-9958-D1A10F01B3A3"}}, {"type": "Feature", "id": 109, "geometry": {"type": "Polygon", "coordinates": [[[609.3902517430282, 698.7791612240562], [609.4547175176438, 698.8278481436253], [609.799720823521, 698.8678056927436], [609.8849246372373, 698.9264983954457], [609.7912926147189, 698.979386968994], [609.6990136139061, 699.1248628522101], [609.6751635348128, 699.060417327901], [609.064569786783, 699.0002608042299], [608.984506138224, 698.838355590599], [608.9930055106954, 698.7636498516093], [609.1812279004054, 698.779769451204], [609.2215761879669, 698.753841390441], [609.3902517430282, 698.7791612240562]]]}, "properties": {"OBJECTID_12": 109, "SETTLEMENT": "14040", "SETTL_NAME": "Killinierin", "EAST": 715775.043122, "NORTH": 665697.54107, "GUID": "276D3178-219E-4972-8EE1-64EC878FACA5"}}, {"type": "Feature", "id": 110, "geometry": {"type": "Polygon", "coordinates": [[[575.3225132935872, 720.8599887776543], [575.438257874768, 720.8578066244236], [575.2350742064416, 721.1145748812105], [575.2961712490592, 721.1178096652721], [575.244983874592, 721.3078199404679], [575.2354101557685, 721.3460280301978], [575.4225899517397, 721.4586047849939], [575.0407619017877, 721.5960434365778], [575.002211469873, 721.304618706059], [574.9951575730389, 721.1843919373327], [574.9755223739104, 720.977723102025], [575.040042556111, 720.9857891834074], [575.3225132935872, 720.8599887776543]]]}, "properties": {"OBJECTID_12": 110, "SETTLEMENT": "14043", "SETTL_NAME": "Bree", "EAST": 694637.841018, "NORTH": 632513.249409, "GUID": "8ABE920B-C6E5-498E-8F33-DAACAA38D7FA"}}, {"type": "Feature", "id": 111, "geometry": {"type": "Polygon", "coordinates": [[[565.5085279395797, 673.6455444504658], [565.4744546419894, 673.7332186867035], [565.4762614732523, 674.0522931037696], [566.3980912714453, 674.3409687223408], [566.3369821956917, 674.3876820062817], [565.2163172946805, 674.147883506965], [565.0846452467551, 674.2394961868268], [564.1502299594454, 674.0487709044245], [564.394773391088, 673.9471295335894], [564.5979595587946, 674.0161720736886], [564.8530125264907, 673.9141003889873], [564.963514060896, 673.7449674492866], [565.5085279395797, 673.6455444504658]]]}, "properties": {"OBJECTID_12": 111, "SETTLEMENT": "15003", "SETTL_NAME": "Dunlavin", "EAST": 687215.27224, "NORTH": 701452.688496, "GUID": "5C818716-A91E-4F58-86F8-6A15E60ECB45"}}, {"type": "Feature", "id": 112, "geometry": {"type": "Polygon", "coordinates": [[[587.1628509045472, 688.0143637867524], [587.3542521806261, 688.0250084352053], [587.3563539939616, 687.9996057122065], [587.7307782365269, 688.1527098321163], [587.6792144900427, 688.1313819887138], [587.4655143583296, 688.120026830824], [587.459604796001, 688.1645799372461], [587.3114016453643, 688.1165922067228], [587.2770892211659, 688.1375782969506], [587.0548812923616, 688.1916446037403], [586.8500202546869, 688.1521571585122], [586.5026731887339, 688.1423459676184], [587.1628509045472, 688.0143637867524]]]}, "properties": {"OBJECTID_12": 112, "SETTLEMENT": "15032", "SETTL_NAME": "Knockananna", "EAST": 701206.008535, "NORTH": 681259.752502, "GUID": "BCF90BB0-4EF9-4B1E-A923-2EB6E22DB506"}}, {"type": "Feature", "id": 113, "geometry": {"type": "Polygon", "coordinates": [[[444.4467836742325, 644.9126569707342], [444.00816422255895, 645.1157970226477], [443.5306802070336, 645.1674287454575], [443.4914254447947, 645.1241342641933], [443.0800165275328, 645.1776514489128], [443.111739057184, 645.2322270576703], [442.02027694567147, 645.1255303832081], [442.0796608215904, 645.1091240001291], [442.09375120136747, 644.9826052365029], [442.85797819151253, 645.0365537942096], [444.4573610149909, 644.7716682497789], [444.2961593643776, 644.8438279483031], [444.4467836742325, 644.9126569707342]]]}, "properties": {"OBJECTID_12": 113, "SETTLEMENT": "13018", "SETTL_NAME": "Baylin", "EAST": 610360.276265, "NORTH": 742677.042633, "GUID": "AEB40A0A-4D07-49BE-A33A-C0E8242F4FA2"}}, {"type": "Feature", "id": 114, "geometry": {"type": "Polygon", "coordinates": [[[483.13060640661655, 629.8718546853406], [483.161487048544, 629.8860707830469], [483.2497824909397, 629.859661610079], [483.6223591209824, 630.0796660799737], [483.4184197174251, 630.1468955818387], [483.6468285583563, 630.2423622918394], [483.42263760912, 630.3314776746802], [483.0259622063168, 630.1964614968784], [483.0037450405579, 630.1753510252737], [482.96314986993815, 630.1785334392004], [483.0788665827989, 630.0494987575801], [483.03949664628374, 630.0211867480403], [483.13060640661655, 629.8718546853406]]]}, "properties": {"OBJECTID_12": 114, "SETTLEMENT": "13020", "SETTL_NAME": "Ballinalack", "EAST": 635109.385701, "NORTH": 764332.633431, "GUID": "6BA3D0DF-E38E-46F2-8685-D9F770589C2E"}}, {"type": "Feature", "id": 115, "geometry": {"type": "Polygon", "coordinates": [[[501.46168165507095, 646.0345891508404], [502.1441962335445, 646.3260265200464], [501.6704388443883, 646.7160619999559], [500.89682327682453, 646.9280392977146], [500.68293665953814, 646.999513826032], [500.7794422156459, 647.0339150246479], [500.59799628756906, 647.0541929841567], [500.77706242148054, 646.745780261078], [500.5568767307808, 646.6854498307441], [500.6949385318571, 646.6061551894804], [499.94541188349547, 646.4692429301065], [500.59688728475413, 646.343389463943], [501.46168165507095, 646.0345891508404]]]}, "properties": {"OBJECTID_12": 115, "SETTLEMENT": "13012", "SETTL_NAME": "Rochfortbridge", "EAST": 646481.894743, "NORTH": 740846.069876, "GUID": "0A244481-E05E-44E8-86A1-443E37707AFB"}}, {"type": "Feature", "id": 116, "geometry": {"type": "Polygon", "coordinates": [[[615.3848300631136, 704.8981404725591], [615.6635407204939, 707.0130662951391], [616.2228942045077, 707.480940163159], [616.1239224475082, 707.5501068450335], [615.499259517888, 707.5413078688907], [615.515560962561, 707.4745012020785], [615.0218706074326, 707.4930367902562], [615.0193823626859, 707.4487170010826], [614.6623300231072, 707.1559128466926], [614.5195247143222, 707.060769930399], [613.4812806389888, 706.2458609186184], [613.3717670847392, 706.2540039605819], [615.3848300631136, 704.8981404725591]]]}, "properties": {"OBJECTID_12": 116, "SETTLEMENT": "14010", "SETTL_NAME": "Courtown Harbour-Riverchapel-Ardamine", "EAST": 719531.213075, "NORTH": 655297.536912, "GUID": "BEC95FD0-94C0-4DB2-8290-04BDCFC073C3"}}, {"type": "Feature", "id": 117, "geometry": {"type": "Polygon", "coordinates": [[[533.650623371793, 741.1715352220191], [533.7449973687872, 741.2083104186179], [533.708910299168, 741.4423328602608], [533.4474072815776, 741.6165602836842], [534.1628222697973, 742.8100047360155], [534.1962362437077, 742.8386448028286], [534.4423116401781, 742.7675200087865], [534.3462244923915, 742.9757482202284], [533.0903176613834, 743.0704750070676], [532.6196712567541, 742.791747639458], [532.9112049530304, 742.1765207129416], [532.6336368755061, 741.3116384919533], [533.650623371793, 741.1715352220191]]]}, "properties": {"OBJECTID_12": 117, "SETTLEMENT": "25013", "SETTL_NAME": "Dunmore East", "EAST": 668398.246861, "NORTH": 600727.253112, "GUID": "D43B60E6-FE89-475C-843F-5B77599E4539"}}, {"type": "Feature", "id": 118, "geometry": {"type": "Polygon", "coordinates": [[[286.5080065361931, 699.0959109518792], [286.283248497504, 699.4013264567703], [287.21358945755304, 699.6406115503653], [287.9968832202112, 699.7492216791441], [287.0946067362187, 699.8203645028713], [286.26801218476055, 699.7555318727667], [285.7599081149419, 699.7588812617311], [285.7911045935104, 699.7263029204961], [285.4208075384501, 699.7540241865746], [285.1588357814688, 699.7570577111372], [285.6605427626976, 699.2009476747443], [286.16662431361493, 699.1218945100776], [286.5080065361931, 699.0959109518792]]]}, "properties": {"OBJECTID_12": 118, "SETTLEMENT": "16015", "SETTL_NAME": "Kilmihill", "EAST": 511029.615792, "NORTH": 664237.194339, "GUID": "D95D5DE3-7B96-4692-A9A5-C91C7252EACE"}}, {"type": "Feature", "id": 119, "geometry": {"type": "Polygon", "coordinates": [[[492.15337987078186, 647.8218337709254], [493.0284407319104, 648.3123537195231], [493.1657284146688, 648.2543549144897], [493.26747910951144, 648.3007311966326], [493.2229584320405, 648.3226536380275], [493.0541573716288, 648.8934913774574], [492.8927912111051, 648.8670129704066], [492.68592409818984, 648.380553817571], [492.5446817742528, 648.2344345142556], [492.48286748006615, 648.1841000830899], [492.3848670798475, 648.2067558677662], [492.3298082841312, 648.0477548404676], [492.15337987078186, 647.8218337709254]]]}, "properties": {"OBJECTID_12": 119, "SETTLEMENT": "13013", "SETTL_NAME": "Tyrrellspass", "EAST": 641201.285006, "NORTH": 737956.274449, "GUID": "DD44067E-F39F-4E66-AD08-49432AF911D0"}}, {"type": "Feature", "id": 120, "geometry": {"type": "Polygon", "coordinates": [[[616.3225063695488, 672.9788792111517], [616.4780644434762, 672.9969047277481], [616.5193209947989, 673.2759002878744], [616.4284284635221, 673.283127159988], [616.1099452739734, 673.2529517441095], [616.410997423135, 673.620824029452], [616.0291216473856, 673.8562385289049], [615.4343105914102, 674.0560789609714], [615.5404922189834, 673.9727750997696], [615.316185441071, 673.4942684256224], [615.2205615944597, 673.2798796754442], [615.9160516970294, 673.0448676301586], [616.3225063695488, 672.9788792111517]]]}, "properties": {"OBJECTID_12": 120, "SETTLEMENT": "15020", "SETTL_NAME": "Roundwood", "EAST": 718908.926903, "NORTH": 703040.927428, "GUID": "9470AE86-B0B7-4C2B-AB88-DF582F8F153E"}}, {"type": "Feature", "id": 121, "geometry": {"type": "Polygon", "coordinates": [[[591.4360785542848, 696.2873063744782], [591.4897791175925, 696.376625611895], [591.1790702392896, 696.4063028019045], [591.1981025774592, 696.4422534039219], [591.1145922032533, 696.444306351067], [590.8893337398315, 696.4406958380663], [590.8701089625835, 696.5502892200657], [590.8006021491146, 696.5578523245707], [590.6938811606731, 696.6491370280689], [590.9541101370656, 696.3518991441606], [591.2270707857909, 696.3343426217335], [591.2312445800053, 696.2863978285591], [591.4360785542848, 696.2873063744782]]]}, "properties": {"OBJECTID_12": 121, "SETTLEMENT": "15031", "SETTL_NAME": "Coolboy", "EAST": 703819.615551, "NORTH": 669082.076551, "GUID": "8030F9CD-9656-41CD-A32E-F247671000FB"}}, {"type": "Feature", "id": 122, "geometry": {"type": "Polygon", "coordinates": [[[602.9444878240853, 610.0489002858752], [603.8613277318271, 610.4302720988828], [603.6794903012853, 610.4851262164756], [603.6247137183584, 610.4859982411632], [603.6223092034433, 610.522895283235], [603.474638538129, 610.5231409139025], [603.5029314741088, 610.4194400908337], [603.2933410860843, 610.3335224866405], [603.0199300821066, 610.3003766773436], [602.8786802223744, 610.3245509513945], [602.6880872501494, 610.2307076068168], [602.8229176392267, 610.0347427633484], [602.9444878240853, 610.0489002858752]]]}, "properties": {"OBJECTID_12": 122, "SETTLEMENT": "10019", "SETTL_NAME": "Annagassan", "EAST": 708817.718962, "NORTH": 793847.666978, "GUID": "9D8EC5D8-DC02-4539-90EB-BFCFFEE4318F"}}, {"type": "Feature", "id": 123, "geometry": {"type": "Polygon", "coordinates": [[[562.2900476330251, 735.862512729301], [562.1847782316896, 736.0688575098079], [562.4019482504331, 736.3245822733332], [562.3309934720554, 736.355948900846], [562.4995830125569, 736.5028288223951], [562.1649461892054, 736.3475285302454], [561.9769785986315, 736.3795509408815], [561.5705622207179, 736.2176316621611], [560.9443785346027, 735.9336170224292], [561.8272141180458, 735.8752969215974], [562.1475104373152, 735.6798127988538], [562.2090571460736, 735.761121774609], [562.2900476330251, 735.862512729301]]]}, "properties": {"OBJECTID_12": 123, "SETTLEMENT": "14034", "SETTL_NAME": "Danescastle", "EAST": 686565.05844, "NORTH": 610374.021083, "GUID": "BC5D6938-8AEA-44C6-B934-5A4F35D467B8"}}, {"type": "Feature", "id": 124, "geometry": {"type": "Polygon", "coordinates": [[[624.5936563157514, 686.490514075363], [625.1002135626518, 686.7976946249179], [625.1276394545515, 686.8354972988851], [624.7125083365632, 686.8565101273358], [624.7234011493654, 686.888205860009], [624.6365034753621, 686.9752900785877], [624.2267182316715, 687.1589366055155], [624.1352064613974, 687.1377885428525], [624.3694641041888, 686.9792774135831], [624.3632236820458, 686.9331385411629], [623.9624974030581, 686.8559351332167], [624.0726396674656, 686.6606896668278], [624.5936563157514, 686.490514075363]]]}, "properties": {"OBJECTID_12": 124, "SETTLEMENT": "15027", "SETTL_NAME": "Redcross", "EAST": 724856.060447, "NORTH": 683769.463647, "GUID": "92A9641E-8D97-41C6-B754-7A78B5989C33"}}, {"type": "Feature", "id": 125, "geometry": {"type": "Polygon", "coordinates": [[[615.1523442698945, 683.1216138797354], [614.7582683759733, 683.9868579713423], [614.7222725136853, 683.9195858696237], [614.3326207950133, 684.0482077340196], [614.5694061370539, 683.7668729451112], [614.867366027424, 683.713435724985], [614.5129626452981, 683.748769971821], [614.287905426273, 683.6857100979543], [613.8941417594741, 683.2068642852345], [613.761437026192, 683.300843776688], [614.2658197306635, 683.2501752335229], [614.3339883696917, 683.1583344229248], [615.1523442698945, 683.1216138797354]]]}, "properties": {"OBJECTID_12": 125, "SETTLEMENT": "15018", "SETTL_NAME": "Rathdrum", "EAST": 718551.569086, "NORTH": 688334.152379, "GUID": "93385021-D709-443A-8EDB-ABBED4067BB6"}}, {"type": "Feature", "id": 126, "geometry": {"type": "Polygon", "coordinates": [[[622.29733030416, 662.6372789292291], [622.3323477127574, 662.78976929251], [622.4307739720309, 662.8272257977478], [622.1613934290943, 662.9505859699473], [623.0733406113899, 664.0303856413852], [622.6858013084608, 664.1018093511782], [622.6882509152128, 663.9895685740564], [620.3643865011734, 663.7877752691512], [619.4882619508277, 663.5145344112083], [619.4852346968395, 663.2999370574154], [619.6574869168342, 663.3875828738372], [620.4164437157418, 663.5435059820524], [622.29733030416, 662.6372789292291]]]}, "properties": {"OBJECTID_12": 126, "SETTLEMENT": "15008", "SETTL_NAME": "Enniskerry", "EAST": 721970.509536, "NORTH": 717590.402508, "GUID": "67E1EA11-CA92-4E43-9521-8E823294A54C"}}, {"type": "Feature", "id": 127, "geometry": {"type": "Polygon", "coordinates": [[[603.1709888375755, 735.3829518318344], [603.3496384321237, 735.3792523757633], [602.6321725992565, 736.0807178215832], [602.4139574357418, 736.4845429502974], [602.5012613324106, 736.7395167826622], [602.2530906437792, 736.8148767648881], [601.7366159189621, 736.8114822768113], [601.8337838363136, 736.7296356122336], [602.0713705845227, 736.6155531816486], [602.0979158055221, 736.4152898088529], [601.8573792094475, 736.1703871038211], [601.5802289291722, 735.760571025504], [603.1709888375755, 735.3829518318344]]]}, "properties": {"OBJECTID_12": 127, "SETTLEMENT": "14026", "SETTL_NAME": "Kilrane", "EAST": 712524.700257, "NORTH": 611034.751897, "GUID": "2BF487FD-C65B-443C-A0FA-83CD8D283B64"}}, {"type": "Feature", "id": 128, "geometry": {"type": "Polygon", "coordinates": [[[610.532227701664, 715.0008138499011], [610.5628159913589, 715.0624566745843], [610.4465822603306, 715.1097635228972], [609.9103492855776, 715.9188164972577], [609.8682794835381, 715.8664654369824], [609.4767365960864, 715.6723475906516], [609.0020869519659, 715.8769472894118], [608.7246513153259, 715.8580261245229], [608.5067134919382, 715.7026413414212], [609.1109808514998, 715.4914361298922], [609.3318516012192, 715.1254185233561], [610.497241586368, 714.9331121962513], [610.532227701664, 715.0008138499011]]]}, "properties": {"OBJECTID_12": 128, "SETTLEMENT": "14012", "SETTL_NAME": "Kilmuckeridge or Ford", "EAST": 716431.64528, "NORTH": 641418.356562, "GUID": "EB7571F6-5CAD-4226-BAAF-564C4D8D312C"}}, {"type": "Feature", "id": 129, "geometry": {"type": "Polygon", "coordinates": [[[577.9061735726059, 740.4302951534711], [577.8834767812288, 740.450778511903], [577.9050656308864, 740.4548147184793], [577.8777816097024, 740.5018058893103], [577.8496733908906, 740.6864782192243], [577.8584093939722, 740.7984215348077], [576.7662050816363, 741.0283825243085], [576.8262217092512, 740.6542155039826], [576.9945373509781, 740.4878849498841], [577.054216007393, 740.4095396455573], [577.7103687415787, 740.5063724362747], [577.797705713056, 740.4096296168946], [577.9061735726059, 740.4302951534711]]]}, "properties": {"OBJECTID_12": 129, "SETTLEMENT": "14022", "SETTL_NAME": "Kilmore Quay", "EAST": 696535.708453, "NORTH": 603589.026666, "GUID": "CC4A1829-87CD-42E9-BBCC-4709B1AC253E"}}, {"type": "Feature", "id": 130, "geometry": {"type": "Polygon", "coordinates": [[[550.747878203201, 738.8843139757548], [550.8097487233131, 738.9786332957204], [551.0584860318795, 738.9738172604656], [551.2819200288619, 739.2107770906961], [550.6992880456629, 739.6008769354974], [550.1695184320032, 739.7757232759776], [549.706891597713, 739.6617519072563], [549.9730250335157, 739.6111528588369], [549.9426355278496, 739.5766572571529], [550.187508386783, 739.2105910902393], [550.521088321344, 739.1775579503116], [550.6200780698389, 738.9143993031141], [550.747878203201, 738.8843139757548]]]}, "properties": {"OBJECTID_12": 130, "SETTLEMENT": "14017", "SETTL_NAME": "Fethard-On-Sea", "EAST": 679350.004077, "NORTH": 605368.960509, "GUID": "BAFAF9B6-74CD-4DA6-BD58-EC9591EFBCDC"}}, {"type": "Feature", "id": 131, "geometry": {"type": "Polygon", "coordinates": [[[583.161740016751, 732.0620612979898], [583.5619496915061, 732.0732524647852], [584.1081942850517, 732.3003880329298], [584.8398254240554, 732.4823793641065], [584.2238094809045, 732.5387615902987], [583.8967498657674, 732.4604959864143], [583.8744404720992, 732.4215350617692], [583.4910360844021, 732.4864747312732], [583.5565365044331, 732.5613996804719], [583.0327326880149, 732.6138972272191], [582.9128781305354, 732.6292260931324], [583.2823435037888, 732.5387764420641], [583.161740016751, 732.0620612979898]]]}, "properties": {"OBJECTID_12": 131, "SETTLEMENT": "14028", "SETTL_NAME": "Murntown", "EAST": 700436.130658, "NORTH": 616087.095502, "GUID": "EC1F2927-61C2-4AB6-AB1B-4891BD249FB0"}}, {"type": "Feature", "id": 132, "geometry": {"type": "Polygon", "coordinates": [[[599.3253455089995, 735.3100559832756], [599.2388068273109, 735.7019268664662], [599.3165221630048, 735.6846825288359], [598.2591531220245, 735.6736171992026], [597.5571490347403, 735.7707951088249], [597.7746929156544, 735.6221230999737], [597.9360884202048, 735.636546664765], [598.1076878991232, 735.5138379509224], [598.191052874129, 735.5354247785036], [598.154129289632, 735.5951144527265], [598.4833412944309, 735.4880176221126], [598.7697293995691, 735.3091549129515], [599.3253455089995, 735.3100559832756]]]}, "properties": {"OBJECTID_12": 132, "SETTLEMENT": "14035", "SETTL_NAME": "Grahormac", "EAST": 710177.246324, "NORTH": 611589.425619, "GUID": "D0918BB8-F73D-42DB-BE29-A75AFCB6DBA4"}}, {"type": "Feature", "id": 133, "geometry": {"type": "Polygon", "coordinates": [[[585.9728445690293, 709.1446652654757], [586.525673010993, 709.2222192815686], [587.9059816888694, 709.308895849329], [587.3554338028725, 709.9703105266187], [587.0133739734442, 709.964034844847], [587.0688333986517, 709.7977993599856], [587.2281339357227, 709.819323461459], [586.6572455304309, 709.8042225996172], [586.4918680939734, 709.7016123764304], [586.3868454452502, 709.5529418972296], [586.0451799543339, 709.5183559069877], [585.900186423873, 709.0549945164225], [585.9728445690293, 709.1446652654757]]]}, "properties": {"OBJECTID_12": 133, "SETTLEMENT": "14006", "SETTL_NAME": "Ferns", "EAST": 701784.948407, "NORTH": 649927.417312, "GUID": "80B662AA-6ADB-47C3-A075-EBE14C36FC03"}}, {"type": "Feature", "id": 134, "geometry": {"type": "Polygon", "coordinates": [[[540.9636967303776, 737.1065486250644], [541.2498145737568, 737.2927424376072], [541.8776579432181, 737.2944344556203], [542.0149721522517, 737.3797535036488], [542.0442942916299, 737.4541013796261], [541.8194536638592, 737.4572933101408], [541.7358181363232, 737.4512709685046], [541.2531271932811, 737.4168046617096], [541.1249821589963, 737.4227788010832], [540.0091554694378, 737.3962161429575], [540.6771346465898, 737.105155621633], [540.8287537985472, 737.1117388531461], [540.9636967303776, 737.1065486250644]]]}, "properties": {"OBJECTID_12": 134, "SETTLEMENT": "14016", "SETTL_NAME": "Duncannon", "EAST": 673189.195783, "NORTH": 608282.328594, "GUID": "BD7D736B-8253-4085-977C-954D8FD4AD90"}}, {"type": "Feature", "id": 135, "geometry": {"type": "Polygon", "coordinates": [[[481.5113678868672, 644.1781267118407], [481.83899881508694, 644.328021661554], [481.78001298022934, 644.4060467622518], [481.90094886012054, 644.4412747939132], [481.8400893577152, 644.48926694457], [481.9090341760491, 644.5285969056996], [481.671850272, 644.6100432939089], [481.6446690832256, 644.5296121524931], [481.5477077016491, 644.4460178467425], [481.6268340809291, 644.319856388352], [481.23999897089175, 644.2280690274063], [481.14305835205545, 644.1400278170472], [481.5113678868672, 644.1781267118407]]]}, "properties": {"OBJECTID_12": 135, "SETTLEMENT": "13019", "SETTL_NAME": "Castletown Geoghegan", "EAST": 634165.605989, "NORTH": 743910.815181, "GUID": "0AAF7B94-5836-4AC2-AC7C-A25AADF6C525"}}, {"type": "Feature", "id": 136, "geometry": {"type": "Polygon", "coordinates": [[[590.3423667129067, 662.8279144309278], [590.2379535520032, 663.3645790849971], [590.3158594568085, 663.377587772667], [590.1590722578326, 663.9667620650985], [589.8828259858144, 663.9276694890003], [590.0338933402774, 663.9329735746549], [589.756262382223, 663.7617891197553], [589.845997865583, 663.6916614611207], [589.9782795393824, 663.5039201571685], [589.5838816344352, 663.232840698621], [589.7918611379104, 663.1201140363385], [590.1966182702058, 663.0098379353228], [590.3423667129067, 662.8279144309278]]]}, "properties": {"OBJECTID_12": 136, "SETTLEMENT": "15028", "SETTL_NAME": "Manor Kilbride", "EAST": 702365.058531, "NORTH": 717197.320171, "GUID": "C7F6B929-3488-4ABC-8124-039B578443B8"}}, {"type": "Feature", "id": 137, "geometry": {"type": "Polygon", "coordinates": [[[427.3055822196704, 732.6826051378938], [427.36449828671465, 733.3169076067761], [427.88851884704854, 733.641989775414], [427.4319035306731, 733.680638172405], [427.41493625314666, 733.5888827943025], [427.2218532371957, 733.387478969577], [426.22635062914986, 733.2950660537018], [426.1967125780416, 733.2205081203508], [426.1793658122933, 732.9813927241581], [426.5926625402176, 732.9801252603087], [426.5633231414485, 733.0371861425705], [426.8587852277056, 733.0656291908484], [427.3055822196704, 732.6826051378938]]]}, "properties": {"OBJECTID_12": 137, "SETTLEMENT": "23010", "SETTL_NAME": "Clogheen", "EAST": 600406.1245, "NORTH": 613716.392124, "GUID": "6071B808-6151-4A2C-B825-76AE0F3FAD6F"}}, {"type": "Feature", "id": 138, "geometry": {"type": "Polygon", "coordinates": [[[627.6684260612544, 685.010317957469], [627.8569512091211, 685.0470011926428], [627.9050571917611, 685.140701207143], [627.8759945039978, 685.1516954555009], [627.3439997767584, 685.2128298399193], [627.2981611621216, 685.2370162427103], [627.154396141777, 685.2830176288336], [627.096365813985, 685.2818004923182], [627.0381006970422, 685.2639776217148], [627.1016459301354, 685.2274154136707], [627.0440617720992, 685.1620339713594], [627.5278845602934, 685.0159811764781], [627.6684260612544, 685.010317957469]]]}, "properties": {"OBJECTID_12": 138, "SETTLEMENT": "15029", "SETTL_NAME": "Barndarrig", "EAST": 726656.072949, "NORTH": 686130.966197, "GUID": "CDA3B629-8EC3-4B21-A017-1C0A8FB4DD5D"}}, {"type": "Feature", "id": 139, "geometry": {"type": "Polygon", "coordinates": [[[611.5359763787392, 685.2165583492447], [612.3136895109685, 685.4719261183462], [612.3356675668373, 685.5719481498077], [612.7041156822997, 685.6468351737587], [612.2661896790229, 685.8330896402895], [612.3186036329258, 685.7232998685383], [612.1570460739626, 685.6948165215432], [611.8380493403434, 685.5608704810815], [611.7962192882219, 685.4204040927932], [611.2521113893291, 685.3477624968953], [611.2131394830166, 685.3778573686003], [611.0915301971904, 685.304938445751], [611.5359763787392, 685.2165583492447]]]}, "properties": {"OBJECTID_12": 139, "SETTLEMENT": "15030", "SETTL_NAME": "Ballinaclash", "EAST": 716908.835074, "NORTH": 685353.812663, "GUID": "B8D1595C-CAF0-4150-9FE9-18FCCF633853"}}, {"type": "Feature", "id": 140, "geometry": {"type": "Polygon", "coordinates": [[[594.0655441188534, 717.6219173107829], [594.8618547104758, 717.6406958369953], [595.1640275430539, 717.5618521311565], [595.2582900041259, 717.5950463009365], [595.2636963394581, 717.7935016165139], [596.2664915208566, 718.1850595578745], [594.6145273822507, 717.8657366817375], [594.3739491131787, 717.8100651379243], [594.086626573232, 717.7460278774171], [594.0606024733397, 717.7292505129716], [593.9035731116, 717.6768824056497], [593.9572725382891, 717.6455257321122], [594.0655441188534, 717.6219173107829]]]}, "properties": {"OBJECTID_12": 140, "SETTLEMENT": "14044", "SETTL_NAME": "The Ballagh", "EAST": 707254.412775, "NORTH": 637638.736678, "GUID": "D0CB82B4-8749-4D32-B02A-FB25773BA515"}}, {"type": "Feature", "id": 141, "geometry": {"type": "Polygon", "coordinates": [[[570.3490044069792, 706.7036334793949], [570.4907382328331, 706.7723132064381], [570.6017303633579, 706.783786317942], [570.6153253459755, 706.8373815818804], [570.697140725551, 706.8643358494909], [570.4884324072032, 706.9746423711075], [570.2076674015798, 706.962537908853], [570.1451887544533, 706.9817175503626], [570.080901665471, 706.9568202915241], [570.4176010433941, 706.8055674182369], [570.0066910825269, 706.6812059226272], [570.1356886331712, 706.6741271797089], [570.3490044069792, 706.7036334793949]]]}, "properties": {"OBJECTID_12": 141, "SETTLEMENT": "14039", "SETTL_NAME": "Kilmyshall", "EAST": 691216.023569, "NORTH": 653595.796946, "GUID": "2E720E8E-0E5E-4C09-A96F-47DCD9A4895E"}}, {"type": "Feature", "id": 142, "geometry": {"type": "Polygon", "coordinates": [[[595.0271537427317, 706.8312576359166], [595.0096197362346, 707.1522383192016], [595.5272302404021, 707.3780530661212], [594.692019140623, 707.6204213989074], [593.8897315221931, 707.6846981895239], [593.6896050245408, 707.5343134783285], [593.9202193090016, 707.5086372475994], [594.188153784319, 707.4346847451231], [594.9325630082816, 707.0530774056587], [594.8549035859978, 707.0399655010302], [594.8773264024277, 706.9816602042706], [594.9654868413504, 706.9929058386728], [595.0271537427317, 706.8312576359166]]]}, "properties": {"OBJECTID_12": 142, "SETTLEMENT": "14008", "SETTL_NAME": "Camolin", "EAST": 706600.545411, "NORTH": 652903.743808, "GUID": "1337627B-3BBF-4E3C-9C7C-AE00760227E3"}}, {"type": "Feature", "id": 143, "geometry": {"type": "Polygon", "coordinates": [[[581.1903776069718, 736.4071986361582], [581.1583604409994, 736.5073765894069], [581.2175088081237, 736.555422288999], [581.7510281841546, 736.5343999230125], [581.676260692353, 736.664783238866], [581.2657971254208, 736.9090489189574], [581.2841181646379, 736.8635020515909], [581.2146363540459, 736.731408695791], [580.9444222507925, 736.7611679608142], [580.8793583687392, 736.5357260110596], [580.9814689266378, 736.4159949064141], [580.9791105436566, 736.3927389814878], [581.1903776069718, 736.4071986361582]]]}, "properties": {"OBJECTID_12": 143, "SETTLEMENT": "14020", "SETTL_NAME": "Bridgetown", "EAST": 698997.071106, "NORTH": 609714.427245, "GUID": "453E65D1-3615-4C8B-8B14-3AF98C95A404"}}, {"type": "Feature", "id": 144, "geometry": {"type": "Polygon", "coordinates": [[[623.4700519444245, 664.7308888802346], [624.0041335377547, 664.9369213472756], [624.0818499072778, 665.1723728816975], [624.2947867740149, 665.2448748829115], [625.887507177713, 665.4071425981956], [626.061672713217, 665.6311901309425], [626.0199529747638, 665.6899817168498], [625.6403234950016, 665.8104739314929], [625.0809763471872, 666.0303436969504], [624.7489825039595, 665.8706893790054], [623.4783943734197, 665.4261005779595], [623.3298291462677, 665.3088591423782], [623.4700519444245, 664.7308888802346]]]}, "properties": {"OBJECTID_12": 144, "SETTLEMENT": "15007", "SETTL_NAME": "Kilmacanogue", "EAST": 724102.909029, "NORTH": 714825.16182, "GUID": "F18264AC-FE19-4CA2-9133-254B78044CCF"}}, {"type": "Feature", "id": 145, "geometry": {"type": "Polygon", "coordinates": [[[446.0412851380832, 753.0520835873297], [446.7314618058912, 753.1231729803866], [446.4740742646784, 753.1603097425677], [446.1650062202912, 753.2541101153661], [446.4148319528, 753.3000898924427], [446.2838246387061, 753.4049546868275], [446.2526497571104, 753.3853231087269], [445.69746506903573, 753.397345336034], [445.79626626900375, 753.2405228374229], [445.9012994400896, 753.2533175658697], [445.8397778998144, 753.1078442751271], [445.9991290589696, 752.9598574719299], [446.0412851380832, 753.0520835873297]]]}, "properties": {"OBJECTID_12": 145, "SETTLEMENT": "25020", "SETTL_NAME": "Clashmore", "EAST": 612496.077806, "NORTH": 584034.344846, "GUID": "E45722F9-CFD2-4C52-B541-C014A4764638"}}, {"type": "Feature", "id": 146, "geometry": {"type": "Polygon", "coordinates": [[[533.796714198977, 733.5224725331], [534.1943641306784, 733.5260346230191], [534.2002326350837, 733.4995822137137], [533.8757483119477, 734.0625089632836], [533.6320141693824, 734.133872013751], [532.8977066439477, 734.246386211698], [532.9440625867691, 734.2026907150889], [532.7071823104235, 734.0527656100596], [532.4360644737814, 733.9967749844898], [532.6722369622464, 733.6358619627209], [532.725658628129, 733.5625072445883], [533.807891514225, 733.4822829306577], [533.796714198977, 733.5224725331]]]}, "properties": {"OBJECTID_12": 146, "SETTLEMENT": "25012", "SETTL_NAME": "Cheekpoint", "EAST": 668302.995274, "NORTH": 613405.760684, "GUID": "1838FBE2-842F-4A74-BDF1-DBED20741D07"}}, {"type": "Feature", "id": 147, "geometry": {"type": "Polygon", "coordinates": [[[582.8089951336214, 728.2832730808619], [583.7757870196992, 728.4362847762662], [583.4591830397003, 728.8930439039], [582.6040317780758, 728.8448666931394], [582.2960573173493, 728.9427371727517], [582.2143052820672, 729.0096805616497], [582.0874242315509, 728.8563011798658], [581.4227801527488, 728.9972835573501], [581.6416122075253, 728.7176297118082], [581.8344562377878, 728.6840086775884], [582.277100125936, 728.6160590282234], [582.5515194797291, 728.5833259253292], [582.8089951336214, 728.2832730808619]]]}, "properties": {"OBJECTID_12": 147, "SETTLEMENT": "14025", "SETTL_NAME": "Barntown", "EAST": 699789.747546, "NORTH": 621570.877367, "GUID": "95CF09A7-CDE5-48E1-ADC2-7EA3D355D8F8"}}, {"type": "Feature", "id": 148, "geometry": {"type": "Polygon", "coordinates": [[[614.0712738016256, 696.0258147324042], [614.6316656952064, 696.084569246707], [615.5330853300586, 696.4583840580623], [614.6946282274731, 696.4734242686704], [614.402133127663, 696.4776435830335], [613.9131570084459, 696.2440594553742], [613.946609851231, 696.2093599866648], [614.0109998568149, 696.179721371781], [613.9194790006859, 696.1408288009779], [613.9046876120289, 696.1586264357752], [614.1691625647253, 695.9092324656112], [614.0085487987669, 696.008096490347], [614.0712738016256, 696.0258147324042]]]}, "properties": {"OBJECTID_12": 148, "SETTLEMENT": "14009", "SETTL_NAME": "Coolgreany", "EAST": 718848.986257, "NORTH": 669689.580126, "GUID": "F8E235CD-0976-4968-8371-D8F1CBEE9FAA"}}, {"type": "Feature", "id": 149, "geometry": {"type": "Polygon", "coordinates": [[[564.1160034712331, 720.0255372064453], [563.742128911713, 720.1335872400714], [563.8014263226976, 720.1667919337269], [563.5354059532139, 720.2920941404351], [563.5501175746006, 720.314218925274], [563.432284457791, 720.3666387192703], [562.9307701352203, 720.2748602100845], [562.590733963375, 720.3944132638076], [562.7166988050283, 720.2721157166096], [562.6976668749824, 720.2524906740007], [562.863669561616, 720.0918480709946], [563.1578631682453, 720.1145207798875], [564.1160034712331, 720.0255372064453]]]}, "properties": {"OBJECTID_12": 149, "SETTLEMENT": "14004", "SETTL_NAME": "Clonroche", "EAST": 687088.232338, "NORTH": 633826.929892, "GUID": "DD652098-C79F-4842-97C3-35B1E7E8C594"}}, {"type": "Feature", "id": 150, "geometry": {"type": "Polygon", "coordinates": [[[591.9386602387499, 724.5864507039795], [591.9882346548171, 724.6020380975424], [593.0523734316203, 724.5951538579928], [592.5768282051819, 724.9994979898638], [592.4263132149632, 725.5517159568103], [592.6274167760992, 726.1977626968969], [591.8322297049984, 726.089452712633], [591.7550448661568, 726.0934549531349], [591.7845150117462, 725.7580827081669], [591.7540152688971, 724.93685483112], [591.7805262833301, 724.8425819286097], [591.6445010876874, 724.3633315018938], [591.9386602387499, 724.5864507039795]]]}, "properties": {"OBJECTID_12": 150, "SETTLEMENT": "14021", "SETTL_NAME": "Castlebridge-Blackwater", "EAST": 705577.574437, "NORTH": 626754.8646, "GUID": "B7970391-181D-47F5-9A39-794254BC2F48"}}, {"type": "Feature", "id": 151, "geometry": {"type": "Polygon", "coordinates": [[[603.17356079104, 720.1618711037883], [603.4612802093098, 720.2189394386124], [603.7858545030059, 720.3158379951166], [603.7576454635115, 720.3297784088426], [602.8846209516875, 720.506217083239], [602.6811427495873, 720.6853636687846], [602.3531301853088, 720.6325426427578], [602.3362480858987, 720.5995507590367], [602.0674064973259, 720.2879051681857], [602.0796664514613, 720.2447887417571], [601.768878528495, 720.2740119542038], [602.7227667213537, 720.2852349839317], [603.17356079104, 720.1618711037883]]]}, "properties": {"OBJECTID_12": 151, "SETTLEMENT": "14029", "SETTL_NAME": "Castle Ellis", "EAST": 712424.144694, "NORTH": 634106.044371, "GUID": "E9F00C19-3F0E-4F6C-9E6D-8A9DFAD257AB"}}, {"type": "Feature", "id": 152, "geometry": {"type": "Polygon", "coordinates": [[[574.1407563111189, 676.494185953212], [574.9245470465056, 676.7134209145783], [574.8562361754517, 676.8606922285788], [574.8612167562837, 676.9002238534634], [574.9192376606784, 676.9039041330666], [574.9240021938976, 676.9481652291188], [574.9583404312426, 677.185281409754], [574.7386509256288, 677.1736202755708], [574.4636368918634, 676.7652741264775], [574.2458082002357, 676.7161359333063], [574.2657582070048, 676.6847625447809], [574.38495024576, 676.6413137283203], [574.1407563111189, 676.494185953212]]]}, "properties": {"OBJECTID_12": 152, "SETTLEMENT": "15004", "SETTL_NAME": "Donard", "EAST": 693042.043208, "NORTH": 697564.644472, "GUID": "ED4FA10C-2F87-433A-84A8-B83F4E9FF263"}}, {"type": "Feature", "id": 153, "geometry": {"type": "Polygon", "coordinates": [[[598.17787528992, 732.4255465537436], [598.4487131490688, 732.5518266841652], [599.4713751048619, 734.1657249529266], [599.2585490797782, 734.2355392848496], [597.747204130975, 734.121397913749], [597.5582735038795, 733.6713934330191], [597.6102857605642, 733.5860513694656], [597.514143711391, 733.6004425208], [597.2278904662411, 733.4437083627336], [596.8741390643776, 733.2883617944904], [597.5059850492352, 733.1773147678739], [597.8495063495243, 732.7511957503866], [598.17787528992, 732.4255465537436]]]}, "properties": {"OBJECTID_12": 153, "SETTLEMENT": "14023", "SETTL_NAME": "Rosslare", "EAST": 709794.139504, "NORTH": 614594.313408, "GUID": "F9BB2051-2EE8-48CE-8060-CD9644692CC2"}}, {"type": "Feature", "id": 154, "geometry": {"type": "Polygon", "coordinates": [[[588.175872235743, 732.3606006558155], [587.9860441638667, 732.556548478804], [588.1322318252534, 732.6615286906964], [588.2163873101781, 732.7354337288937], [587.7455574458795, 732.9568387551006], [587.1094394394133, 732.8273759752157], [586.906587781424, 732.6755926267415], [587.1967546149259, 732.6900086861395], [587.518681256432, 732.357488453912], [587.4144953338101, 732.3673152078758], [587.3839582880288, 732.3126838415385], [587.8837507576064, 731.9428101491087], [588.175872235743, 732.3606006558155]]]}, "properties": {"OBJECTID_12": 154, "SETTLEMENT": "14027", "SETTL_NAME": "Piercetown", "EAST": 703040.553552, "NORTH": 615768.99911, "GUID": "23016F13-7A02-4CB2-BBFC-33E4BF0420B8"}}, {"type": "Feature", "id": 155, "geometry": {"type": "Polygon", "coordinates": [[[570.2711134238006, 729.4126160333129], [570.3750132583446, 729.4766726666625], [571.1765028857259, 729.8574610364011], [571.3009124281162, 730.0220528270233], [570.8187621387061, 729.9502196625474], [570.5316844459712, 729.8694311749897], [570.5766000271402, 729.8431437205984], [570.2711580294069, 729.8116134627123], [569.031756785264, 729.9006381696651], [568.8623213687072, 729.651417524996], [569.0667490917365, 729.5926865505382], [569.4551209678464, 729.4509979309572], [570.2711134238006, 729.4126160333129]]]}, "properties": {"OBJECTID_12": 155, "SETTLEMENT": "14024", "SETTL_NAME": "Taghmon", "EAST": 691615.086265, "NORTH": 619860.422919, "GUID": "A1148A9B-DF1D-4053-A666-F91C46ACF26B"}}, {"type": "Feature", "id": 156, "geometry": {"type": "Polygon", "coordinates": [[[598.7964876131862, 715.8223067376442], [598.9175931928235, 715.8416713434806], [598.7522440772256, 716.1403351654603], [598.2797649845696, 716.166106954234], [598.0612270092523, 716.2060244316614], [598.0674007150411, 716.1660564472045], [597.9163214348363, 716.1673513249212], [597.8651541176416, 716.1412017966982], [598.2057799616725, 715.8694008508272], [598.1443598600149, 715.8510098873089], [598.1819366337163, 715.8166348689357], [598.234611069008, 715.8384068300288], [598.7964876131862, 715.8223067376442]]]}, "properties": {"OBJECTID_12": 156, "SETTLEMENT": "14038", "SETTL_NAME": "Oulart", "EAST": 709304.031889, "NORTH": 640479.058845, "GUID": "61906118-516D-4D39-A63C-224F952E17BD"}}, {"type": "Feature", "id": 157, "geometry": {"type": "Polygon", "coordinates": [[[584.2344353809931, 722.0267518024698], [584.3827879093834, 722.0710305122535], [584.3301801781653, 722.1221695245273], [584.566643846912, 722.1545242631507], [583.8142910130176, 722.4061296768134], [583.5473190152405, 722.7582180491279], [583.5415554846251, 722.7236023181456], [583.2271237797835, 722.8032166845821], [583.382730723265, 722.6300086454263], [583.4282243126379, 722.4356246967127], [583.2526153095979, 722.239600577871], [584.1408057344502, 722.0119309038555], [584.2344353809931, 722.0267518024698]]]}, "properties": {"OBJECTID_12": 157, "SETTLEMENT": "14005", "SETTL_NAME": "Oilgate", "EAST": 700120.978286, "NORTH": 630991.046264, "GUID": "63D8AA64-E9AC-4083-9D9D-F80C94D30A1A"}}, {"type": "Feature", "id": 158, "geometry": {"type": "Polygon", "coordinates": [[[586.6166108253216, 699.9644257565506], [586.6497925964277, 700.021828269262], [587.8715756703862, 700.1242114852676], [588.2128530503669, 700.2655797052254], [588.1550659639659, 700.5778429377289], [588.1415711788501, 700.4629542608031], [587.7795771037589, 700.4478370403093], [587.2864019720117, 700.5674359175089], [586.7886852655157, 700.7333070534528], [586.3235018913654, 700.4882910259018], [585.4849388742133, 700.3068596473408], [585.9475528014283, 700.134450300215], [586.6166108253216, 699.9644257565506]]]}, "properties": {"OBJECTID_12": 158, "SETTLEMENT": "15023", "SETTL_NAME": "Carnew", "EAST": 701591.457469, "NORTH": 663322.996426, "GUID": "FAA9FFB9-AECA-480B-8C89-FBF035DEE164"}}, {"type": "Feature", "id": 159, "geometry": {"type": "Polygon", "coordinates": [[[583.6845932349078, 664.76116725381], [583.2394927832661, 665.6372557145077], [582.7587647308288, 666.0665255155951], [581.9462965330848, 666.1902512430457], [581.8808446964405, 666.1023752925573], [581.5359274463264, 666.1301821455413], [581.5200346816971, 666.0554940516256], [581.9197664796512, 665.880842693871], [583.3108778053461, 665.0321745844407], [583.0548141462997, 664.9624140707496], [583.3197492684875, 664.8786838231205], [583.3753529981504, 664.6682586782412], [583.6845932349078, 664.76116725381]]]}, "properties": {"OBJECTID_12": 159, "SETTLEMENT": "35026", "SETTL_NAME": "Blessington", "EAST": 697755.566246, "NORTH": 714165.576761, "GUID": "B6833949-1DCA-49E5-B30F-D80DA2A881B7"}}, {"type": "Feature", "id": 160, "geometry": {"type": "Polygon", "coordinates": [[[564.6816565174187, 682.0521440758423], [564.9186031141782, 682.1803290254993], [564.8808080344053, 682.3467034168093], [564.7556320123414, 682.346562382652], [565.1405580646293, 682.8869895013282], [566.4765512263328, 683.5435869626311], [565.607306730544, 683.4030130049701], [564.24115207568, 683.7372679732775], [563.9687818166592, 683.691475543421], [563.4769870379926, 683.7220486258927], [563.3581247073387, 683.1268103538881], [563.6889370130806, 682.9717760789642], [564.6816565174187, 682.0521440758423]]]}, "properties": {"OBJECTID_12": 160, "SETTLEMENT": "15001", "SETTL_NAME": "Baltinglass", "EAST": 687082.297512, "NORTH": 688153.430584, "GUID": "1CC20936-39BF-4BC1-8FB0-AB413F670C32"}}, {"type": "Feature", "id": 161, "geometry": {"type": "Polygon", "coordinates": [[[617.3363491929535, 688.875657509416], [618.0748638867626, 688.9154161429327], [618.3413835559797, 689.0340319965964], [617.6278279283254, 689.0290859744358], [617.7663306457866, 689.4255645724211], [617.8361017877227, 689.4667156506181], [618.7416862086475, 689.6319817998419], [618.0349452102058, 689.8582711213835], [617.1723010895413, 689.732037586822], [617.1511813198613, 689.3368471025344], [616.7350295425866, 689.4625866739175], [616.857466951104, 688.9094370821443], [617.3363491929535, 688.875657509416]]]}, "properties": {"OBJECTID_12": 161, "SETTLEMENT": "15013", "SETTL_NAME": "Avoca", "EAST": 720618.827127, "NORTH": 679663.3885, "GUID": "F74A1DC3-930D-441D-ADF4-3C4F9A73622D"}}, {"type": "Feature", "id": 162, "geometry": {"type": "Polygon", "coordinates": [[[605.4808416266251, 689.1454640435857], [607.3668811558603, 689.1973300180804], [606.601407573584, 689.4218839368648], [607.0896716896789, 689.7273627181282], [606.6475138923744, 689.8498978289755], [605.5529758185387, 689.7435077296611], [604.1669366021024, 689.6571405534218], [604.1238390906635, 689.7365350373891], [603.8856037683552, 689.7016238970684], [603.1352588213674, 689.411321162425], [605.3342966923467, 689.1278510608036], [605.6004880375541, 689.0915402285765], [605.4808416266251, 689.1454640435857]]]}, "properties": {"OBJECTID_12": 162, "SETTLEMENT": "15012", "SETTL_NAME": "Aughrim", "EAST": 712756.963152, "NORTH": 679501.137498, "GUID": "4B1FD6A2-745B-4A64-8E91-CABE583EF6A3"}}, {"type": "Feature", "id": 163, "geometry": {"type": "Polygon", "coordinates": [[[626.673878029279, 677.0233503007162], [628.728415488719, 677.6319478229409], [628.7707441191905, 677.7477307879569], [628.2090946450581, 678.2024402237963], [627.9306071147392, 678.1536943297583], [627.5719025296512, 678.0509488972375], [627.7310089513526, 678.0887511290515], [627.5280330667925, 677.7127998312303], [627.2137028791414, 677.4792496971191], [627.452522349631, 677.4475769988868], [627.1093874533323, 677.3525759159527], [626.7428970139392, 677.2577934747657], [626.673878029279, 677.0233503007162]]]}, "properties": {"OBJECTID_12": 163, "SETTLEMENT": "15011", "SETTL_NAME": "Ashford", "EAST": 726609.546868, "NORTH": 697279.396676, "GUID": "4210AB50-A582-43FB-9A3C-1B3337D3075B"}}, {"type": "Feature", "id": 164, "geometry": {"type": "Polygon", "coordinates": [[[628.586092988176, 670.7852112309861], [629.2130478840096, 671.2201610226256], [629.2789628287253, 671.725071821651], [629.3790605353867, 672.0422122171814], [628.5724026842944, 671.992191144344], [627.2000678567296, 671.7674785776874], [627.4159146692331, 671.6975497750137], [627.6342951383488, 671.6599567444274], [627.6073158250208, 671.565222986605], [627.785043422032, 671.5441483405967], [627.5462432502475, 671.4773383278608], [627.5664339959445, 671.1389077201575], [628.586092988176, 670.7852112309861]]]}, "properties": {"OBJECTID_12": 164, "SETTLEMENT": "15017", "SETTL_NAME": "Newtownmountkennedy", "EAST": 726735.506978, "NORTH": 705837.205033, "GUID": "990A28E5-620A-43CE-A1EA-20FB2E8364B9"}}, {"type": "Feature", "id": 165, "geometry": {"type": "Polygon", "coordinates": [[[632.7825215856757, 672.5427801090025], [634.1363011189643, 673.0187464021277], [633.9098982390656, 673.0293493710324], [633.6377315569216, 673.2136986752571], [633.6460776427947, 673.2887670534997], [632.7058324868981, 672.8894245647265], [631.6507849436597, 673.0995206096984], [631.2982333250976, 672.9742287440121], [631.7218788433686, 672.8616225847848], [631.8334720176565, 672.8461440556587], [631.3864125048192, 672.5104521302269], [631.9419269085301, 672.5131851714365], [632.7825215856757, 672.5427801090025]]]}, "properties": {"OBJECTID_12": 165, "SETTLEMENT": "15022", "SETTL_NAME": "Newcastle", "EAST": 729386.164493, "NORTH": 704158.080249, "GUID": "06BFC7D7-F333-4F99-AE55-C183D630C12C"}}, {"type": "Feature", "id": 166, "geometry": {"type": "Polygon", "coordinates": [[[555.6847107160096, 728.0051508103337], [555.3847007173674, 728.4617168246093], [555.5948784786422, 728.4791489115509], [554.6903456921259, 728.5719492525466], [554.1094031393344, 728.5673072863102], [554.0571936511808, 728.510551996641], [554.0705791088566, 728.4448661223117], [554.306929906, 728.1385647683418], [554.4055421335136, 728.1119038955319], [554.570658904832, 728.093754296801], [554.6043484542369, 728.0758021750696], [554.7350849859882, 728.0207071092457], [555.6847107160096, 728.0051508103337]]]}, "properties": {"OBJECTID_12": 166, "SETTLEMENT": "14031", "SETTL_NAME": "Newbawn", "EAST": 681997.473416, "NORTH": 621767.91841, "GUID": "5BBE6FD9-588C-4C1F-8871-C9B80B442E41"}}, {"type": "Feature", "id": 167, "geometry": {"type": "Polygon", "coordinates": [[[588.8121498798336, 714.0518888304109], [588.9393537733418, 714.0857028086476], [588.8704171013856, 714.4477338638811], [588.9341053882442, 714.4925587958102], [589.0304173741355, 714.503813175557], [588.3375530775915, 714.855342800882], [587.8502643988053, 714.8756356399819], [588.0208534496225, 714.4594891215876], [588.233329693649, 714.1899071391506], [588.379043095952, 714.1092232073946], [588.7179637149344, 714.1660759477961], [588.7903972787338, 714.1539429586084], [588.8121498798336, 714.0518888304109]]]}, "properties": {"OBJECTID_12": 167, "SETTLEMENT": "14036", "SETTL_NAME": "Ballysimon", "EAST": 702935.432072, "NORTH": 642540.478977, "GUID": "DD823255-3C8D-48C7-8063-C119E17A43AE"}}, {"type": "Feature", "id": 168, "geometry": {"type": "Polygon", "coordinates": [[[632.4611224613109, 670.1223993110815], [632.6605007512597, 670.1219886036816], [632.6986904804768, 669.7010476807493], [632.97185312896, 669.6692164389879], [633.1557120377845, 669.5285738242713], [634.2347540033994, 669.9891492663213], [634.1173812850261, 670.1092384448393], [635.6520966628192, 670.1401020425435], [635.665416936688, 670.2449345503918], [634.1193643381674, 670.4666359245508], [632.1423970267936, 670.6831993283652], [632.5425711901771, 670.455738509899], [632.4611224613109, 670.1223993110815]]]}, "properties": {"OBJECTID_12": 168, "SETTLEMENT": "15015", "SETTL_NAME": "Kilcoole", "EAST": 729829.32997, "NORTH": 707974.922511, "GUID": "577CFF38-1402-4C28-A44C-77ADF94BB007"}}, {"type": "Feature", "id": 169, "geometry": {"type": "Polygon", "coordinates": [[[523.4792510817515, 637.8807163475768], [523.4822080872224, 637.9188550191475], [523.9230292708459, 638.0022455902987], [522.8852090153291, 638.4532738352245], [522.8005006640011, 638.4015556035249], [522.8210075006838, 638.3730664163041], [522.4683390712042, 638.1500734606681], [522.6382753264267, 638.106971600781], [522.5961021091478, 638.075217267865], [522.6848981545504, 638.0537413846465], [522.5806201776608, 638.0040707778329], [522.5701564906998, 637.8018088229283], [523.4792510817515, 637.8807163475768]]]}, "properties": {"OBJECTID_12": 169, "SETTLEMENT": "13006", "SETTL_NAME": "Raharney", "EAST": 659969.698885, "NORTH": 753117.308957, "GUID": "D9A76B36-E27C-4510-97AA-9255BBA0218E"}}, {"type": "Feature", "id": 170, "geometry": {"type": "Polygon", "coordinates": [[[491.95737865561495, 630.0125290510235], [492.16271428980053, 630.0395180766867], [492.65866161311146, 630.3115123188683], [492.62305736368535, 630.2817346045996], [492.66908663696, 630.2637430623886], [493.2945668102336, 630.3096943555096], [493.4343336110624, 630.3197364335399], [493.52557762899096, 630.3657012853262], [493.5370300324373, 630.4076407094874], [493.4319474876853, 630.4292567991461], [491.7378644680523, 630.3882012778945], [491.54482581634454, 630.4548013856943], [491.95737865561495, 630.0125290510235]]]}, "properties": {"OBJECTID_12": 170, "SETTLEMENT": "13017", "SETTL_NAME": "Multyfarnham", "EAST": 640401.507635, "NORTH": 764150.677706, "GUID": "8928BF16-31B2-4BCA-BA71-913E54470B64"}}, {"type": "Feature", "id": 171, "geometry": {"type": "Polygon", "coordinates": [[[454.6305765769536, 647.2998468737826], [455.10989718282985, 647.3856075838371], [456.9419125876149, 647.4760526325726], [457.25829395439575, 647.5996499244601], [457.17233643510934, 647.6822993954684], [457.46829384866453, 647.6684493793405], [458.5947070877941, 648.3875741587539], [458.27961703553495, 648.348804121844], [458.0187707861312, 648.3116124372182], [457.6349165014848, 648.5249030159428], [457.36299536031146, 648.1899449528443], [454.45976436101336, 647.4002863295526], [454.6305765769536, 647.2998468737826]]]}, "properties": {"OBJECTID_12": 171, "SETTLEMENT": "13002", "SETTL_NAME": "Moate", "EAST": 618539.205316, "NORTH": 738556.594231, "GUID": "59B67E36-FA59-46CD-A9C8-4B60F0C56766"}}, {"type": "Feature", "id": 172, "geometry": {"type": "Polygon", "coordinates": [[[523.500653726689, 643.4478416957867], [521.016103076432, 643.0390453689611], [520.5725220485238, 643.0047380868504], [520.6045291534688, 642.967981637853], [520.4444989850699, 642.9516034075638], [520.4715395369632, 642.9042200586616], [520.3634582309888, 642.8938925111307], [520.4212653065717, 642.8090617895529], [521.4444864432768, 643.0192100689325], [521.5782129931627, 642.9223504670811], [521.9887740766752, 643.0546310579166], [522.2628817438485, 643.1480521855718], [523.500653726689, 643.4478416957867]]]}, "properties": {"OBJECTID_12": 172, "SETTLEMENT": "13010", "SETTL_NAME": "Kinnegad", "EAST": 659445.034706, "NORTH": 745537.508042, "GUID": "25957397-3AD9-415E-984C-889C3B07B371"}}, {"type": "Feature", "id": 173, "geometry": {"type": "Polygon", "coordinates": [[[518.5904733645152, 638.5534023365469], [518.6081853463189, 638.9400722170379], [518.7114880885632, 639.1864434508585], [518.7691856901482, 639.090968087723], [519.165734, 639.3334019600146], [519.2124638360075, 639.4652346716574], [519.2691141238934, 639.6957277992055], [517.8020597673973, 639.8704370661069], [517.3952112091392, 639.8060628449434], [517.8143397449643, 639.1013913573785], [517.9684673209803, 638.6342964439763], [518.292437199312, 638.561826465406], [518.5904733645152, 638.5534023365469]]]}, "properties": {"OBJECTID_12": 173, "SETTLEMENT": "13009", "SETTL_NAME": "Killucan-Rathwire", "EAST": 656897.017677, "NORTH": 751336.091961, "GUID": "EF1DB556-9417-4331-84BB-B6EDB25BBE34"}}, {"type": "Feature", "id": 174, "geometry": {"type": "Polygon", "coordinates": [[[479.9515829671904, 649.709687910535], [480.85136342050134, 649.9105610285287], [481.2564265498955, 649.9657968696529], [481.58302526221865, 650.0254807099175], [481.5774371743595, 650.1127018689231], [480.7706875653728, 650.4297961676649], [480.6280684695243, 650.7183250213051], [480.4194398403904, 650.7228287825961], [480.4100781286219, 650.760004724471], [478.54738693138455, 650.1954491379198], [479.45081689852054, 649.8637772523083], [479.6211947442048, 649.8753820921474], [479.9515829671904, 649.709687910535]]]}, "properties": {"OBJECTID_12": 174, "SETTLEMENT": "13008", "SETTL_NAME": "Kilbeggan", "EAST": 633338.601594, "NORTH": 735384.307118, "GUID": "F48B2D86-55B3-4E55-835A-D77A4E086F03"}}, {"type": "Feature", "id": 175, "geometry": {"type": "Polygon", "coordinates": [[[440.43067263161385, 641.5228932007897], [441.52557991190184, 641.9055277549161], [441.2428586291008, 642.1448508081629], [441.3032899120491, 642.1798629436229], [441.588899532272, 642.1813703740007], [441.2376458996235, 642.2763830446278], [441.352225643648, 642.3055171339332], [440.35405533363945, 642.6523873417246], [440.78387925519576, 642.4134168089719], [440.71710592788907, 642.386938529122], [440.82453999622504, 642.3344384142083], [440.77437677451735, 641.8156331470075], [440.43067263161385, 641.5228932007897]]]}, "properties": {"OBJECTID_12": 175, "SETTLEMENT": "13014", "SETTL_NAME": "Glassan", "EAST": 608875.616629, "NORTH": 746905.890019, "GUID": "2A3664DA-2EB7-43EB-86A1-60CA0CC06478"}}, {"type": "Feature", "id": 176, "geometry": {"type": "Polygon", "coordinates": [[[624.9444114349707, 680.7004296169313], [621.193363016287, 682.252216924846], [621.122323869617, 682.2318620574443], [621.4360390624181, 682.0265368345719], [621.319449622129, 682.0016891160228], [621.0896103623243, 681.6415395875277], [622.1009724144064, 681.6101081476422], [622.5248806035264, 681.3816599534231], [622.6675444897013, 681.4309635234969], [622.782857333313, 681.3599523955168], [622.9848138481067, 681.2133482155851], [624.7218085188789, 680.6742618112709], [624.9444114349707, 680.7004296169313]]]}, "properties": {"OBJECTID_12": 176, "SETTLEMENT": "15014", "SETTL_NAME": "Glenealy", "EAST": 723788.9234, "NORTH": 691687.516406, "GUID": "042CDFEC-E73C-4A7A-96FF-CB58FB70235A"}}, {"type": "Feature", "id": 177, "geometry": {"type": "Polygon", "coordinates": [[[539.5396948026262, 731.7763512820696], [539.8903982301707, 731.8114061711656], [539.9099159911488, 731.9345540811014], [540.1431181852117, 732.8100841741233], [539.7629966352085, 732.8355498902822], [539.7070918613418, 732.8632545747026], [539.6415473482485, 732.8348136992803], [539.7085984618794, 732.7557273324932], [539.1203871869483, 732.0664714559322], [539.1504464333834, 732.0616099745009], [539.389390396337, 731.8009665179632], [539.351931402256, 731.721095617263], [539.5396948026262, 731.7763512820696]]]}, "properties": {"OBJECTID_12": 177, "SETTLEMENT": "14015", "SETTL_NAME": "Campile", "EAST": 672250.207701, "NORTH": 615777.962564, "GUID": "2A54AE96-4026-47F4-8A0C-21BC3D8FBFD9"}}, {"type": "Feature", "id": 178, "geometry": {"type": "Polygon", "coordinates": [[[458.47725787777387, 722.3635179701203], [458.3528353822635, 722.4475787048433], [458.39373585219624, 722.5563687413637], [458.3832212457835, 722.5673695661168], [458.39129884752106, 722.5801237329225], [458.2216672834144, 722.6130704598728], [458.12298124503786, 722.626119942723], [458.09632567102295, 722.5909524993726], [457.9053060206517, 722.6154256040369], [457.8909214941301, 722.5964546375073], [458.08821595794456, 722.4719170251127], [458.2736317577877, 722.3825063312033], [458.47725787777387, 722.3635179701203]]]}, "properties": {"OBJECTID_12": 178, "SETTLEMENT": "23026", "SETTL_NAME": "Lisronagh", "EAST": 620196.582619, "NORTH": 629691.615656, "GUID": "15499230-3B12-4AC5-BEE7-045100996DEB"}}, {"type": "Feature", "id": 179, "geometry": {"type": "Polygon", "coordinates": [[[471.2306838867456, 715.0371968966368], [471.18542039105705, 715.1075767580231], [471.14892379891415, 715.1036856427517], [471.07495579887467, 715.226381201777], [470.793052753792, 715.2265983008742], [470.7961437680619, 715.1327303303844], [470.6838919484, 715.0990928824896], [470.6788502394219, 715.0741844475897], [470.62359375552427, 715.0776617168007], [470.99713709891734, 715.0225150159634], [470.98869151517545, 715.0054216400321], [471.23105340235946, 715.0083179948992], [471.2306838867456, 715.0371968966368]]]}, "properties": {"OBJECTID_12": 179, "SETTLEMENT": "23029", "SETTL_NAME": "Drangan", "EAST": 628176.574932, "NORTH": 640636.983808, "GUID": "7C274546-AECE-41DC-9F33-EB96449FB012"}}, {"type": "Feature", "id": 180, "geometry": {"type": "Polygon", "coordinates": [[[417.74963229660585, 714.5104109752904], [418.1538511450293, 714.5280949388477], [418.12167142093654, 714.5619187657833], [418.27064541505814, 714.7409297420568], [418.0636135046901, 714.7224976387669], [417.7849283777109, 714.717971121575], [417.7122083217088, 714.8018947858989], [417.5528624550656, 714.6847074283353], [417.6056723375157, 714.6153067211098], [417.56495313105813, 714.5750888844685], [417.5337960521472, 714.5143327961199], [417.6811136211531, 714.5031271514127], [417.74963229660585, 714.5104109752904]]]}, "properties": {"OBJECTID_12": 180, "SETTLEMENT": "23025", "SETTL_NAME": "Donaskeigh", "EAST": 594401.110779, "NORTH": 641256.577147, "GUID": "633404BF-2A2F-4AF3-A17C-0B12EA2BBC24"}}, {"type": "Feature", "id": 181, "geometry": {"type": "Polygon", "coordinates": [[[471.7027982424053, 745.8236360489683], [471.7389580384907, 745.8435643656215], [472.537126104432, 745.9021670139073], [472.6757673009579, 745.8574825211593], [473.4270800491136, 746.3552025130439], [472.1341257012544, 746.4354007082171], [471.6363858943787, 746.3493942065497], [471.5890548489643, 746.3705723364949], [471.54682996991573, 746.3721457740435], [471.45432598010984, 746.1029953504207], [471.39858789916053, 746.0632139974166], [471.6946952481013, 746.0019402634418], [471.7027982424053, 745.8236360489683]]]}, "properties": {"OBJECTID_12": 181, "SETTLEMENT": "25004", "SETTL_NAME": "Ballinroad", "EAST": 629256.38866, "NORTH": 594660.991652, "GUID": "D6605ECA-CCE3-4379-9C66-C748FC71BA11"}}, {"type": "Feature", "id": 182, "geometry": {"type": "Polygon", "coordinates": [[[475.5166393597376, 706.6662145529593], [475.40661481321496, 706.7602322462342], [475.461504912368, 706.7755918744934], [475.4419446087168, 706.8203760032043], [475.4205963532032, 706.827142727394], [475.3359213492373, 706.8697404912721], [475.4377504959232, 707.0695013738448], [475.2031365236608, 707.0558210074311], [475.15808488190504, 707.026539883489], [475.061872931248, 706.9500715133073], [474.7001032365792, 706.8401667330918], [474.85599962858987, 706.7411816362442], [475.5166393597376, 706.6662145529593]]]}, "properties": {"OBJECTID_12": 182, "SETTLEMENT": "23028", "SETTL_NAME": "The Commons", "EAST": 630767.701333, "NORTH": 652821.795865, "GUID": "566A26F2-8857-45B5-9A22-5EA5CFDBDA8C"}}, {"type": "Feature", "id": 183, "geometry": {"type": "Polygon", "coordinates": [[[425.96714517751576, 746.5001818434757], [426.05885548602345, 746.5026036916521], [426.136201862416, 747.4192650680941], [425.6626766992768, 747.3769881840643], [424.85152669938344, 747.0816399669969], [424.7104225721237, 747.0364085574697], [424.3274969951595, 746.8580792817572], [424.6515443723776, 746.7987196970976], [425.29775527772904, 746.8388595248556], [425.2829371161579, 746.8034710597691], [425.39098991475413, 746.799468520868], [425.4102984686976, 746.8468424556711], [425.96714517751576, 746.5001818434757]]]}, "properties": {"OBJECTID_12": 183, "SETTLEMENT": "25011", "SETTL_NAME": "Tallow", "EAST": 599478.019446, "NORTH": 593422.531277, "GUID": "7B8C4BC0-05A1-42BF-A5B0-988F4888B274"}}, {"type": "Feature", "id": 184, "geometry": {"type": "Polygon", "coordinates": [[[474.1630071071456, 749.9382943746934], [474.33766536737704, 750.1439237545245], [473.20183011751146, 750.2768197136581], [473.2167421865493, 750.3542401098018], [473.1065540494656, 750.6311744444646], [473.27816033791146, 750.7155619853838], [472.1673165507595, 750.4100028711118], [472.1551383862795, 750.4733513991132], [472.04386667199145, 750.4729054730996], [472.0390252836928, 750.4394404687343], [471.7228723516928, 750.4434468045707], [471.6598345749771, 750.0689789420276], [474.1630071071456, 749.9382943746934]]]}, "properties": {"OBJECTID_12": 184, "SETTLEMENT": "25005", "SETTL_NAME": "An Rinn", "EAST": 629514.141304, "NORTH": 588600.623565, "GUID": "4950795F-88CF-4575-B087-D37847ABFD8D"}}, {"type": "Feature", "id": 185, "geometry": {"type": "Polygon", "coordinates": [[[500.04979583404906, 731.7640651143488], [500.3637695040971, 731.9305853581156], [500.25942682334613, 731.9383183648755], [500.4312278983552, 732.2152333925899], [500.35684788876375, 732.2135758396604], [499.5873237101024, 732.9503957838406], [499.4602582509739, 732.177477294139], [499.4474512651904, 732.1023013723957], [499.3916991606656, 731.8159331103124], [499.87412516209815, 731.8152668206585], [499.8069562870848, 731.6893954630918], [500.0799553118987, 731.6383665149966], [500.04979583404906, 731.7640651143488]]]}, "properties": {"OBJECTID_12": 185, "SETTLEMENT": "25001", "SETTL_NAME": "Portlaw", "EAST": 646722.818379, "NORTH": 615458.114406, "GUID": "5699238C-074F-489B-9E06-3B6554622893"}}, {"type": "Feature", "id": 186, "geometry": {"type": "Polygon", "coordinates": [[[535.9021753828181, 735.8889457227423], [536.590996353359, 736.6115408022231], [535.9472862760491, 737.3470398966023], [536.0447743345941, 737.223942786232], [535.7161809049045, 737.1645761042757], [535.9048167825418, 737.0189994597613], [535.5226645943007, 736.7636918805218], [535.5220205223861, 736.6440657882707], [535.6011082376768, 736.5330970776755], [535.5699790180139, 736.5309460644963], [535.491996284943, 736.4070258794695], [535.5451054142432, 736.0002260434145], [535.9021753828181, 735.8889457227423]]]}, "properties": {"OBJECTID_12": 186, "SETTLEMENT": "25014", "SETTL_NAME": "Passage East", "EAST": 670095.517009, "NORTH": 609256.363192, "GUID": "F9D62EB4-B1C2-4F76-9B87-DACDD5E521F4"}}, {"type": "Feature", "id": 187, "geometry": {"type": "Polygon", "coordinates": [[[484.69233713934614, 743.8980416351009], [484.60713217295256, 743.9107768039565], [485.2192852330645, 744.2894009220829], [484.86503007214185, 744.2779631238333], [484.87605631273385, 744.2446782126934], [484.5275732779616, 744.3168612526246], [484.1449497493184, 744.2228976396043], [483.788717824736, 744.2471783664383], [483.5508054845803, 743.9216647379515], [484.0167156727669, 743.9614940199311], [484.26648613337494, 743.8307811426287], [484.2230562156256, 743.7846923808173], [484.69233713934614, 743.8980416351009]]]}, "properties": {"OBJECTID_12": 187, "SETTLEMENT": "25008", "SETTL_NAME": "Stradbally", "EAST": 637026.227505, "NORTH": 597827.555893, "GUID": "0B30D00E-49CC-42C3-B3D9-C7C5D1C860A8"}}, {"type": "Feature", "id": 188, "geometry": {"type": "Polygon", "coordinates": [[[607.9131772136917, 707.8587983476382], [607.7635080044128, 708.2553921186015], [607.6926933387872, 708.2680375509867], [607.5478756597312, 708.288382393561], [607.2518263046762, 708.1883249191425], [607.0908002507466, 708.2819597279545], [606.7103216276565, 708.1645666630782], [607.2101568029867, 707.9024262736999], [607.1388562629066, 707.9246971472083], [607.0185681636832, 707.7982457715148], [607.3437118688597, 707.7683414983176], [607.7233037376928, 707.6570636757839], [607.9131772136917, 707.8587983476382]]]}, "properties": {"OBJECTID_12": 188, "SETTLEMENT": "14007", "SETTL_NAME": "Ballycanew", "EAST": 714786.636079, "NORTH": 652345.10127, "GUID": "F453BD74-1E6C-4C8E-BB67-C07B1DCF0307"}}, {"type": "Feature", "id": 189, "geometry": {"type": "Polygon", "coordinates": [[[538.1698796094325, 735.4519940700242], [538.1923794362699, 735.4801322631338], [538.3728135881888, 735.4570585230679], [538.395987606224, 735.5061987270166], [538.6112554667893, 735.6449533536835], [538.677583963009, 735.7689525435693], [538.6109104310656, 735.8011786521233], [538.261779404993, 735.9121614211324], [538.3607322025739, 735.866395755346], [538.4565514784618, 735.8290872352867], [538.4660213795872, 735.8035686789832], [537.9535165610858, 735.6087867536083], [538.1698796094325, 735.4519940700242]]]}, "properties": {"OBJECTID_12": 189, "SETTLEMENT": "14037", "SETTL_NAME": "Arthurstown", "EAST": 671473.891332, "NORTH": 610726.271099, "GUID": "FBBB178D-DC11-4CCA-8B52-132378D1E641"}}, {"type": "Feature", "id": 190, "geometry": {"type": "Polygon", "coordinates": [[[537.6098726422474, 734.9735368211766], [537.7099497387754, 735.1038753928893], [537.5982301524587, 735.1192991716883], [537.3126782267115, 735.2086245713688], [536.9532571593387, 735.4090294999031], [536.7482058213515, 735.5956440405627], [536.5443252327178, 735.485499326647], [536.6397996433504, 735.2840290825751], [536.9873744624352, 735.1039607551671], [537.0405350140811, 735.1103117590236], [537.077038547824, 735.0326321953461], [537.3805298275072, 735.1062013831988], [537.6098726422474, 734.9735368211766]]]}, "properties": {"OBJECTID_12": 190, "SETTLEMENT": "14014", "SETTL_NAME": "Ballyhack", "EAST": 670685.872984, "NORTH": 611256.013023, "GUID": "C1623EEB-1AF5-477C-9B58-F54653268DD4"}}, {"type": "Feature", "id": 191, "geometry": {"type": "Polygon", "coordinates": [[[558.4250912923925, 731.3322808699018], [558.5026698624725, 731.3560744961474], [558.4632387273547, 731.3550412084305], [558.4605917368768, 731.7282463244275], [557.7958154869654, 731.9166116218809], [557.72374411304, 731.9185510485999], [557.3844877167659, 731.938598395799], [556.7820232849024, 731.9011709068324], [556.6748346058442, 731.8393718117245], [557.051885226799, 731.4735892913988], [557.0878134731466, 731.4133020127491], [558.0697852858592, 731.287552230332], [558.4250912923925, 731.3322808699018]]]}, "properties": {"OBJECTID_12": 191, "SETTLEMENT": "14033", "SETTL_NAME": "Clongeen", "EAST": 683833.720115, "NORTH": 616848.079972, "GUID": "8BD1C2B9-B331-4DFC-8822-9CEB036EE5E4"}}, {"type": "Feature", "id": 192, "geometry": {"type": "Polygon", "coordinates": [[[401.5596377873995, 693.8713911761279], [401.5780628127243, 693.9006738099558], [402.1953759838709, 694.0611164521976], [401.6444180040992, 694.0910377425705], [401.1049260708523, 694.2574095746585], [401.0922438725088, 694.2272230600634], [401.05283638940375, 694.2404730144125], [400.74551741546026, 694.2412788097644], [400.7293455905312, 693.951834979487], [401.3731386170293, 693.9225373767658], [401.4488607004768, 693.9415695897205], [401.52117022519786, 693.8186977039386], [401.5596377873995, 693.8713911761279]]]}, "properties": {"OBJECTID_12": 192, "SETTLEMENT": "22016", "SETTL_NAME": "Silvermines", "EAST": 583943.953462, "NORTH": 671471.163467, "GUID": "58226700-5E00-43FE-8495-428CB0FA51EC"}}, {"type": "Feature", "id": 193, "geometry": {"type": "Polygon", "coordinates": [[[462.1705198676224, 709.4603948833865], [462.2248588688864, 709.4665457304781], [462.40882143418776, 709.4335226843397], [462.58908901549864, 709.6377470087092], [462.58456990184, 709.6569633212011], [462.19325748050454, 709.5613153476218], [462.028748687376, 709.6017711807697], [462.0177510229824, 709.5795820959977], [462.04213112706026, 709.555839901019], [462.0241362602944, 709.5253568923343], [462.0232718246304, 709.5035752705013], [462.20894655513814, 709.4351019709746], [462.1705198676224, 709.4603948833865]]]}, "properties": {"OBJECTID_12": 193, "SETTLEMENT": "23027", "SETTL_NAME": "Ballynonty", "EAST": 622649.227233, "NORTH": 648808.656403, "GUID": "5128211E-5F8E-4B7F-896E-CC666ACEAFED"}}, {"type": "Feature", "id": 194, "geometry": {"type": "Polygon", "coordinates": [[[604.3057888352117, 734.9190390535174], [604.0215418283701, 735.4660589491597], [603.570278751919, 735.5478968731637], [603.6751458176459, 735.3295283279092], [603.2121222752342, 735.3580846458328], [602.6727895756586, 735.2364446891289], [602.4150846195829, 735.2123351963915], [602.329891558737, 735.3581127661575], [602.1281022599616, 735.33386596325], [602.1794042586123, 735.1350903942587], [603.9293500392682, 734.6431991950126], [603.9649644123936, 734.6233970883478], [604.3057888352117, 734.9190390535174]]]}, "properties": {"OBJECTID_12": 194, "SETTLEMENT": "14019", "SETTL_NAME": "Ballygeary or Rosslare Harbour", "EAST": 713408.449571, "NORTH": 612082.728455, "GUID": "04646A58-51C6-48FF-8E7B-53C83383B38A"}}, {"type": "Feature", "id": 195, "geometry": {"type": "Polygon", "coordinates": [[[550.3693048852394, 732.578040164765], [550.5450072150326, 732.6877896650138], [550.704685938576, 732.9584934252885], [551.2828884742464, 733.0643149436717], [551.5263349631776, 733.1419469376542], [551.6238341622421, 733.1475273955302], [551.6222141382016, 733.1907824738911], [551.1365570402048, 733.2348245978268], [551.18481327064, 733.4359405720872], [550.2383360793953, 733.1370156671385], [550.1008814976043, 733.1703161304457], [549.7327990225259, 732.6648068158449], [550.3693048852394, 732.578040164765]]]}, "properties": {"OBJECTID_12": 195, "SETTLEMENT": "14032", "SETTL_NAME": "Ballycullane", "EAST": 679305.928022, "NORTH": 614745.192604, "GUID": "1541EF77-4570-4DEB-95D1-612E2B4A28AA"}}, {"type": "Feature", "id": 196, "geometry": {"type": "Polygon", "coordinates": [[[497.8416790880352, 740.2345943474086], [497.7476969975307, 740.9597647225833], [497.65725307819946, 740.9637393901792], [497.47200487829866, 740.8530399313353], [497.4455370909376, 740.8268049504206], [497.3695602218965, 740.829283974355], [497.2303124442208, 740.7289805726183], [497.3357735758933, 740.6104135625991], [497.55484696661654, 740.5284749103564], [497.30004909801494, 740.2486693285064], [497.67475017993496, 740.3168796585231], [497.6933381101536, 740.22188852013], [497.8416790880352, 740.2345943474086]]]}, "properties": {"OBJECTID_12": 196, "SETTLEMENT": "25018", "SETTL_NAME": "Kill", "EAST": 645467.404935, "NORTH": 603072.225036, "GUID": "43C95A14-6FCB-47CF-B817-807DE0BE592E"}}, {"type": "Feature", "id": 197, "geometry": {"type": "Polygon", "coordinates": [[[505.27038567967895, 740.7955604264611], [505.2544425064917, 740.8774331137643], [505.48067487838614, 740.9657141191736], [505.4082655122731, 741.1235027562963], [505.2371577216672, 741.2095687809219], [505.0063497142304, 741.1743771499624], [505.0593352463893, 741.123924529743], [504.8950809821259, 741.1113572182785], [504.9879697607072, 741.0485702666424], [505.07684107528536, 741.0272363447438], [504.8489230676693, 740.9554154225635], [504.8049685731968, 740.8438665364529], [505.27038567967895, 740.7955604264611]]]}, "properties": {"OBJECTID_12": 197, "SETTLEMENT": "25022", "SETTL_NAME": "Dunhill", "EAST": 650323.572656, "NORTH": 602538.085294, "GUID": "F0978663-B53D-4576-8EA3-40E8D25DE221"}}, {"type": "Feature", "id": 198, "geometry": {"type": "Polygon", "coordinates": [[[563.376948232272, 724.0655536938029], [563.8927150051616, 724.4473491287987], [563.9399796302283, 724.4581930830965], [563.9132548772031, 724.677928809045], [563.6674330800234, 724.585616958831], [562.96802431464, 724.6788424181968], [562.5648311717589, 724.7260243203531], [562.6007197571498, 724.7095620999602], [562.6562780644, 724.5847917164973], [563.0980342035275, 724.4464491656055], [563.0100022452107, 724.3900279038188], [563.0367843015904, 724.2922721024171], [563.376948232272, 724.0655536938029]]]}, "properties": {"OBJECTID_12": 198, "SETTLEMENT": "14030", "SETTL_NAME": "Adamstown", "EAST": 687257.916242, "NORTH": 627631.969315, "GUID": "6D6E3B35-F853-49E6-8308-AB0D14822E6B"}}, {"type": "Feature", "id": 199, "geometry": {"type": "Polygon", "coordinates": [[[448.71066460780054, 680.6479325501155], [450.9217067433024, 681.357298561318], [450.95445420038504, 681.4725380664346], [451.37030491277227, 681.4558804598759], [451.07875974111573, 681.6390728257232], [447.8104057282656, 682.6533819124581], [447.19685668346773, 682.191828164318], [447.0725533509685, 682.1124905680981], [447.5885955714069, 681.9047598294253], [447.30626068624, 681.8242395284796], [445.7962574863008, 680.7429057456925], [447.8541597396672, 681.1587592170508], [448.71066460780054, 680.6479325501155]]]}, "properties": {"OBJECTID_12": 199, "SETTLEMENT": "22009", "SETTL_NAME": "Roscrea", "EAST": 613947.528581, "NORTH": 689325.837088, "GUID": "40817C73-4E39-44F6-BCCC-0BF99C3B2D8E"}}, {"type": "Feature", "id": 200, "geometry": {"type": "Polygon", "coordinates": [[[456.7387270017845, 694.1773931093198], [456.803769076736, 694.1905921951828], [456.7766648328704, 694.2333544830142], [456.95108328744533, 694.207258652553], [457.2259649336619, 694.5002134407456], [457.41657042400215, 694.5958546875809], [457.49462571181334, 694.5726244674587], [457.8934161409888, 694.8254481312742], [457.2149734835968, 694.7248577398311], [457.0787629909611, 694.703001281235], [456.18872885114456, 694.6235679659037], [455.9011860489088, 694.4603530199879], [456.7387270017845, 694.1773931093198]]]}, "properties": {"OBJECTID_12": 200, "SETTLEMENT": "22015", "SETTL_NAME": "Templetuohy", "EAST": 619084.068932, "NORTH": 670792.688144, "GUID": "08237361-D7DA-4A1E-839F-021E6AB8F930"}}, {"type": "Feature", "id": 201, "geometry": {"type": "Polygon", "coordinates": [[[457.78168761373547, 702.8736432087263], [457.6757895629024, 703.0817767481497], [458.38571281183465, 703.1440189465042], [458.80654670239574, 703.0933925719671], [459.1404592856661, 703.0764439872485], [459.1617618970144, 703.1723818804097], [459.1821643638933, 703.2642681307875], [459.3012188995957, 703.262861017549], [457.13141741194346, 703.3413267607231], [456.37156076134613, 703.429546576989], [456.3979022339552, 703.3794304398908], [457.3284316653792, 702.668067047395], [457.78168761373547, 702.8736432087263]]]}, "properties": {"OBJECTID_12": 201, "SETTLEMENT": "22017", "SETTL_NAME": "Twomileborris", "EAST": 619665.991745, "NORTH": 658118.66364, "GUID": "1F066602-DB67-43A6-8AAF-1A8DEAC6BF93"}}, {"type": "Feature", "id": 202, "geometry": {"type": "Polygon", "coordinates": [[[423.5309599088384, 689.5300765698156], [423.433367431408, 689.9088686075089], [423.40359095545705, 690.0670029251173], [423.107998463968, 690.1704656206662], [423.0266407270581, 690.1760165951954], [423.0543954531829, 690.0822320738563], [422.9027707416384, 690.0596291845217], [422.69785094489174, 689.8983431811023], [422.6090466855744, 689.9106745305052], [422.14170306163305, 689.8296295763253], [423.2197725704427, 689.5525872052009], [423.2833184576629, 689.5860171958026], [423.5309599088384, 689.5300765698156]]]}, "properties": {"OBJECTID_12": 202, "SETTLEMENT": "22008", "SETTL_NAME": "Toomevara", "EAST": 597631.254915, "NORTH": 677637.767387, "GUID": "5A626AE5-4A60-43F1-962B-7AA76E404F23"}}, {"type": "Feature", "id": 203, "geometry": {"type": "Polygon", "coordinates": [[[370.47717646198936, 574.4022738943656], [370.49517316274773, 574.4517078722045], [370.7201148111456, 574.4159114101141], [370.7444250587072, 574.5441208501126], [370.54321717268056, 574.543209420846], [370.1937653139509, 574.6818172096838], [370.16035409630933, 574.6281503970802], [369.9868424670293, 574.4560815628615], [370.13382971045974, 574.4517075738281], [370.0926693984672, 574.3158329907681], [370.12403750545064, 574.3036499573651], [370.1268524752853, 574.2580441007955], [370.47717646198936, 574.4022738943656]]]}, "properties": {"OBJECTID_12": 203, "SETTLEMENT": "31020", "SETTL_NAME": "Carney", "EAST": 565669.699575, "NORTH": 843459.842488, "GUID": "1793F731-5940-48CB-B789-6725BD4B46AF"}}, {"type": "Feature", "id": 204, "geometry": {"type": "Polygon", "coordinates": [[[378.7755712212491, 585.3875982143899], [379.10037559392424, 585.5891102653193], [379.11002186543146, 585.7469793733471], [378.99861027765013, 585.757935770991], [379.9779720538784, 585.9175379696386], [379.9866266485269, 585.9516952840067], [379.98153671571947, 586.1726293489668], [380.29478821804054, 586.4081490854841], [378.1554415723733, 585.9809388615629], [378.224378029936, 585.7856944860546], [378.08421577961815, 585.6207231886616], [378.02778428878827, 585.5218666319763], [378.7755712212491, 585.3875982143899]]]}, "properties": {"OBJECTID_12": 204, "SETTLEMENT": "31019", "SETTL_NAME": "Ballygawley", "EAST": 570862.492149, "NORTH": 827283.277541, "GUID": "842E12D7-4652-4B6E-B075-46D390A5FEFB"}}, {"type": "Feature", "id": 205, "geometry": {"type": "Polygon", "coordinates": [[[372.49848369005974, 584.0819575465741], [372.0042204394229, 584.738940240165], [371.51057392601706, 584.6872385153697], [371.1566002380469, 584.5850173024647], [371.10191337914665, 584.6199044489829], [370.89833903981867, 584.5734214381989], [370.83990790506135, 584.4363742289291], [371.026629372112, 584.411511994278], [370.99520175961385, 584.3572854776951], [371.9491248817675, 584.3741115387974], [371.99264526577707, 584.4539452721649], [372.26258433328536, 584.3767375733696], [372.49848369005974, 584.0819575465741]]]}, "properties": {"OBJECTID_12": 205, "SETTLEMENT": "31006", "SETTL_NAME": "Ballisodare", "EAST": 566662.761021, "NORTH": 829230.744132, "GUID": "E3944BBE-70AA-4BB3-87DB-E860BC037A0F"}}, {"type": "Feature", "id": 206, "geometry": {"type": "Polygon", "coordinates": [[[391.28846465940904, 686.9407870821834], [389.84272350195414, 687.348799480673], [388.05766271158933, 687.5743515457874], [388.4869803187925, 687.2247398504256], [388.8437628808885, 687.2998037486757], [389.40598103558295, 687.0058664007088], [389.65148713213864, 686.9461161367454], [389.69759066578024, 687.0599543436525], [389.89123484285227, 687.0314008235154], [390.39127097697707, 686.9953656243586], [390.58881599561494, 686.9597622735017], [390.5719286908704, 686.909995670162], [391.28846465940904, 686.9407870821834]]]}, "properties": {"OBJECTID_12": 206, "SETTLEMENT": "22006", "SETTL_NAME": "Portroe", "EAST": 576960.377676, "NORTH": 681571.842425, "GUID": "C0E49423-F0A5-4636-A1FC-23D99A6E91C4"}}, {"type": "Feature", "id": 207, "geometry": {"type": "Polygon", "coordinates": [[[384.2055928466912, 699.7775703793587], [384.80659144044375, 699.9218914533941], [384.7076913517355, 699.9248832997732], [382.3260365207168, 701.351088400647], [382.78678436621016, 700.854277051697], [382.76551582546665, 700.806129843994], [382.5314455220907, 700.8858900068651], [382.6555759627072, 700.3670065926997], [383.06455699016215, 700.0885446941927], [383.18853046767146, 699.7994929422318], [384.2673508800128, 699.9185855855931], [383.8521306424128, 699.7318720560281], [384.2055928466912, 699.7775703793587]]]}, "properties": {"OBJECTID_12": 207, "SETTLEMENT": "22005", "SETTL_NAME": "Newport", "EAST": 572631.429652, "NORTH": 662209.850654, "GUID": "FE0794F2-9106-40E2-B33F-41E5CF58CE46"}}, {"type": "Feature", "id": 208, "geometry": {"type": "Polygon", "coordinates": [[[480.50072788123947, 715.0164883302995], [479.7296317171904, 716.0209500179217], [479.61067653874346, 716.0443867018373], [479.7098784348832, 716.1752274097144], [479.4418587353557, 715.8048003528111], [479.1238839548469, 715.5912917566978], [478.90353282844904, 715.7138224147], [478.92098092558507, 715.5570185365196], [479.304789317184, 715.3021409724437], [479.75647489265066, 715.2850250525557], [479.67092798420373, 715.2330185237697], [480.3245103749429, 715.0361095537959], [480.50072788123947, 715.0164883302995]]]}, "properties": {"OBJECTID_12": 208, "SETTLEMENT": "23014", "SETTL_NAME": "Mullinahone", "EAST": 633655.914467, "NORTH": 640033.040783, "GUID": "A3B55E90-E8AD-4E1C-A67F-BFD23D2AD459"}}, {"type": "Feature", "id": 209, "geometry": {"type": "Polygon", "coordinates": [[[471.6920987023275, 726.4351939729959], [472.8576677000416, 726.6206019972382], [472.88054465149014, 726.7719203925869], [472.29127241427625, 726.8153880198922], [472.32333910725225, 726.9926340068786], [472.31353515699305, 727.015818690621], [471.3352541495285, 726.8749209514629], [470.2870611878155, 726.6797166716394], [470.24922461746667, 726.6242595921576], [470.2865870304149, 726.5964774421159], [470.3210571852384, 726.438168377659], [471.67276077253655, 726.3989598879843], [471.6920987023275, 726.4351939729959]]]}, "properties": {"OBJECTID_12": 209, "SETTLEMENT": "23013", "SETTL_NAME": "Kilsheelan", "EAST": 628629.569668, "NORTH": 623567.699961, "GUID": "241C7BFC-470B-4B2E-8E7F-D555B5DF02F4"}}, {"type": "Feature", "id": 210, "geometry": {"type": "Polygon", "coordinates": [[[469.4250959710923, 702.7989536860979], [469.15677635960105, 703.020566655297], [469.6488484686699, 703.1303510365013], [469.10186908570455, 703.1161406881864], [469.010342543936, 703.1728597707058], [468.95230455920426, 703.1578265468531], [468.78543635227305, 703.3059393229952], [468.5612069085611, 703.5192783144352], [468.4970355480576, 703.3370041837989], [468.76385047865386, 703.0569980114992], [468.9474773389109, 702.8612067657472], [469.04335307910935, 702.7914946771883], [469.4250959710923, 702.7989536860979]]]}, "properties": {"OBJECTID_12": 210, "SETTLEMENT": "23021", "SETTL_NAME": "Gortnahoo", "EAST": 626852.982752, "NORTH": 658348.099827, "GUID": "4514F753-1924-4340-982B-DEE10055D191"}}, {"type": "Feature", "id": 211, "geometry": {"type": "Polygon", "coordinates": [[[459.5868373880427, 717.9151070769166], [459.6151914944896, 717.9895619941083], [459.7193998375787, 718.3344337605658], [458.76220220833494, 719.2482679953936], [457.90342816986026, 718.7927787898612], [458.0459612935019, 718.7088506436683], [457.9138676771616, 718.6644365018255], [457.76514111283416, 718.5160967925643], [459.16348428589225, 717.8757836043037], [459.6306425763179, 717.8102898969281], [459.6448001754453, 717.8547874349805], [459.56485451976533, 717.8617381164102], [459.5868373880427, 717.9151070769166]]]}, "properties": {"OBJECTID_12": 211, "SETTLEMENT": "23004", "SETTL_NAME": "Fethard", "EAST": 620713.242706, "NORTH": 635240.299198, "GUID": "24D5F135-29A5-41FC-84FE-72D5B747CA34"}}, {"type": "Feature", "id": 212, "geometry": {"type": "Polygon", "coordinates": [[[421.41309719250347, 711.6999879265069], [421.5506806405323, 711.6933850380415], [421.7439956029963, 711.6752877001319], [421.8692112024843, 711.7418634831059], [422.11025019346454, 711.6571450523064], [422.6953552092768, 711.9737120127598], [422.36976650591464, 712.0670222634335], [422.19003231160104, 711.939266981841], [421.16905539023253, 712.0700060359969], [421.2633061965899, 711.9867058919012], [420.8808917958272, 711.7824980051146], [421.39615718224536, 711.6516318707307], [421.41309719250347, 711.6999879265069]]]}, "properties": {"OBJECTID_12": 212, "SETTLEMENT": "23003", "SETTL_NAME": "Dundrum", "EAST": 596882.054953, "NORTH": 645336.313835, "GUID": "8E50E903-052E-4A56-BC03-C8E83A67F82A"}}, {"type": "Feature", "id": 213, "geometry": {"type": "Polygon", "coordinates": [[[476.5604537319488, 633.340959593407], [476.3723775029003, 633.5673600141353], [476.5002718344608, 633.5172111767808], [477.0493670857547, 633.5800640084486], [477.1125990571616, 633.5956714496282], [477.0349227415541, 633.6332898109638], [476.8818118369547, 633.6005771122018], [475.8009267036128, 633.6559431182272], [475.9432953904416, 633.4066123768375], [475.860833440624, 633.3774163136247], [476.5099900252096, 633.1128004573001], [476.4647375837013, 633.2860691263946], [476.5604537319488, 633.340959593407]]]}, "properties": {"OBJECTID_12": 213, "SETTLEMENT": "13007", "SETTL_NAME": "Ballynacargy", "EAST": 630828.966078, "NORTH": 759414.218108, "GUID": "2B1FAD4B-3D57-46CC-805F-99F1A4685C62"}}, {"type": "Feature", "id": 214, "geometry": {"type": "Polygon", "coordinates": [[[454.6813762287979, 705.6994819149943], [454.9003276122016, 705.6385289129471], [455.4620032962208, 705.8090137464773], [455.45593090043093, 705.8768954176419], [455.5241797075349, 705.87814761617], [455.5331260010368, 705.9659036336923], [455.0847052295552, 705.9811384558614], [454.97119203679256, 706.030906925511], [455.0027512797536, 706.1471313007844], [454.73378697497384, 706.1096627122046], [454.2324180789461, 705.9309061646052], [454.103237705616, 705.4279109453275], [454.6813762287979, 705.6994819149943]]]}, "properties": {"OBJECTID_12": 214, "SETTLEMENT": "22014", "SETTL_NAME": "Littleton", "EAST": 617800.232076, "NORTH": 654246.301171, "GUID": "48EF8883-DB9A-4DC0-AF45-7D8A421D7692"}}, {"type": "Feature", "id": 215, "geometry": {"type": "Polygon", "coordinates": [[[397.3876695200384, 683.9684301948328], [397.64162511235094, 684.1742207417818], [397.8033104470859, 684.2693808521052], [397.25467514535575, 684.4639940740104], [397.1957753092277, 684.4535067292345], [397.1007290660576, 684.5307841144768], [396.9464949424469, 684.5062425274783], [397.1008783727413, 684.272895350191], [396.7831815661077, 684.1931262701432], [396.70720987466456, 684.2153576404563], [396.6996600299424, 684.1612675677931], [397.06042978966934, 683.9975613476317], [397.3876695200384, 683.9684301948328]]]}, "properties": {"OBJECTID_12": 215, "SETTLEMENT": "22021", "SETTL_NAME": "Dromineer", "EAST": 581477.445998, "NORTH": 685885.851973, "GUID": "95704138-ACB8-47EB-A360-892A57F0D28A"}}, {"type": "Feature", "id": 216, "geometry": {"type": "Polygon", "coordinates": [[[427.769385751472, 716.4223896884748], [427.7738753741024, 716.4790067925244], [429.09617936191256, 716.4808020130243], [428.955036541024, 716.5315528410857], [428.88242380821976, 716.5634223995405], [428.5551359407136, 716.5600342442713], [428.5212872927723, 716.6267132428103], [428.3551591012341, 716.6350526369638], [428.4194991139477, 716.7873652003012], [428.2702490655424, 716.7853623032767], [427.7000714361483, 716.7924825976121], [427.7225929850421, 716.6786574352253], [427.769385751472, 716.4223896884748]]]}, "properties": {"OBJECTID_12": 216, "SETTLEMENT": "23019", "SETTL_NAME": "Golden", "EAST": 601071.173368, "NORTH": 638430.644718, "GUID": "586F2B91-C94F-46EB-8C17-0B34AC98645A"}}, {"type": "Feature", "id": 217, "geometry": {"type": "Polygon", "coordinates": [[[455.89028908016, 757.1667029133088], [457.31571012704, 757.753094088879], [456.960397961552, 757.9184941628819], [455.2472013220512, 757.6288636354845], [455.0931486776917, 757.628350693868], [455.1051987434261, 757.5671409806715], [455.0222106338816, 757.4260704348484], [454.9865068823008, 757.4045905034327], [455.8784780843243, 757.435613929077], [455.8119333162048, 757.3144415938172], [455.656691925808, 757.3163625377114], [455.763119664224, 757.1857967359632], [455.89028908016, 757.1667029133088]]]}, "properties": {"OBJECTID_12": 217, "SETTLEMENT": "25016", "SETTL_NAME": "Ardmore", "EAST": 619024.956887, "NORTH": 577583.681414, "GUID": "C1DF3ADD-0C7F-4838-BC54-36D088B93909"}}, {"type": "Feature", "id": 218, "geometry": {"type": "Polygon", "coordinates": [[[446.55123716212904, 748.3822198355608], [446.3186968635872, 748.6220091225936], [445.0812473251733, 748.9566106812873], [444.9757157053963, 748.5810967390473], [444.7786159126496, 748.4418309398415], [445.6477316271712, 748.4073112785907], [445.7190024620299, 748.4671006204294], [445.743902013648, 748.5304614821779], [446.0817740761515, 748.444291564124], [446.06539684484585, 748.4300510913305], [446.2779443703691, 748.3627237377692], [446.4415658632149, 748.3743611065144], [446.55123716212904, 748.3822198355608]]]}, "properties": {"OBJECTID_12": 218, "SETTLEMENT": "25021", "SETTL_NAME": "Aglish", "EAST": 612072.862009, "NORTH": 590867.075873, "GUID": "D90ECD8F-94F1-4148-85C6-4D14E6614968"}}, {"type": "Feature", "id": 219, "geometry": {"type": "Polygon", "coordinates": [[[443.6102133932981, 746.8185366269608], [443.7347191084971, 746.8281084209857], [443.2291136768928, 747.2490669820085], [442.7875399437515, 747.4336427676303], [442.12661169042667, 747.5477922061358], [441.9266631934283, 747.5784806131464], [441.41767547478827, 747.59423540462], [441.36481739922453, 747.3353830821281], [442.28815631094614, 747.243405765366], [442.2026155527573, 747.1757773479683], [442.18204054133975, 747.0081552933226], [442.87488504928854, 746.9752700721003], [443.6102133932981, 746.8185366269608]]]}, "properties": {"OBJECTID_12": 219, "SETTLEMENT": "25019", "SETTL_NAME": "Villierstown", "EAST": 610100.656348, "NORTH": 592937.043588, "GUID": "25CE72E1-3756-4141-94CE-749F3AD5F13F"}}, {"type": "Feature", "id": 220, "geometry": {"type": "Polygon", "coordinates": [[[442.8536990806432, 742.8636408702241], [443.2490040715168, 742.9310791289904], [444.0852769171061, 742.7699460540498], [444.06704095949334, 742.8926595949503], [444.3456617621877, 742.9053669380831], [444.33269279075625, 742.9751393163097], [444.10611133185495, 742.970718875398], [444.10864275527894, 743.0626381768284], [443.7444146356085, 743.0788892532917], [442.53008344379094, 743.0576540470556], [442.2862909100544, 742.8992644167224], [442.2659709249077, 742.8255370875013], [442.8536990806432, 742.8636408702241]]]}, "properties": {"OBJECTID_12": 220, "SETTLEMENT": "25009", "SETTL_NAME": "Cappoquin", "EAST": 610668.784442, "NORTH": 599434.027823, "GUID": "727C3ECD-1CC0-4888-A90B-23A05E2D89A0"}}, {"type": "Feature", "id": 221, "geometry": {"type": "Polygon", "coordinates": [[[460.15048963231146, 640.4215761885401], [460.41972299938453, 640.4374703947129], [461.6383521211371, 640.643114462275], [461.60873748063784, 640.607076882619], [463.2236231473803, 640.498951125389], [462.6963765017451, 640.7390371857298], [460.54574044161495, 640.8182052359203], [460.54111789354346, 640.7705125782983], [460.19369455507945, 640.812632465107], [460.16196999672536, 640.5362754627979], [460.2395223090816, 640.5328871054385], [460.2276821888491, 640.4753047431018], [460.15048963231146, 640.4215761885401]]]}, "properties": {"OBJECTID_12": 221, "SETTLEMENT": "13015", "SETTL_NAME": "Ballymore", "EAST": 621793.912875, "NORTH": 749039.138238, "GUID": "DD30D3BC-7057-4369-A803-EC0AE78E8FB6"}}, {"type": "Feature", "id": 222, "geometry": {"type": "Polygon", "coordinates": [[[507.60051989808744, 736.3655592747186], [507.82185297286827, 736.4403999566065], [507.756818736608, 736.4883114835905], [508.1732088114496, 736.5944660659097], [508.244449219072, 736.6434879249401], [508.29012551589653, 736.6340577196911], [508.26853828728747, 736.6915402774863], [507.3707755633536, 736.6391320254743], [507.2417752815584, 736.5563220320712], [507.3533725439584, 736.4302840475801], [507.04303830389335, 736.3296875212511], [507.0852788391563, 736.311097160779], [507.60051989808744, 736.3655592747186]]]}, "properties": {"OBJECTID_12": 222, "SETTLEMENT": "25024", "SETTL_NAME": "Kilmeaden", "EAST": 651841.650578, "NORTH": 609214.051377, "GUID": "A199B0E5-E5B2-4744-827B-B01E2EBD3CE5"}}, {"type": "Feature", "id": 223, "geometry": {"type": "Polygon", "coordinates": [[[374.112164003648, 586.1790779804824], [375.3565058447808, 586.4861871528487], [375.2241681442752, 586.7836714663403], [375.48542550326613, 586.9070532598637], [375.3835125324875, 586.8996056856749], [374.85717081421336, 587.1646591901308], [373.8540999696448, 586.9858018340399], [373.7064104665707, 586.9321702417916], [373.1819368851989, 587.1536441663623], [372.6884100383744, 587.0768780790816], [373.94066575319573, 585.9923262967507], [374.0507056699179, 585.9900532423309], [374.112164003648, 586.1790779804824]]]}, "properties": {"OBJECTID_12": 223, "SETTLEMENT": "31009", "SETTL_NAME": "Collooney", "EAST": 567923.345015, "NORTH": 826053.610289, "GUID": "C284C301-CFCA-4431-9B5A-46C8E724CEE4"}}, {"type": "Feature", "id": 224, "geometry": {"type": "Polygon", "coordinates": [[[455.74705835517545, 733.6038655840674], [456.5418711676064, 733.7473680010679], [457.14362471400744, 733.8517036074655], [457.12336410486296, 733.8989736931399], [456.92247818637867, 733.8954158123923], [456.926955295616, 733.9225165989848], [456.14654549163305, 733.9339844760513], [455.9409990648427, 733.9058164428695], [455.89268045003627, 733.824701556779], [455.81194395299735, 733.8176513469508], [455.83957863107946, 733.7955294608562], [455.67584159636056, 733.6808294514861], [455.74705835517545, 733.6038655840674]]]}, "properties": {"OBJECTID_12": 224, "SETTLEMENT": "25023", "SETTL_NAME": "Ballymacarbry", "EAST": 618948.843474, "NORTH": 612980.020693, "GUID": "720938B3-1A16-4894-BAFB-B7BC0EC7AE98"}}, {"type": "Feature", "id": 225, "geometry": {"type": "Polygon", "coordinates": [[[477.6054782893621, 740.8924294302096], [477.83140602567465, 741.1206918987677], [478.1339272709376, 741.218846449916], [478.0342744205888, 741.252750682977], [478.1312681288747, 741.4339292446098], [477.4682271516853, 741.5692638059935], [476.6462202467456, 741.5550686443901], [475.9797270757312, 741.4728231820869], [477.32657642990824, 741.1324262856148], [477.35809859132905, 740.9792495716555], [477.46282929290135, 740.9605570576259], [477.68109768651306, 740.8468402709498], [477.6054782893621, 740.8924294302096]]]}, "properties": {"OBJECTID_12": 225, "SETTLEMENT": "25007", "SETTL_NAME": "Lemybrien", "EAST": 632524.804816, "NORTH": 601814.936339, "GUID": "3C28C3D1-25FE-4FC5-8841-9F99A74AD18E"}}, {"type": "Feature", "id": 226, "geometry": {"type": "Polygon", "coordinates": [[[488.5860893739104, 738.1851325772049], [488.33222697067305, 738.7688698471684], [488.27246315084375, 738.7927463698788], [488.31482976576535, 738.8138294127252], [488.26662665751894, 738.8292312422512], [488.39755988103786, 738.9465641105053], [487.54465419956693, 739.0185390893625], [487.3594227203797, 738.8542173972623], [487.18144031830826, 738.720972754883], [487.10155449468266, 738.5913815424859], [487.0270396357216, 738.5226104193782], [487.94205961970664, 738.348282742832], [488.5860893739104, 738.1851325772049]]]}, "properties": {"OBJECTID_12": 226, "SETTLEMENT": "25006", "SETTL_NAME": "Kilmacthomas", "EAST": 639363.868459, "NORTH": 606040.183934, "GUID": "7784D895-3E78-4256-A29B-D7BB43864AFC"}}, {"type": "Feature", "id": 227, "geometry": {"type": "Polygon", "coordinates": [[[524.2793794699232, 630.7105184149731], [524.3160571892192, 630.7757343929333], [524.1992634160715, 630.8828294979548], [525.3161758448512, 631.1963997836723], [525.2790232699253, 631.2519260343523], [524.1007351191968, 631.7232384858996], [523.8537343914742, 631.6533810392145], [523.0409521461536, 631.5113753496247], [523.6634684546315, 630.9823632261886], [523.5790797909237, 630.9143376024042], [523.9041121923648, 630.833055402726], [523.815859847232, 630.7960566968695], [524.2793794699232, 630.7105184149731]]]}, "properties": {"OBJECTID_12": 227, "SETTLEMENT": "13005", "SETTL_NAME": "Delvin", "EAST": 660362.592359, "NORTH": 762925.812563, "GUID": "6E324578-57B5-4672-AD9B-750CFD7FC07A"}}, {"type": "Feature", "id": 228, "geometry": {"type": "Polygon", "coordinates": [[[512.3800877041238, 628.2252634984422], [512.2893003242784, 628.4408498374088], [511.0140869342176, 628.8283553990624], [510.5645487704203, 628.8919775524383], [510.6571811601152, 628.937046282764], [510.16051540984427, 628.8204717321611], [509.1157834753312, 628.493228895369], [509.0903758078656, 628.5077044163866], [508.9175419539445, 628.502868488219], [508.8050726124096, 628.4811283773423], [508.8839017830112, 628.2428587415303], [512.7001853497792, 627.9809532790761], [512.3800877041238, 628.2252634984422]]]}, "properties": {"OBJECTID_12": 228, "SETTLEMENT": "13016", "SETTL_NAME": "Collinstown", "EAST": 652211.296334, "NORTH": 766918.14398, "GUID": "48A890CE-F9BD-4FD0-B748-F9C122CCE669"}}, {"type": "Feature", "id": 229, "geometry": {"type": "Polygon", "coordinates": [[[370.3237281818421, 569.8594662415372], [370.8338195328171, 569.8409070554902], [370.8084910139381, 569.9108362016492], [370.93136830247255, 569.9300872515616], [370.7817841065728, 570.1380065921427], [371.2714664119883, 569.9532749544587], [371.11866773102935, 570.2923926468103], [371.18873157573864, 570.4191134024958], [370.1013086320576, 570.4740664675675], [370.1517442063541, 570.3043257940442], [370.0579297645824, 570.0784247973054], [369.7351338688341, 569.953623408681], [370.3237281818421, 569.8594662415372]]]}, "properties": {"OBJECTID_12": 229, "SETTLEMENT": "31016", "SETTL_NAME": "Grange", "EAST": 565875.957332, "NORTH": 849529.121324, "GUID": "14B2DCE3-1EC8-453D-856A-1CB82B9F3B47"}}, {"type": "Feature", "id": 230, "geometry": {"type": "Polygon", "coordinates": [[[362.5592616013984, 587.1925192315359], [362.6014143297973, 587.1976102964934], [362.681740678944, 587.1163359227264], [362.92031201100906, 587.171593768693], [362.612234609296, 587.2540552544698], [363.3251042416875, 587.5417865575403], [362.3118776373813, 587.6441235847738], [362.30645930335464, 587.8806015300097], [362.3359603407253, 587.9280276139601], [361.4081022724683, 587.753972084208], [361.57687396497175, 587.6546088668379], [361.5667576847339, 587.6166242425581], [362.5592616013984, 587.1925192315359]]]}, "properties": {"OBJECTID_12": 230, "SETTLEMENT": "31017", "SETTL_NAME": "Coolaney", "EAST": 560575.949053, "NORTH": 824893.764549, "GUID": "B79F69FC-B360-4CDB-8390-818DDD83222F"}}, {"type": "Feature", "id": 231, "geometry": {"type": "Polygon", "coordinates": [[[444.66816145824214, 718.6468718783057], [444.9150701592128, 718.6658172814667], [444.9184992794453, 718.6981465832602], [444.87072831257495, 718.6965394987303], [444.8971631718272, 718.9309375968433], [444.9528835290581, 718.9672383156163], [444.825578365376, 719.0047234136956], [444.6150364500501, 719.0105813830356], [444.6645793545664, 718.9337187401007], [444.4454715004213, 718.9030253711513], [444.40406406861973, 718.6698207161469], [444.34084658387735, 718.6749654242483], [444.66816145824214, 718.6468718783057]]]}, "properties": {"OBJECTID_12": 231, "SETTLEMENT": "23023", "SETTL_NAME": "Rosegreen", "EAST": 611471.994807, "NORTH": 635106.094027, "GUID": "B287A073-4F25-4491-93F4-259648CD4462"}}, {"type": "Feature", "id": 232, "geometry": {"type": "Polygon", "coordinates": [[[447.78456738653546, 733.360614896578], [447.5685448600181, 733.3875903621099], [447.34833648126295, 733.6659825711477], [447.0781140891701, 733.7332411796257], [446.5420253352352, 733.6720613820879], [446.5406913146272, 733.6400564225386], [446.4053123083104, 733.486273436707], [445.981134338624, 733.4148576857767], [446.55971929280213, 733.4388785349762], [446.5861007760096, 733.3837671726803], [447.15897650976854, 733.3613749558083], [447.7310195206336, 733.3073316041296], [447.78456738653546, 733.360614896578]]]}, "properties": {"OBJECTID_12": 232, "SETTLEMENT": "23011", "SETTL_NAME": "Newcastle", "EAST": 613023.070253, "NORTH": 613397.029102, "GUID": "8967A67D-A604-42CD-9C91-76D3E20B41D1"}}, {"type": "Feature", "id": 233, "geometry": {"type": "Polygon", "coordinates": [[[403.0235796159595, 715.4207415259474], [403.3385858321728, 715.488886632842], [403.37944210075415, 715.524786087583], [402.99743252861333, 715.684524510218], [402.72884039779416, 715.6280151968538], [402.6906547066208, 715.6014099174176], [402.6191787624192, 715.588484679384], [402.6046810459968, 715.5753548603942], [402.510553360256, 715.5909051208889], [402.5412449002773, 715.4874492522403], [402.45045281112215, 715.4656900990517], [402.63542099905385, 715.4559401991775], [403.0235796159595, 715.4207415259474]]]}, "properties": {"OBJECTID_12": 233, "SETTLEMENT": "23024", "SETTL_NAME": "Monard", "EAST": 584851.385541, "NORTH": 639969.100649, "GUID": "9BD74751-4BC5-458D-AF34-A87D0996B428"}}, {"type": "Feature", "id": 234, "geometry": {"type": "Polygon", "coordinates": [[[531.4655836732651, 627.080328789923], [531.4751394714475, 627.1493979939806], [532.181958489985, 627.4843624993273], [531.8506493184117, 627.4119382060283], [531.8505960262997, 627.3499321317382], [531.6637273178112, 627.331465925712], [531.4826678172107, 627.4699095284234], [531.3267418590646, 627.450803636458], [531.4645413610602, 627.331651647032], [531.083773592529, 627.0478033416844], [531.2549841089505, 627.0806844294032], [531.3482456545632, 626.9487020887111], [531.4655836732651, 627.080328789923]]]}, "properties": {"OBJECTID_12": 234, "SETTLEMENT": "13004", "SETTL_NAME": "Clonmellon", "EAST": 664914.549883, "NORTH": 768750.118113, "GUID": "A016E05B-FF9A-4F58-9C42-E7CC844E2508"}}, {"type": "Feature", "id": 235, "geometry": {"type": "Polygon", "coordinates": [[[501.7318354664363, 625.4639875680631], [502.06429083807575, 625.616296696325], [502.289062693632, 625.8090968093646], [502.2027388535232, 626.2506596831008], [501.953877911792, 626.4437909763009], [500.60166273274666, 626.5064590675112], [500.714292153856, 626.3430086713049], [501.1101187218272, 626.1931502705681], [500.1016709689227, 625.8208114172725], [500.87737142036696, 625.784614985577], [501.1048437612032, 625.5556737356713], [501.14418640766934, 625.6263826214941], [501.7318354664363, 625.4639875680631]]]}, "properties": {"OBJECTID_12": 235, "SETTLEMENT": "13003", "SETTL_NAME": "Castlepollard", "EAST": 646420.994885, "NORTH": 770186.811865, "GUID": "DB6692D4-9D76-44A9-9204-110BE94C6422"}}, {"type": "Feature", "id": 236, "geometry": {"type": "Polygon", "coordinates": [[[409.42961879450985, 709.8277269068536], [409.32699146443736, 709.9305696589108], [409.36432329844695, 710.1329250521198], [409.6665623729376, 710.1294375465446], [409.6539461659947, 710.2673802854848], [409.33699017026345, 710.2342913050782], [409.07439817035095, 710.2329682774935], [408.8610515922048, 710.3777848081033], [408.63723502969174, 710.1813986849037], [408.4851373495563, 710.1193105524294], [408.8644653029867, 710.0516017160543], [408.953827304368, 710.0573851372882], [409.42961879450985, 709.8277269068536]]]}, "properties": {"OBJECTID_12": 236, "SETTLEMENT": "23017", "SETTL_NAME": "Cappawhite", "EAST": 588804.067662, "NORTH": 647835.546667, "GUID": "2C57711F-1AE3-4CB4-9243-3C99DE81784D"}}, {"type": "Feature", "id": 237, "geometry": {"type": "Polygon", "coordinates": [[[433.6492119108395, 724.7690161845383], [434.1669409267051, 725.0096255062516], [435.92423888508586, 725.0158581929977], [435.7941937667296, 725.0882610329162], [436.405908230736, 725.2447868228408], [436.43319793718933, 725.6826938167472], [435.0287768204821, 726.2485794947714], [434.6410075478037, 726.1180046065765], [433.9406288986091, 726.1716105736073], [432.4867998710261, 725.775620262471], [433.83041654898665, 725.4835856121921], [433.5721288126347, 724.98809553954], [433.6492119108395, 724.7690161845383]]]}, "properties": {"OBJECTID_12": 237, "SETTLEMENT": "23009", "SETTL_NAME": "Cahir", "EAST": 605076.744611, "NORTH": 625155.274, "GUID": "25485A7B-4DAF-4C04-8E5F-2DEEFFB42718"}}, {"type": "Feature", "id": 238, "geometry": {"type": "Polygon", "coordinates": [[[419.53211440192854, 720.0673029396261], [420.23557896653864, 720.5389177758102], [419.2353785448043, 720.6679276334423], [419.156327961616, 720.678112038504], [419.1782070412619, 720.6978162187438], [418.8838623936309, 720.7525540957511], [418.77876275023146, 720.7554800092995], [418.73776963465707, 720.7295689333041], [418.59904849491306, 720.6712818686258], [419.4317210873323, 720.3439694508012], [419.48534093930454, 720.3225929983641], [419.4107075848096, 720.2940608476741], [419.53211440192854, 720.0673029396261]]]}, "properties": {"OBJECTID_12": 238, "SETTLEMENT": "23016", "SETTL_NAME": "Bansha", "EAST": 595419.908185, "NORTH": 632700.286786, "GUID": "E985453F-4C1E-445E-B6A6-3548C858C0FA"}}, {"type": "Feature", "id": 239, "geometry": {"type": "Polygon", "coordinates": [[[416.0635810858037, 733.4202945003085], [416.75610848613974, 733.6209598576289], [416.62799353619096, 733.7223692703623], [416.4858078684309, 733.743729953694], [416.08613306487894, 733.8351325407405], [416.07131361988695, 733.8776985595958], [415.9597982207904, 733.7739000647758], [415.66399790397867, 733.5393984778854], [415.79666322288534, 733.5390929157364], [415.76204609998933, 733.4758471409542], [415.9950515266283, 733.4828154277184], [416.0559113578912, 733.3944818535296], [416.0635810858037, 733.4202945003085]]]}, "properties": {"OBJECTID_12": 239, "SETTLEMENT": "23008", "SETTL_NAME": "Ballyporeen", "EAST": 593190.338206, "NORTH": 613164.748817, "GUID": "BD9EDF12-9327-4C7F-9F3D-C8710E22C1DC"}}, {"type": "Feature", "id": 240, "geometry": {"type": "Polygon", "coordinates": [[[524.6395343917632, 657.847631915512], [524.7917422414421, 657.9610193275247], [524.7051907955328, 658.1812800723955], [524.8637304403637, 658.3176969598117], [524.843442853328, 658.4298969773057], [525.3228507240703, 658.3710265446541], [525.3259946689568, 658.3175770171268], [525.9918188910069, 658.4640547791295], [523.7822655919285, 658.6889973781288], [523.9807631441845, 658.2645507498901], [524.2176703225696, 657.618997402638], [524.7024814455808, 657.66932840698], [524.6395343917632, 657.847631915512]]]}, "properties": {"OBJECTID_12": 240, "SETTLEMENT": "12011", "SETTL_NAME": "Clonbullogue", "EAST": 661226.125761, "NORTH": 723872.000832, "GUID": "4B206B5C-685C-402A-B774-248624C896E9"}}, {"type": "Feature", "id": 241, "geometry": {"type": "Polygon", "coordinates": [[[439.12749064181975, 660.8519153375415], [439.1354044191424, 660.9786552291372], [440.9569359956544, 661.1122230231559], [440.87171923538773, 661.2228780529241], [440.48945760483736, 661.278872407932], [438.77182759049174, 661.5670345239768], [438.30724289488, 661.523038162424], [437.91407891276054, 661.3587670244091], [438.4739352440043, 661.2526460065781], [438.12038165339095, 661.1314602483912], [438.1468080920576, 661.0798320517542], [437.963229417424, 661.0625765483144], [439.12749064181975, 660.8519153375415]]]}, "properties": {"OBJECTID_12": 241, "SETTLEMENT": "12004", "SETTL_NAME": "Cloghan", "EAST": 607868.80935, "NORTH": 719350.003672, "GUID": "7E5C64A7-62AB-4D05-8F98-719CC28F7826"}}, {"type": "Feature", "id": 242, "geometry": {"type": "Polygon", "coordinates": [[[382.57009517518827, 622.7788266554943], [382.838935397152, 622.9713895344902], [382.88360832904215, 622.945508437043], [383.10526798287896, 623.0036313184145], [383.48214418637014, 623.3532151626541], [383.19044978599254, 623.2240439429727], [382.88443814764906, 623.1939048331373], [382.8001754125845, 623.1757911203852], [382.8589625367744, 623.0782924699953], [382.75514508300375, 623.0374380638157], [382.717813057984, 623.0269496568902], [382.5059156840992, 622.7896806990245], [382.57009517518827, 622.7788266554943]]]}, "properties": {"OBJECTID_12": 242, "SETTLEMENT": "30023", "SETTL_NAME": "Ballintober", "EAST": 572874.815267, "NORTH": 774400.958556, "GUID": "230685A3-7BEB-4612-A511-0AD200065568"}}, {"type": "Feature", "id": 243, "geometry": {"type": "Polygon", "coordinates": [[[423.3681922448608, 682.4818721690174], [423.7565031829568, 683.0180244014394], [422.71134261612696, 682.8996511089088], [422.26803979568746, 682.9814317288439], [422.042311305632, 682.9284460732603], [421.93873554946344, 682.8859079708435], [421.98745614722134, 682.7843236728596], [422.3225330555232, 682.6556528135842], [422.33589719426027, 682.5522769080744], [422.59259400578776, 682.2504269480476], [422.65688118257384, 682.2464775792387], [423.15870421642455, 682.0264182339494], [423.3681922448608, 682.4818721690174]]]}, "properties": {"OBJECTID_12": 243, "SETTLEMENT": "22002", "SETTL_NAME": "Cloughjordan", "EAST": 597449.302946, "NORTH": 688191.157249, "GUID": "67DEAA70-C41D-4B05-A71D-8C281F850B12"}}, {"type": "Feature", "id": 244, "geometry": {"type": "Polygon", "coordinates": [[[416.336208171984, 633.9829081307573], [417.1928444416928, 634.1933751926356], [417.7547273968949, 634.2792466667938], [418.10080245877333, 634.2913436074889], [418.1213708529696, 634.3542662047909], [418.01782364192, 634.3587094402882], [418.11252289714133, 634.4471839155669], [418.0493464401152, 634.5189273817901], [417.1224145238144, 634.331051726847], [416.8680239278389, 634.2536358708892], [416.19737402103254, 634.0158974497208], [416.1074406018048, 633.999898273143], [416.336208171984, 633.9829081307573]]]}, "properties": {"OBJECTID_12": 244, "SETTLEMENT": "30026", "SETTL_NAME": "Knockcroghery", "EAST": 594109.1283, "NORTH": 758231.525131, "GUID": "ECDA538A-230D-4F39-8A8A-40276EEE9E34"}}, {"type": "Feature", "id": 245, "geometry": {"type": "Polygon", "coordinates": [[[398.1634012194293, 642.0879619718058], [398.12236438322344, 642.1390996709756], [398.21441417730455, 642.1514752079828], [398.7745113004053, 642.1601057394554], [398.9200803777344, 642.1708780649219], [398.5646817954251, 642.2479978049519], [398.3890047568224, 642.3059885214085], [398.11221829189975, 642.289313384926], [398.0905409588544, 642.2485991165196], [397.37366912201065, 642.3354342497242], [397.1705894990304, 642.1400368167464], [397.83232645067307, 642.0674564300485], [398.1634012194293, 642.0879619718058]]]}, "properties": {"OBJECTID_12": 245, "SETTLEMENT": "30020", "SETTL_NAME": "Ballyforan", "EAST": 582109.640959, "NORTH": 746817.169543, "GUID": "443C7075-AEF9-4280-AF1D-C1079C51DCD1"}}, {"type": "Feature", "id": 246, "geometry": {"type": "Polygon", "coordinates": [[[394.4347107627307, 608.9538951040754], [394.47981137621866, 608.9854421012019], [395.1645747710592, 609.3285667164332], [394.99306254102504, 609.351728800439], [394.65469615630184, 609.3660756311239], [394.58352842187304, 609.3111275502167], [394.61804930854504, 609.3049559967837], [394.55773259360535, 609.2592184317095], [394.0624392335221, 609.2009467897061], [393.98912429651415, 609.1142576358872], [394.2033771134667, 609.0564916987015], [394.1788479225088, 609.0290151735244], [394.4347107627307, 608.9538951040754]]]}, "properties": {"OBJECTID_12": 246, "SETTLEMENT": "30021", "SETTL_NAME": "Ballinameen", "EAST": 580235.698185, "NORTH": 794145.495609, "GUID": "FC4E4754-12F0-4D23-9C0C-B08EAE952B52"}}, {"type": "Feature", "id": 247, "geometry": {"type": "Polygon", "coordinates": [[[398.7851802860224, 634.4961807695563], [399.0071643910016, 634.5788567145781], [398.9861730167701, 634.6073167181569], [399.4269284166304, 634.6856829665227], [399.49581964094824, 634.65718222753], [399.60228760106025, 634.694974365137], [399.83376736933656, 634.6581957036495], [400.2012675576672, 634.7898383511106], [400.36866130561384, 635.0243916359467], [399.9736195165088, 634.9750710365169], [398.8578484395413, 634.7393710084591], [398.7984750154901, 634.6508393266737], [398.7851802860224, 634.4961807695563]]]}, "properties": {"OBJECTID_12": 247, "SETTLEMENT": "30025", "SETTL_NAME": "Athleague", "EAST": 583154.347906, "NORTH": 757518.594802, "GUID": "0E775EBE-5EDD-41F5-9BFB-313304E1D2B0"}}, {"type": "Feature", "id": 248, "geometry": {"type": "Polygon", "coordinates": [[[416.9555029341088, 617.9009551102165], [417.0705525671307, 617.9773025775173], [417.1007536023797, 618.1710858678817], [414.38675657594024, 618.972179181943], [414.5177137845045, 619.0008725581365], [413.9116444499509, 619.3972451836489], [413.6623314041835, 619.0299786331971], [413.361047269008, 618.9778861908881], [414.01716796818346, 618.5049184802509], [415.4616791115467, 618.0573549036316], [415.3736438466848, 618.037908638038], [416.4262226868384, 617.8728259761092], [416.9555029341088, 617.9009551102165]]]}, "properties": {"OBJECTID_12": 248, "SETTLEMENT": "30016", "SETTL_NAME": "Strokestown", "EAST": 592903.620867, "NORTH": 780721.682728, "GUID": "69F43877-D310-48B8-9354-12040BFDD359"}}, {"type": "Feature", "id": 249, "geometry": {"type": "Polygon", "coordinates": [[[402.80333155781545, 628.298894574846], [403.6741093194144, 628.4150589920681], [409.5008605753024, 629.1597010234588], [408.3461420300192, 629.3784836996143], [408.19868825914347, 629.4058831321719], [403.95940817500053, 631.1999969844592], [403.4498942719776, 631.0397916663987], [403.9574125336192, 631.0966676855475], [404.146625565712, 629.9466297040876], [403.8244224184181, 629.0216107302253], [402.11313569193067, 628.5333398461465], [401.80693400200215, 628.4206287533384], [402.80333155781545, 628.298894574846]]]}, "properties": {"OBJECTID_12": 249, "SETTLEMENT": "30015", "SETTL_NAME": "Roscommon", "EAST": 587215.106412, "NORTH": 764257.573022, "GUID": "DA20CCA5-D574-4137-9251-3666DBEC0CDD"}}, {"type": "Feature", "id": 250, "geometry": {"type": "Polygon", "coordinates": [[[366.5844779196395, 614.7493667660927], [367.4564792461632, 614.9116496071272], [367.4033596557984, 614.9899737393931], [367.2858333146091, 615.1738477098285], [366.84963740085016, 615.0749755563852], [366.64017279291096, 615.0535694919533], [366.4946982978389, 614.994652186267], [365.8371653566965, 614.9620424564648], [365.94612213491945, 614.8712656844763], [366.1177747936245, 614.7999879249966], [366.3122290734955, 614.8672202542031], [366.42157085201706, 614.6970498823353], [366.5844779196395, 614.7493667660927]]]}, "properties": {"OBJECTID_12": 250, "SETTLEMENT": "30010", "SETTL_NAME": "Loughglinn", "EAST": 563001.429439, "NORTH": 786038.076487, "GUID": "FE372C86-6B38-442D-ABB7-0B1A8AC96E3F"}}, {"type": "Feature", "id": 251, "geometry": {"type": "Polygon", "coordinates": [[[413.60243861171415, 678.3441934127544], [414.24120627773544, 678.2201020917497], [413.87806980179096, 678.4755884049654], [413.3029069127541, 678.7050121329364], [413.9345626522912, 678.9414480626118], [413.986800284864, 679.040248031861], [413.96950844834026, 679.0749913443943], [412.68702669866775, 679.1538607654996], [412.6228747784203, 679.2052831057256], [412.6386500641269, 679.3460915774176], [412.56937613121494, 678.3551644545661], [413.0790608582475, 678.342744497868], [413.60243861171415, 678.3441934127544]]]}, "properties": {"OBJECTID_12": 251, "SETTLEMENT": "22001", "SETTL_NAME": "Borrisokane", "EAST": 591468.080191, "NORTH": 693818.826193, "GUID": "A7409809-3F85-4A8A-AEAA-2FFCE52A860F"}}, {"type": "Feature", "id": 252, "geometry": {"type": "Polygon", "coordinates": [[[379.12821847137707, 691.9047202512668], [380.6604390627755, 692.8391313951132], [380.98368188060266, 693.041144823803], [380.9825654280181, 693.1071855948666], [380.4416964646517, 693.4158449849808], [380.82841136337385, 693.5892340821553], [380.85135785286616, 693.6677160056845], [380.8937452786133, 693.6645516347011], [380.89756638404265, 693.8553268366015], [380.29252008358293, 693.8931337069542], [380.2957085890379, 693.8657203225885], [380.19959808402666, 693.8720323033747], [379.12821847137707, 691.9047202512668]]]}, "properties": {"OBJECTID_12": 252, "SETTLEMENT": "22004", "SETTL_NAME": "Ballina", "EAST": 570434.483779, "NORTH": 673558.815134, "GUID": "F721A096-6AC4-48ED-8877-1A2E6D780343"}}, {"type": "Feature", "id": 253, "geometry": {"type": "Polygon", "coordinates": [[[430.327583312208, 696.9145709694782], [432.00013128892266, 696.9958039505377], [431.820859527568, 697.3200755578955], [431.03260514999255, 697.5283865166083], [430.8259668680512, 697.4906694911375], [430.8812211219797, 697.4361504127402], [431.0387869877237, 697.4540847549871], [430.17207497343253, 697.3931110444507], [429.8392141425088, 697.3357201119323], [429.9685198108288, 697.2654313169871], [429.9018895763968, 697.240357067015], [430.1751141202144, 696.9450711050011], [430.327583312208, 696.9145709694782]]]}, "properties": {"OBJECTID_12": 253, "SETTLEMENT": "22012", "SETTL_NAME": "Borrisoleigh", "EAST": 602772.778918, "NORTH": 666822.455905, "GUID": "FF553806-3C9E-46BF-9AB5-3D24F98B5D2F"}}, {"type": "Feature", "id": 254, "geometry": {"type": "Polygon", "coordinates": [[[332.51760820670614, 581.2527917312428], [333.0591966080725, 581.3529184428166], [333.03599122199785, 581.3775490122913], [333.4386695502368, 581.6079083645436], [333.472432979488, 581.6890908020288], [333.2115756891339, 581.708051210937], [333.1709962228085, 581.6829584207153], [332.8447297528843, 581.6113761163433], [332.7498097895083, 581.5688932202569], [332.37617831885547, 581.3238148734315], [332.3801410933536, 581.2873538236532], [332.4824627812256, 581.2391564834255], [332.51760820670614, 581.2527917312428]]]}, "properties": {"OBJECTID_12": 254, "SETTLEMENT": "31021", "SETTL_NAME": "Dromore West", "EAST": 542747.953415, "NORTH": 833779.99838, "GUID": "8516198B-D1D5-4614-AF59-471C2913DD20"}}, {"type": "Feature", "id": 255, "geometry": {"type": "Polygon", "coordinates": [[[349.18912082375573, 596.2370612653501], [349.3724574278411, 596.3945001870896], [349.24270075703146, 596.4274429300456], [349.58773766458773, 596.7550800754087], [349.0059157984384, 597.4114146200235], [348.16239179311145, 597.4542226954685], [348.2376796055744, 597.5077944166209], [346.4383631324512, 597.0260234117073], [345.6141305359691, 597.0736809047285], [347.54163461663467, 596.8080232882982], [348.95514544136853, 596.5160113353638], [348.86505225717013, 596.4968312215271], [349.18912082375573, 596.2370612653501]]]}, "properties": {"OBJECTID_12": 255, "SETTLEMENT": "31015", "SETTL_NAME": "Tubbercurry", "EAST": 552011.266867, "NORTH": 811667.073816, "GUID": "32BF025C-AE8B-4699-966E-05651EB0040A"}}, {"type": "Feature", "id": 256, "geometry": {"type": "Polygon", "coordinates": [[[364.82688622434773, 579.566156789296], [364.28511766112854, 579.9206859303031], [362.83098544905175, 580.5868131955324], [362.83360134485656, 580.5494350069928], [362.8523514790368, 580.4445030405725], [362.7789217963307, 580.0680378623093], [362.1952440448864, 579.7963913380228], [362.3881675775456, 579.8583443575095], [362.79005534945173, 579.7591941544314], [363.13761904682775, 579.8516911102726], [364.5985259017963, 579.5425698557807], [364.8052807523339, 579.5237701734043], [364.82688622434773, 579.566156789296]]]}, "properties": {"OBJECTID_12": 256, "SETTLEMENT": "31013", "SETTL_NAME": "Strandhill", "EAST": 561223.268255, "NORTH": 835543.76039, "GUID": "41AD48C6-A2D9-4E5F-90AA-736190CE43F3"}}, {"type": "Feature", "id": 257, "geometry": {"type": "Polygon", "coordinates": [[[367.6792822465973, 576.57167969693], [369.59027063365545, 576.7437103300948], [369.5346457118304, 576.8008209308947], [369.65482317817066, 576.8096583059113], [369.6245736594379, 576.8481658664467], [369.62892472509014, 577.0669283597692], [369.78711887685546, 577.1020547420259], [368.63616635991144, 577.2487102500614], [367.05143547167467, 576.776228087317], [367.05021440330665, 576.7308016213298], [367.5093259971467, 576.7463744949555], [367.49573692353493, 576.6634923377484], [367.6792822465973, 576.57167969693]]]}, "properties": {"OBJECTID_12": 257, "SETTLEMENT": "31012", "SETTL_NAME": "Rosses Point", "EAST": 564386.892649, "NORTH": 839910.771061, "GUID": "48093F9D-2ED3-4B05-B6C9-C864A87174A3"}}, {"type": "Feature", "id": 258, "geometry": {"type": "Polygon", "coordinates": [[[384.6921446553888, 590.3503604635067], [384.81543082395734, 590.5849782674802], [385.08206034753385, 590.773694013649], [385.19641708827413, 590.8586695253732], [384.7857584998773, 591.0108517195405], [384.75847249013015, 591.092686661695], [383.7454752597408, 591.1696307005558], [383.7510612094347, 591.0350900497108], [384.0480245910528, 590.8035314002113], [384.2524565459392, 590.8585823040866], [384.4209161665515, 590.4680236597233], [384.75185979621654, 590.2922101413106], [384.6921446553888, 590.3503604635067]]]}, "properties": {"OBJECTID_12": 258, "SETTLEMENT": "31011", "SETTL_NAME": "Riverstown", "EAST": 574108.630125, "NORTH": 820239.897694, "GUID": "C04C2995-F7AB-4CA7-986E-2E9C84ED7E86"}}, {"type": "Feature", "id": 259, "geometry": {"type": "Polygon", "coordinates": [[[378.1785952454101, 563.8939844811467], [378.9574992313504, 564.4032682616023], [378.2893025648299, 564.7904523176463], [378.0620235248085, 565.0840967109652], [377.9095211904171, 565.1174056621996], [377.825068794, 565.0496710162915], [377.84872474915625, 565.0076933023698], [377.49526896072854, 564.8607625496725], [376.7232668382688, 564.5275690088778], [376.70177303877546, 564.1396507946888], [376.8595855388875, 564.0801983522805], [376.9023075084928, 564.0837242764068], [378.1785952454101, 563.8939844811467]]]}, "properties": {"OBJECTID_12": 259, "SETTLEMENT": "31010", "SETTL_NAME": "Mullaghmore", "EAST": 570294.699774, "NORTH": 857633.884003, "GUID": "98DE7A07-0177-4C1B-9AD0-A520B536C6E2"}}, {"type": "Feature", "id": 260, "geometry": {"type": "Polygon", "coordinates": [[[310.381562222096, 583.0455450504662], [310.44251124415575, 583.4352805125886], [311.0619863509323, 583.955882937701], [310.8581754372277, 583.5520153443447], [311.5960769920117, 584.3813357849423], [311.64398743649707, 584.5130051722024], [310.71094999301226, 584.4620593879855], [309.62534312811624, 584.6825502429863], [309.7533192479136, 584.7062818333004], [309.40851757428055, 585.0634850663473], [308.67434131772376, 585.0468695456746], [308.8189925161312, 584.5632978720023], [310.381562222096, 583.0455450504662]]]}, "properties": {"OBJECTID_12": 260, "SETTLEMENT": "31003", "SETTL_NAME": "Inniscrone", "EAST": 528778.504927, "NORTH": 830218.78137, "GUID": "0F152DAE-CBBE-4215-9765-F6F7B83EEF2C"}}, {"type": "Feature", "id": 261, "geometry": {"type": "Polygon", "coordinates": [[[370.5093205529056, 601.2256723560199], [370.9200074791552, 601.2452612992792], [372.38056485664, 601.584841986776], [372.3479970175755, 601.6600962728671], [372.7467470295872, 601.759915714195], [372.8734876331019, 601.7820848259425], [372.91738242032426, 601.731164322813], [373.1748882834944, 601.7289353811208], [373.5806954336523, 601.9430510447372], [372.45454780362024, 601.8787095949243], [370.2151508919904, 601.2095705792436], [370.39219838440425, 601.2585501826836], [370.5093205529056, 601.2256723560199]]]}, "properties": {"OBJECTID_12": 261, "SETTLEMENT": "31001", "SETTL_NAME": "Gurteen", "EAST": 566161.96352, "NORTH": 805021.253225, "GUID": "1D590C65-8649-4036-AE4B-3DF0105D9547"}}, {"type": "Feature", "id": 262, "geometry": {"type": "Polygon", "coordinates": [[[379.2156677090848, 566.9933118893374], [378.9371381693312, 567.3284027392816], [378.7534856811893, 567.3927833855543], [378.90287518600104, 567.455015561608], [378.8482890904309, 567.6271655870497], [378.2868925872821, 567.6108971780051], [377.01879937749334, 567.7208962673384], [376.7134153591851, 567.8437472873946], [376.04713852922134, 567.9188548096068], [377.87266446978987, 567.196031287893], [379.2943181141973, 566.9222574003074], [379.1660955422944, 566.9665970947086], [379.2156677090848, 566.9933118893374]]]}, "properties": {"OBJECTID_12": 262, "SETTLEMENT": "31008", "SETTL_NAME": "Cliffoney", "EAST": 570340.99936, "NORTH": 853361.021091, "GUID": "FC880D04-F510-414B-A79D-F106C8F0B6A7"}}, {"type": "Feature", "id": 263, "geometry": {"type": "Polygon", "coordinates": [[[434.63298220498984, 620.4980954711762], [435.1209825634112, 620.9442442029973], [435.3271388795136, 621.4799131480231], [434.7994151237248, 621.3693866813884], [435.2016368903637, 621.354621176883], [435.21927063879895, 621.2758232885446], [434.91927174219416, 621.2054520085137], [434.9362568230144, 621.1410279571065], [434.34607924614505, 620.9006231187326], [434.4997960773899, 620.5253286365717], [434.2679734237717, 620.548769229328], [434.4292581808747, 620.4713083676909], [434.63298220498984, 620.4980954711762]]]}, "properties": {"OBJECTID_12": 263, "SETTLEMENT": "30024", "SETTL_NAME": "Termonbarry", "EAST": 605076.06521, "NORTH": 777162.449124, "GUID": "8F371E48-AF27-4370-ACCF-18A9A8D1383F"}}, {"type": "Feature", "id": 264, "geometry": {"type": "Polygon", "coordinates": [[[390.8959687105717, 718.7822326570172], [390.94530565317865, 718.8340600501749], [390.66084355214934, 718.8990839674467], [390.7716935481131, 719.0101348850645], [390.500385297024, 719.0793489264322], [390.53330958565226, 719.1018547576116], [389.7183295938432, 719.134397057824], [389.2805169603968, 719.2217826021869], [389.11906116891095, 719.1870519373716], [388.79262502340055, 719.1179423496371], [388.5643308507413, 719.0362547771991], [390.0131978231424, 718.9837683968225], [390.8959687105717, 718.7822326570172]]]}, "properties": {"OBJECTID_12": 264, "SETTLEMENT": "23018", "SETTL_NAME": "Emly", "EAST": 576524.907102, "NORTH": 634863.593271, "GUID": "26E8CB60-038A-464C-BC50-69E2EBDC1D2D"}}, {"type": "Feature", "id": 265, "geometry": {"type": "Polygon", "coordinates": [[[452.5191423140128, 722.8104966573236], [452.6090711083008, 723.1979990763667], [452.69197479644373, 723.2118581253048], [452.69945966595094, 723.2833003021275], [452.15459113596586, 723.395700835515], [451.66833834970026, 723.0208286742624], [451.48295520674026, 722.9423775350824], [451.57870122842985, 722.941032014072], [451.58105824238294, 722.9155734460941], [451.748353403792, 722.9158081166396], [452.2318462988341, 722.7268837130518], [452.34477981888426, 722.7078966226939], [452.5191423140128, 722.8104966573236]]]}, "properties": {"OBJECTID_12": 265, "SETTLEMENT": "23022", "SETTL_NAME": "Ballyclerahan", "EAST": 616492.543547, "NORTH": 628889.609789, "GUID": "3BFAF3C5-6EA4-46BC-8079-B00A42AAE82C"}}, {"type": "Feature", "id": 266, "geometry": {"type": "Polygon", "coordinates": [[[475.87189213627096, 709.2416661500736], [475.89212135966295, 709.3218369366277], [476.09459895762774, 709.8928131444566], [475.88080579461973, 709.9495456216011], [475.83361282695256, 709.9164761249339], [475.1436221396448, 709.8125769375054], [474.8177984609408, 709.8191036640877], [475.4120655806624, 709.7110051112365], [475.42154339058345, 709.5740752089465], [475.3220383892256, 709.5946158326153], [475.63580644666666, 709.2173672417746], [475.9310193076939, 709.1253096905208], [475.87189213627096, 709.2416661500736]]]}, "properties": {"OBJECTID_12": 266, "SETTLEMENT": "23020", "SETTL_NAME": "Ballingarry", "EAST": 631040.13491, "NORTH": 648667.651452, "GUID": "F630F288-33E0-43A1-B696-DB37C2CA32F3"}}, {"type": "Feature", "id": 267, "geometry": {"type": "Polygon", "coordinates": [[[441.2444284936053, 729.9931672857801], [441.00378062384, 730.1785213323102], [438.4995518583083, 730.8604695009656], [438.6729300505792, 730.6610190926657], [438.42359316823786, 730.1017357464145], [439.6723124605451, 730.1985609252786], [439.62692470748584, 730.2233946009546], [439.86642443147093, 730.3087815961425], [439.65765133831576, 730.4966100146386], [440.13578378754664, 730.4245860601047], [440.1057574199605, 730.3967893096893], [440.17678711973974, 730.3850897002972], [441.2444284936053, 729.9931672857801]]]}, "properties": {"OBJECTID_12": 267, "SETTLEMENT": "23007", "SETTL_NAME": "Ardfinnan", "EAST": 608148.070722, "NORTH": 617838.327136, "GUID": "38E57778-5BC3-499E-9BB7-8E890E4BCA34"}}, {"type": "Feature", "id": 268, "geometry": {"type": "Polygon", "coordinates": [[[425.40152403322026, 624.3902591716504], [425.58714453830936, 624.4859568791668], [426.01993535098984, 625.0228805545197], [425.77122410118614, 625.0545014142845], [425.75524982913385, 625.0294201269174], [425.5684435014368, 624.8213696714901], [425.6469927978976, 624.8080890205628], [425.41471215539093, 624.534058591053], [425.03129693389866, 624.6164921445561], [424.9110529053664, 624.4703927625701], [425.31746163103253, 624.3142644577115], [425.4015823639189, 624.3560045619917], [425.40152403322026, 624.3902591716504]]]}, "properties": {"OBJECTID_12": 268, "SETTLEMENT": "30011", "SETTL_NAME": "Cloontuskert", "EAST": 599250.698269, "NORTH": 771999.897711, "GUID": "6B3E0B40-5E33-45D2-9A4B-023048A6DAC4"}}, {"type": "Feature", "id": 269, "geometry": {"type": "Polygon", "coordinates": [[[385.80805435124586, 613.6098521664936], [386.04606500591467, 613.6578688299437], [386.23522420448, 613.6788025756531], [386.2241207353216, 613.8461781777256], [386.9503080518837, 613.8611708172224], [386.7742833060384, 614.099618973006], [386.20950504013547, 614.0151635986064], [385.4387092554688, 613.9500778339826], [385.48292365376534, 613.7876802571094], [385.2971865951051, 613.6307555264448], [385.5453724298677, 613.6827662176503], [385.6100909932427, 613.6047640323167], [385.80805435124586, 613.6098521664936]]]}, "properties": {"OBJECTID_12": 269, "SETTLEMENT": "30018", "SETTL_NAME": "Bellanagare", "EAST": 574953.254934, "NORTH": 787486.5843, "GUID": "F6F44DB3-08A2-42B1-B876-A54D2DEEAEE5"}}, {"type": "Feature", "id": 270, "geometry": {"type": "Polygon", "coordinates": [[[405.168462165088, 595.1238078963363], [405.18690425016, 595.173432800557], [404.97844472092055, 595.2577571771045], [405.04766564486295, 595.2721860633675], [405.0042470632757, 595.353157856233], [405.0586907778336, 595.328406541647], [405.47682851103787, 595.4201989665062], [405.6776863462368, 595.5144717666185], [404.88888382859415, 595.6142679342807], [403.8525272340864, 595.7640442713473], [404.26490658933545, 595.2865016302417], [404.014985724, 595.2142412834311], [405.168462165088, 595.1238078963363]]]}, "properties": {"OBJECTID_12": 270, "SETTLEMENT": "30003", "SETTL_NAME": "Ballyfarnan", "EAST": 586535.67163, "NORTH": 813635.338267, "GUID": "ED208400-B001-4F8D-BC4E-44FBF3560AEE"}}, {"type": "Feature", "id": 271, "geometry": {"type": "Polygon", "coordinates": [[[364.23690501386136, 608.2485537377934], [366.56668185737067, 608.3243955342865], [366.11089016552, 608.5576309426933], [365.9331689998656, 608.5594966319617], [365.85031350392745, 608.92186110974], [366.3256248859797, 609.0018157974345], [365.93820759770665, 609.3724176247731], [365.8524487968288, 609.2935456219521], [365.2083218287296, 609.0896519562195], [364.4326521921365, 609.1466656445343], [363.531410985824, 608.8783272805472], [363.5579818018987, 608.4670412356469], [364.23690501386136, 608.2485537377934]]]}, "properties": {"OBJECTID_12": 271, "SETTLEMENT": "30006", "SETTL_NAME": "Ballaghaderreen", "EAST": 561917.240684, "NORTH": 794913.402009, "GUID": "782C61BA-66EC-4B4B-98AC-8AA168EFF501"}}, {"type": "Feature", "id": 272, "geometry": {"type": "Polygon", "coordinates": [[[358.10043089913813, 620.8650677378556], [358.21004070424107, 620.8995445585902], [358.330991928624, 620.8682211895881], [358.2817866526731, 620.9156780362932], [358.8215860251275, 620.744962352922], [360.0531052476768, 621.2141363929024], [359.26131061603945, 621.3703499609985], [358.84408989102934, 621.4386647182193], [358.8763478890091, 621.6097790419765], [358.84382424800106, 621.6498321067095], [358.4062926209856, 621.6486253055336], [357.9473750774475, 621.4946169556566], [358.10043089913813, 620.8650677378556]]]}, "properties": {"OBJECTID_12": 272, "SETTLEMENT": "30007", "SETTL_NAME": "Ballinlough", "EAST": 558073.698148, "NORTH": 777093.851214, "GUID": "36121A8A-2934-40F3-88F8-2543F6E04C25"}}, {"type": "Feature", "id": 273, "geometry": {"type": "Polygon", "coordinates": [[[474.67074191166614, 661.5500434349542], [474.92494559472215, 661.5948781907705], [474.7768932559541, 661.6264432026132], [474.69990805271146, 661.9098508287831], [474.6598998934741, 662.0302693553564], [474.07031040262933, 661.9827757575865], [474.1793049312587, 661.9117745024062], [474.03565803555733, 661.8653710351231], [473.433714728512, 661.6909619920253], [473.873084149008, 661.7670676837456], [474.4892688348672, 661.5741998838243], [474.53778796379095, 661.517478053249], [474.67074191166614, 661.5500434349542]]]}, "properties": {"OBJECTID_12": 273, "SETTLEMENT": "12026", "SETTL_NAME": "Killurin", "EAST": 629880.396561, "NORTH": 718522.992538, "GUID": "7C2CF4DC-A862-41F2-9BDB-302F8A0357DE"}}, {"type": "Feature", "id": 274, "geometry": {"type": "Polygon", "coordinates": [[[503.3245792898741, 663.8206455961845], [503.8171803762539, 664.2499900692404], [503.663459120384, 664.2371271791905], [503.26363355685226, 664.1510827245675], [503.2644847508277, 664.1207046950617], [503.1933890468, 664.1221714093889], [503.19440364864107, 664.1121500383167], [503.2874942012384, 664.004011131018], [502.8510846808853, 663.8997162255204], [503.1289129084352, 663.8815702367813], [503.2301938686848, 663.8389771080651], [503.2571276760992, 663.8448671306231], [503.3245792898741, 663.8206455961845]]]}, "properties": {"OBJECTID_12": 274, "SETTLEMENT": "12027", "SETTL_NAME": "Clonygowan", "EAST": 648118.659141, "NORTH": 715416.308165, "GUID": "357098EF-4BD1-4925-AB1F-1A2484D6DE5C"}}, {"type": "Feature", "id": 275, "geometry": {"type": "Polygon", "coordinates": [[[460.21393117897816, 653.1158378818039], [460.51715953465066, 653.2962614470609], [459.37554646341226, 653.4069984053561], [459.3593383514923, 653.364647469391], [459.45560840580373, 653.3597132578266], [459.5813479541771, 653.2249923512571], [460.0984683246443, 653.2706765855052], [459.9872905340245, 653.1964964699655], [459.86958139474774, 653.1838870734155], [459.9281375454485, 653.1722361910483], [459.849679040144, 653.1178907853478], [459.8591890368427, 653.0035371157355], [460.21393117897816, 653.1158378818039]]]}, "properties": {"OBJECTID_12": 275, "SETTLEMENT": "12002", "SETTL_NAME": "Ballycumber", "EAST": 620798.920346, "NORTH": 730833.296899, "GUID": "A46A763C-B03A-4BA3-80A1-82A653E7337E"}}, {"type": "Feature", "id": 276, "geometry": {"type": "Polygon", "coordinates": [[[371.8184403891947, 593.6040274705917], [372.914015544048, 594.4637203200513], [373.43735428505386, 594.750192258558], [372.748233801344, 594.8491797303193], [372.46972464036054, 594.7456305161963], [370.7453408614112, 594.4353364671798], [370.6871848564448, 594.3724043654846], [370.152189782496, 594.1922373270489], [370.4293930214016, 594.1266136568323], [370.65168322006826, 593.9295407233583], [370.4451376042752, 593.7933511139852], [370.8150260605088, 593.6932434249767], [371.8184403891947, 593.6040274705917]]]}, "properties": {"OBJECTID_12": 276, "SETTLEMENT": "31007", "SETTL_NAME": "Ballymote", "EAST": 566269.47504, "NORTH": 815533.049754, "GUID": "ADB2195E-07C0-4136-A58F-99E8908FAD48"}}, {"type": "Feature", "id": 277, "geometry": {"type": "Polygon", "coordinates": [[[401.33549464766827, 702.0452138335844], [401.8755270006453, 702.2929963422675], [401.76478812526506, 702.485883785274], [401.6110732491979, 702.4212159429051], [401.48509573528855, 702.4103659932081], [401.3359724732085, 702.2986294408522], [401.2498870082421, 702.2766014430026], [400.4391012921728, 702.4094411873522], [400.1870264443755, 702.4059826670418], [400.4079880132192, 702.2893389521646], [401.2677008225312, 702.1561710418032], [401.2774971266912, 702.0441174836023], [401.33549464766827, 702.0452138335844]]]}, "properties": {"OBJECTID_12": 277, "SETTLEMENT": "22019", "SETTL_NAME": "Reardnogy", "EAST": 583878.930248, "NORTH": 659425.27292, "GUID": "DEADAC8F-140F-4515-BBA9-1093F24FC929"}}, {"type": "Feature", "id": 278, "geometry": {"type": "Polygon", "coordinates": [[[401.364436456192, 683.3908795411955], [401.70860573038294, 683.3770314607374], [401.7873663522165, 683.4790076452033], [401.39062436683093, 683.7393685010461], [402.3163754284704, 683.9997827767977], [401.13653911701545, 683.7936860544728], [400.9507739379968, 683.8031329989942], [400.22768617375147, 683.9050262662072], [399.6334240797515, 683.796904822599], [399.5731207222709, 683.7391470314976], [399.6150422338496, 683.716211620503], [400.43192644049066, 683.4372742703246], [401.364436456192, 683.3908795411955]]]}, "properties": {"OBJECTID_12": 278, "SETTLEMENT": "22007", "SETTL_NAME": "Puckaun", "EAST": 583858.078579, "NORTH": 686677.910279, "GUID": "E552FED0-5183-4461-86E8-C36325DC2825"}}, {"type": "Feature", "id": 279, "geometry": {"type": "Polygon", "coordinates": [[[394.9850962559509, 687.4554774214038], [395.44648341773546, 687.5352379915846], [395.693045632704, 687.6191044111805], [395.55833046490454, 687.8412348339554], [395.4855365955605, 687.8417408763181], [395.23905614958613, 687.680422117866], [395.21574359677015, 687.7193380291322], [394.1312510563104, 687.4361414777924], [394.2763334159232, 687.4632127016971], [394.3331991643392, 687.4218885160232], [394.49463286429227, 687.4773632307854], [394.66328889388694, 687.3058433089159], [394.9850962559509, 687.4554774214038]]]}, "properties": {"OBJECTID_12": 279, "SETTLEMENT": "22020", "SETTL_NAME": "Newtown", "EAST": 579935.626026, "NORTH": 681024.953737, "GUID": "81BC177C-A79D-4C57-9D54-0F081D582878"}}, {"type": "Feature", "id": 280, "geometry": {"type": "Polygon", "coordinates": [[[437.9077834251456, 658.3795065733216], [438.3529907431456, 658.6842075064969], [438.5623402732512, 658.6785207411822], [438.53146472930456, 658.639421126757], [439.3945144936267, 658.4971033734635], [439.4542938794624, 658.5630574911033], [439.9142738070187, 658.400956845198], [438.3757098390475, 658.7916890603999], [437.9888459271093, 658.9621010208332], [437.6157106686005, 658.7486895435358], [437.70654330391466, 658.531946395163], [437.6472773484032, 658.3916497311756], [437.9077834251456, 658.3795065733216]]]}, "properties": {"OBJECTID_12": 280, "SETTLEMENT": "12008", "SETTL_NAME": "Belmont", "EAST": 607375.042363, "NORTH": 722970.336554, "GUID": "E3B0B577-5316-47F6-BCD9-AA7502371FEE"}}, {"type": "Feature", "id": 281, "geometry": {"type": "Polygon", "coordinates": [[[512.0763265965163, 651.0006185607517], [512.3797828905333, 651.1416952969423], [512.2126623173024, 651.1358109560813], [513.2102552136619, 651.2750375665205], [513.3864985293312, 651.2729304715702], [512.4102713403403, 651.6341234894257], [511.6010808624331, 651.5594723811279], [511.9567059624107, 651.3980211073264], [511.9387516255669, 651.3437597001448], [511.7430812869237, 651.3571341590493], [511.67270510465175, 651.0856025009222], [511.96152821890774, 651.0425392494726], [512.0763265965163, 651.0006185607517]]]}, "properties": {"OBJECTID_12": 281, "SETTLEMENT": "12013", "SETTL_NAME": "Rhode", "EAST": 653399.192484, "NORTH": 733746.299959, "GUID": "E2879E31-9589-432E-BECE-FB287FC96F85"}}, {"type": "Feature", "id": 282, "geometry": {"type": "Polygon", "coordinates": [[[458.4241775018411, 656.8702856312399], [458.59964278629974, 657.7314606561185], [458.73032703002985, 657.7256833884602], [458.7708915960779, 657.8449949797075], [457.54396419503786, 657.4583971780102], [457.5191038213227, 657.3486139694072], [457.03183481611416, 657.1450507003816], [457.6313034625344, 656.9632740817364], [457.9242007722464, 656.8945289731198], [458.1247465933184, 656.867116099598], [458.19123659645544, 656.9083276133204], [458.419715886928, 656.8470987769019], [458.4241775018411, 656.8702856312399]]]}, "properties": {"OBJECTID_12": 282, "SETTLEMENT": "12024", "SETTL_NAME": "Pollagh", "EAST": 619616.72904, "NORTH": 724920.850926, "GUID": "51FB0CA3-7CC1-4252-8A0F-2811EE8416DA"}}, {"type": "Feature", "id": 283, "geometry": {"type": "Polygon", "coordinates": [[[476.0213414316192, 658.6838725150469], [474.4180279483083, 659.5079756244965], [473.5352933662869, 659.7681049963394], [473.33810969316374, 659.8479492469888], [473.3036435495317, 659.8118081964005], [473.4550541826645, 659.7869843654349], [473.5066962872309, 659.723247053013], [473.40727956123305, 659.687708639265], [473.4678981979168, 659.5738794882533], [473.5700935058176, 659.5264039989147], [475.59181772843306, 658.8778883721819], [475.6660777838229, 658.8597904468277], [476.0213414316192, 658.6838725150469]]]}, "properties": {"OBJECTID_12": 283, "SETTLEMENT": "12021", "SETTL_NAME": "Mucklagh", "EAST": 629980.819221, "NORTH": 722284.34833, "GUID": "5E764AE1-08F6-4E37-AAB1-230A810FD868"}}, {"type": "Feature", "id": 284, "geometry": {"type": "Polygon", "coordinates": [[[388.3629559432224, 585.1925535848825], [388.42693591012267, 585.2631369775479], [388.21740097059416, 585.3521718926388], [388.1489181987328, 585.3191650929834], [388.0156038996864, 585.3747247971612], [388.13122057949545, 585.425732178983], [388.2954232339989, 585.5258360423747], [388.46493811068586, 585.6453853253422], [387.22536124725974, 585.5885875984703], [386.937714321568, 585.5218903283557], [387.5621296229024, 585.2844619005763], [387.53077958313173, 585.262227749779], [388.3629559432224, 585.1925535848825]]]}, "properties": {"OBJECTID_12": 284, "SETTLEMENT": "31018", "SETTL_NAME": "Ballintogher", "EAST": 576272.302845, "NORTH": 827930.221294, "GUID": "E7383137-BE9D-4A8F-955D-5D31F9C4BAE4"}}, {"type": "Feature", "id": 285, "geometry": {"type": "Polygon", "coordinates": [[[372.2301580500544, 576.9558915767702], [373.44345861393174, 577.3466099658248], [373.5238567543904, 577.4226060994908], [373.4488388378869, 577.6593395392218], [374.1892001116192, 577.6807867010341], [374.14940199394135, 577.7934068530406], [374.3278573967531, 577.7960793138255], [374.33001256976854, 577.9169102361536], [372.03823397747414, 577.6590945267334], [371.1206607239904, 577.212718727793], [371.3844632203147, 577.2275219876863], [371.4272270283072, 577.0483228597058], [372.2301580500544, 576.9558915767702]]]}, "properties": {"OBJECTID_12": 285, "SETTLEMENT": "31005", "SETTL_NAME": "Ballincar", "EAST": 567034.692257, "NORTH": 839167.952294, "GUID": "EDD24604-6D53-43A7-A575-C7623CB183BA"}}, {"type": "Feature", "id": 286, "geometry": {"type": "Polygon", "coordinates": [[[399.6586863874987, 618.2498394799667], [400.11591677947735, 618.3880924457972], [400.771373200848, 618.4225921538815], [400.76581017730985, 618.474062811091], [401.2663049328629, 618.6696904842744], [401.14703810650025, 618.8018487734435], [400.7697388153099, 618.7296200552037], [400.20665574241815, 618.5967179719995], [400.22017863545705, 618.5223786689368], [398.7342604769717, 618.3289697549196], [398.7823804940309, 618.2459431581905], [399.3200573839221, 618.170039783965], [399.6586863874987, 618.2498394799667]]]}, "properties": {"OBJECTID_12": 286, "SETTLEMENT": "30022", "SETTL_NAME": "Tulsk", "EAST": 583637.634859, "NORTH": 780856.197941, "GUID": "4B012182-0E13-4EAD-A1EF-EE93A1EAE6F4"}}, {"type": "Feature", "id": 287, "geometry": {"type": "Polygon", "coordinates": [[[526.7196956421366, 578.7243335860584], [527.2975856400822, 578.8397682526885], [526.741346878128, 579.0412813102339], [526.8243219311946, 579.056651563175], [526.6066495260853, 579.1228119075483], [526.4055572630303, 579.2955077341261], [526.5084804269568, 579.4743864410473], [525.8756045249984, 579.6028649917786], [525.7139064487253, 579.4585215171946], [525.6774805855434, 579.363991808406], [525.794413101551, 579.3544533896006], [526.2081068284917, 578.7975121512737], [526.7196956421366, 578.7243335860584]]]}, "properties": {"OBJECTID_12": 287, "SETTLEMENT": "34012", "SETTL_NAME": "Scotstown", "EAST": 660835.438869, "NORTH": 837088.371302, "GUID": "A1EA85AB-EE16-4150-B9AB-2402AA4B96AF"}}, {"type": "Feature", "id": 288, "geometry": {"type": "Polygon", "coordinates": [[[497.4427490912171, 657.725212256323], [497.82868161522026, 657.8065457120676], [497.76961243522027, 658.0518074755178], [497.6422739489632, 658.0308695373683], [497.69896217820053, 658.3471934181417], [497.6440627357355, 658.4907972617472], [497.6500022490528, 658.5751654385443], [497.57113850117867, 658.577071608563], [497.0769850391648, 657.9913092622431], [496.14922851792744, 657.8507969311866], [496.9314549626368, 657.7391051253346], [496.9300096907808, 657.6015081756431], [497.4427490912171, 657.725212256323]]]}, "properties": {"OBJECTID_12": 288, "SETTLEMENT": "12025", "SETTL_NAME": "Ballinagar", "EAST": 644072.282788, "NORTH": 724185.802961, "GUID": "828BF837-DD5D-43B2-A8AC-1A2FA39D3B57"}}, {"type": "Feature", "id": 289, "geometry": {"type": "Polygon", "coordinates": [[[557.7683668782304, 631.5507489511989], [557.9240070940939, 631.6347125422462], [557.6992490227253, 631.8265870948708], [557.4872828200448, 631.8058732053424], [557.4766326126314, 631.8270331233347], [556.9772165680384, 631.7456794891416], [557.0343983395477, 631.5367180603995], [557.0615548681931, 631.5229905389494], [557.1326543402635, 631.5412505262688], [557.5349934775915, 631.5527333387478], [557.69300607368, 631.4995950746901], [557.7808561794368, 631.5380908305642], [557.7683668782304, 631.5507489511989]]]}, "properties": {"OBJECTID_12": 289, "SETTLEMENT": "11036", "SETTL_NAME": "Dunderry", "EAST": 681132.635082, "NORTH": 762614.167633, "GUID": "DC5D9630-4CE4-4793-AC19-99392685ABC4"}}, {"type": "Feature", "id": 290, "geometry": {"type": "Polygon", "coordinates": [[[531.6248125141984, 623.2897365563126], [531.6127554469248, 623.3011675915675], [531.569162218144, 623.2947871256215], [531.3367194673109, 623.5375734841723], [530.8735726686848, 623.4988238704669], [530.9625681802944, 623.4470833453381], [530.944880251345, 623.4384129498252], [530.9837806784, 623.4180708385148], [530.921412194639, 623.3837448518706], [531.0839415259456, 623.284366462809], [531.5537775389835, 623.2263844808361], [531.6492757200043, 623.2513665400619], [531.6248125141984, 623.2897365563126]]]}, "properties": {"OBJECTID_12": 290, "SETTLEMENT": "11035", "SETTL_NAME": "Crossakeel", "EAST": 664731.897886, "NORTH": 774239.72434, "GUID": "D2F48606-CC4E-48F2-9C01-576DB8BFD39D"}}, {"type": "Feature", "id": 291, "geometry": {"type": "Polygon", "coordinates": [[[499.45923768443305, 660.0630811888387], [499.5525169164672, 660.2063649879118], [499.1268750508821, 660.2801834469202], [499.11964005477864, 660.5430560517344], [499.13284725818136, 660.6065714370204], [498.69253843833064, 660.6430361388022], [498.5983370624, 660.5660727067642], [498.5043612696661, 660.587466527052], [498.47880527435416, 660.5539162182464], [498.73964248308056, 660.4962013111208], [498.7730127597504, 660.350446809476], [498.71301835232106, 660.2522408581152], [499.45923768443305, 660.0630811888387]]]}, "properties": {"OBJECTID_12": 291, "SETTLEMENT": "12020", "SETTL_NAME": "Geashill", "EAST": 645291.383405, "NORTH": 720753.128052, "GUID": "0395C81B-9FE2-4354-8E78-55BF5DE96E5A"}}, {"type": "Feature", "id": 292, "geometry": {"type": "Polygon", "coordinates": [[[445.6215969918752, 656.8240114485563], [445.3618470669867, 657.1939289821453], [446.0691162228971, 657.5193775675772], [446.6845102576501, 657.4045540415867], [446.34383820656535, 657.7697788659113], [446.284696049088, 657.8316318234555], [444.6214640876288, 658.0002233768536], [442.1735953993632, 657.6220880355681], [442.9892613426208, 657.3832778838813], [443.1735125166816, 657.3535113437867], [444.6262290470272, 657.1866700347636], [444.72294637098133, 657.1358879710787], [445.6215969918752, 656.8240114485563]]]}, "properties": {"OBJECTID_12": 292, "SETTLEMENT": "12005", "SETTL_NAME": "Ferbane", "EAST": 611381.808556, "NORTH": 724591.994774, "GUID": "6C42CFB5-EC72-49B4-AB57-831C259C95B8"}}, {"type": "Feature", "id": 293, "geometry": {"type": "Polygon", "coordinates": [[[466.2127728662592, 651.1484357308085], [466.9808085935584, 651.0465855051656], [466.9828631177312, 651.0923627671111], [467.239218659072, 651.0957767410326], [467.2318971276352, 651.1590493768852], [467.6451440590592, 651.179142617584], [467.6053409819381, 651.2381190521859], [468.86891234907733, 652.244729539942], [468.57353178776106, 652.5239305450812], [467.4440164475253, 652.5768651534049], [466.7197600211435, 651.8235021456692], [467.15693169395945, 651.8695444251751], [466.2127728662592, 651.1484357308085]]]}, "properties": {"OBJECTID_12": 293, "SETTLEMENT": "12017", "SETTL_NAME": "Clara", "EAST": 625704.424267, "NORTH": 732846.089424, "GUID": "19E60E69-AA20-45A1-B31F-9093B9CFD68D"}}, {"type": "Feature", "id": 294, "geometry": {"type": "Polygon", "coordinates": [[[430.5745882648896, 663.0183718325217], [430.2168214727744, 663.2378230908474], [430.11828735872535, 663.3749994121115], [429.3827829217216, 663.5243655271928], [429.5729990623179, 663.8291829519767], [429.7160781351392, 663.7508379410045], [429.88838423277656, 663.7684680483686], [429.95286198143145, 663.6793184579977], [429.1523487246912, 664.5723866007013], [427.3854228354987, 664.1196778889646], [427.62157267177173, 663.8215514367886], [429.26209096351573, 663.2243207045602], [430.5745882648896, 663.0183718325217]]]}, "properties": {"OBJECTID_12": 294, "SETTLEMENT": "12003", "SETTL_NAME": "Banagher", "EAST": 601336.788196, "NORTH": 715486.022683, "GUID": "92177996-DE26-4447-AC85-E0C0A6083C37"}}, {"type": "Feature", "id": 295, "geometry": {"type": "Polygon", "coordinates": [[[612.1653457665984, 622.2786648462052], [613.9411656821227, 625.2951691742619], [613.9032429919242, 625.1947114949037], [614.0001509188074, 625.1684353870176], [611.9557141834262, 624.2585352808837], [612.6908009336779, 624.0997941767384], [613.2596417558251, 624.1458859538504], [611.8223963802699, 622.7137952892675], [609.1060640969046, 622.9852307031917], [609.0570060172117, 622.8941240216901], [608.9208226790026, 622.9083443720135], [611.8545308766677, 622.3593725863684], [612.1653457665984, 622.2786648462052]]]}, "properties": {"OBJECTID_12": 295, "SETTLEMENT": "11013", "SETTL_NAME": "Laytown-Bettystown-Mornington-Donacarney", "EAST": 715126.234489, "NORTH": 774404.12485, "GUID": "ADC8C330-CEBE-4734-B55F-B65BE6198DAC"}}, {"type": "Feature", "id": 296, "geometry": {"type": "Polygon", "coordinates": [[[596.643827284448, 606.3265615125391], [596.9414576715584, 606.31240670734], [597.15495259072, 606.4164208695631], [596.818262425056, 606.4668264247177], [597.8379069647339, 606.8955022965844], [597.396266444049, 607.4725727291003], [597.0479795549952, 607.6038442414105], [597.0721301176245, 607.5752099141137], [596.7947129843296, 607.5090188522215], [596.8973978789504, 607.4094714846345], [596.8948530174208, 607.3209234481351], [596.3424238205462, 606.483313759626], [596.643827284448, 606.3265615125391]]]}, "properties": {"OBJECTID_12": 296, "SETTLEMENT": "10004", "SETTL_NAME": "Dromiskin", "EAST": 704894.277765, "NORTH": 798518.170118, "GUID": "C1A763F1-C3A7-477E-B927-968F445BA064"}}, {"type": "Feature", "id": 297, "geometry": {"type": "Polygon", "coordinates": [[[327.51991444155624, 713.8115843447919], [328.8714692093461, 715.126228549469], [327.6481783055285, 715.2651732291995], [325.0704141267797, 715.4611880433262], [323.3671271442912, 715.4396588725062], [323.29267226264744, 715.435411064728], [323.43196017465175, 715.0234879859593], [325.30740758938026, 714.2253526087982], [325.59541682696425, 714.1116534554073], [325.5369621205515, 714.0892205287795], [325.5766813578688, 714.0730455441735], [325.5144270255467, 714.017320297312], [327.51991444155624, 713.8115843447919]]]}, "properties": {"OBJECTID_12": 297, "SETTLEMENT": "21033", "SETTL_NAME": "Rathkeale", "EAST": 536351.468166, "NORTH": 641580.781455, "GUID": "1FE7B584-450A-4DED-A128-33D523F7B1A7"}}, {"type": "Feature", "id": 298, "geometry": {"type": "Polygon", "coordinates": [[[565.8919133749195, 589.2453298281104], [566.2407932851082, 589.3630176033523], [566.2398883668224, 589.3488641349381], [566.4458330298849, 589.3758513406837], [566.2887459107467, 589.4634728096186], [566.1704285191583, 589.4829430299226], [566.0923906903286, 589.4914338842196], [565.3838628677429, 589.5664800600342], [565.367834916176, 589.5550689862822], [565.5226456748992, 589.4532772787485], [565.7115605240597, 589.425310150935], [565.9673132873365, 589.4139381410553], [565.8919133749195, 589.2453298281104]]]}, "properties": {"OBJECTID_12": 298, "SETTLEMENT": "34017", "SETTL_NAME": "Oram", "EAST": 685349.692102, "NORTH": 823020.834637, "GUID": "71D7768F-F2A2-422B-94E8-C210E09D3023"}}, {"type": "Feature", "id": 299, "geometry": {"type": "Polygon", "coordinates": [[[538.9295479000842, 574.060775233945], [538.2891776995115, 574.4060207417272], [537.9594629752266, 574.4699912117703], [538.01800389328, 574.5152046785522], [537.3371681876512, 574.731998980609], [537.3608221989685, 574.5938979698138], [537.2384661418016, 574.5910718017335], [537.1788199274698, 574.5041716726195], [536.7118770401152, 574.3973185663417], [536.9522881325813, 574.4010296906865], [536.9161388529301, 574.2581707807273], [537.9905228698475, 574.2021223173473], [538.9295479000842, 574.060775233945]]]}, "properties": {"OBJECTID_12": 299, "SETTLEMENT": "34010", "SETTL_NAME": "Emyvale", "EAST": 667706.461241, "NORTH": 844015.522552, "GUID": "F2DE9FE1-5B5F-4E75-B335-89C564B03DED"}}, {"type": "Feature", "id": 300, "geometry": {"type": "Polygon", "coordinates": [[[529.0790871264896, 583.935289213874], [529.3055922180256, 584.0129142475166], [528.8115245222133, 584.1009721711577], [528.8193466643211, 584.2168280027616], [528.0516139290773, 584.36646699271], [528.0362825269194, 584.3553432308822], [528.0524352324213, 584.3003554478892], [528.054384780368, 584.2272700163985], [528.1732921157931, 584.2724338325079], [528.3594315697889, 584.238822535253], [528.822397286639, 584.0007819970167], [529.0360926090933, 583.9069106885138], [529.0790871264896, 583.935289213874]]]}, "properties": {"OBJECTID_12": 300, "SETTLEMENT": "34014", "SETTL_NAME": "Cabragh", "EAST": 662382.896444, "NORTH": 830140.102011, "GUID": "64108795-00A1-4567-8D80-5080FA02C15A"}}, {"type": "Feature", "id": 301, "geometry": {"type": "Polygon", "coordinates": [[[531.0584173129333, 579.4172539164095], [530.7767467285867, 579.5091769261056], [530.0425032154475, 579.8102731093129], [529.1569722325365, 580.5032843145322], [528.9294448122603, 580.7163686886882], [528.735563341823, 580.3786110141149], [528.8923080536022, 580.3308834843192], [529.2871529914902, 580.0190389621577], [529.7940120798037, 579.7070412034725], [530.3879518158752, 579.350879944273], [530.848384585969, 579.3193148538139], [531.0713751270293, 579.3774807532727], [531.0584173129333, 579.4172539164095]]]}, "properties": {"OBJECTID_12": 301, "SETTLEMENT": "34009", "SETTL_NAME": "Bellanode", "EAST": 662978.260619, "NORTH": 835915.482746, "GUID": "3DDC6525-C82B-4135-952D-F37DDAF6EBF9"}}, {"type": "Feature", "id": 302, "geometry": {"type": "Polygon", "coordinates": [[[552.1216568788618, 590.8211006714608], [552.1456679021493, 590.8381449094516], [552.2274045703531, 590.9051231633915], [552.1745350266816, 590.9088646772484], [552.2092335577568, 591.0174824341424], [552.158390542608, 591.0982834247569], [552.158649867375, 591.1247502591721], [551.590591908992, 591.0882800615669], [551.2727156707712, 590.9622122277143], [551.3166261922197, 590.9657735677752], [551.3313288840747, 590.9265001968978], [551.66966226424, 590.7939809090046], [552.1216568788618, 590.8211006714608]]]}, "properties": {"OBJECTID_12": 302, "SETTLEMENT": "34015", "SETTL_NAME": "Doohamlat", "EAST": 676691.610485, "NORTH": 820683.523651, "GUID": "421ED141-D197-45C4-8B04-8B151275E104"}}, {"type": "Feature", "id": 303, "geometry": {"type": "Polygon", "coordinates": [[[549.4021882004597, 584.0740602597675], [549.6217851906144, 584.0524998919356], [549.7100224628533, 584.0748261378329], [549.2434671537142, 584.1973889536632], [549.2056034664042, 584.1840046209013], [548.9880133243136, 584.2482484095304], [548.803899862799, 584.0985641841175], [548.8957125546976, 584.0837759963828], [549.1169182022433, 584.0835710202279], [549.1207904099691, 584.0623749016873], [549.2471467811808, 584.0730697434941], [549.3459430533962, 584.0424101922897], [549.4021882004597, 584.0740602597675]]]}, "properties": {"OBJECTID_12": 303, "SETTLEMENT": "34016", "SETTL_NAME": "Clontibret", "EAST": 674936.955549, "NORTH": 830317.749256, "GUID": "BBB7400D-BFEF-433B-9427-D2D9AE5545D5"}}, {"type": "Feature", "id": 304, "geometry": {"type": "Polygon", "coordinates": [[[523.5941603938326, 583.5056612142212], [523.3313361303435, 583.6896050602899], [523.0743830974592, 583.7931972433246], [522.1175203155168, 583.8264869721257], [522.2619330458475, 583.7648135279653], [522.5961800949856, 583.670945536596], [522.5062649824789, 583.6256872106459], [522.7569651946272, 583.5461856311023], [522.787377957889, 583.6022675854201], [523.0441353922294, 583.5344421735448], [523.0148830568256, 583.5180369432946], [523.8324376710186, 583.3313888867435], [523.5941603938326, 583.5056612142212]]]}, "properties": {"OBJECTID_12": 304, "SETTLEMENT": "34013", "SETTL_NAME": "Smithborough", "EAST": 658875.520502, "NORTH": 830766.816393, "GUID": "F6A1B997-8A67-41E8-A694-D86180174EF0"}}, {"type": "Feature", "id": 305, "geometry": {"type": "Polygon", "coordinates": [[[432.43778631175576, 687.4686473995731], [431.7330813107936, 687.5778290833886], [431.3096309511136, 687.6121542824338], [431.05269951277864, 687.7089414396645], [430.9941608868064, 687.6576097655908], [431.0678397242539, 687.6076844729132], [430.80844271954453, 687.6449329212973], [430.9328062612288, 687.5690251787053], [430.8732102265579, 687.5025168471765], [431.85314269806935, 687.308676248375], [431.9136790615627, 687.3394072693703], [431.7906529731435, 687.4391813826983], [432.43778631175576, 687.4686473995731]]]}, "properties": {"OBJECTID_12": 305, "SETTLEMENT": "12014", "SETTL_NAME": "Moneygall", "EAST": 602975.694906, "NORTH": 681024.192322, "GUID": "9B7A1E45-4727-4E3E-A2EC-2567E852B145"}}, {"type": "Feature", "id": 306, "geometry": {"type": "Polygon", "coordinates": [[[485.21511745855895, 661.6943830752788], [485.5726704147936, 661.8465604557655], [485.87406460234456, 661.8602479365228], [486.0194929754325, 662.0832199823639], [485.6606706918805, 662.0521440183069], [485.6179491488085, 662.0782338366012], [485.5109563717429, 662.0409096084762], [485.0772867666752, 662.2831064292832], [484.8738857524128, 662.2766379848808], [484.83353468478936, 661.8944744294524], [484.8192960533056, 661.862058223099], [485.09690852606616, 661.7555916414719], [485.21511745855895, 661.6943830752788]]]}, "properties": {"OBJECTID_12": 306, "SETTLEMENT": "12023", "SETTL_NAME": "Killeigh", "EAST": 636720.396781, "NORTH": 718347.112167, "GUID": "D7BE829B-2536-4ADD-A6F5-42784276AD21"}}, {"type": "Feature", "id": 307, "geometry": {"type": "Polygon", "coordinates": [[[456.6170720020075, 664.5242566143362], [456.8336968457867, 664.6015966062985], [455.4912523594517, 665.1880771110659], [455.20615727156695, 665.1157273535545], [455.12193282086827, 665.0472451301887], [455.23980895598186, 665.0446683746623], [455.20491051526295, 664.9366313435632], [455.27462447068586, 664.9181634399869], [455.23090451476907, 664.8201043314128], [456.29281177820906, 664.7318434748095], [456.44149866494826, 664.5757658116636], [456.5230905277024, 664.5950560032279], [456.6170720020075, 664.5242566143362]]]}, "properties": {"OBJECTID_12": 307, "SETTLEMENT": "12006", "SETTL_NAME": "Kilcormac or Frankford", "EAST": 618417.20593, "NORTH": 713886.832532, "GUID": "4B0A5C03-DFA5-4D38-9B01-E534370327F6"}}, {"type": "Feature", "id": 308, "geometry": {"type": "Polygon", "coordinates": [[[434.7013975061259, 678.8501831557106], [434.79716133687253, 678.9859735046748], [435.1535236531573, 679.2943828245844], [435.34727304366936, 679.4055063405432], [435.31068575789226, 679.6422468636861], [435.4626576365461, 679.5905536106543], [435.6132120289088, 679.6670957218242], [435.5277132622688, 679.6966696366992], [434.52528969296213, 679.8022601647463], [433.36596988101655, 679.8051777896698], [434.1829237757664, 679.6132144403883], [434.7850105160128, 679.4091877418037], [434.7013975061259, 678.8501831557106]]]}, "properties": {"OBJECTID_12": 308, "SETTLEMENT": "12015", "SETTL_NAME": "Shinrone", "EAST": 604994.056023, "NORTH": 692723.48695, "GUID": "43681C9D-3437-49B2-A3A2-AD4A3C621FF9"}}, {"type": "Feature", "id": 309, "geometry": {"type": "Polygon", "coordinates": [[[421.9698624336608, 656.8982361246963], [422.6323905080555, 656.9385795290916], [422.88783049248104, 657.0056044989615], [422.8883306470379, 657.0940195148117], [422.9682088857739, 657.115441205512], [422.67464779421226, 657.1583780900479], [422.5271840350795, 657.1315057575159], [422.53511875104425, 657.1178177352094], [422.157195783312, 657.0432636031638], [422.0466447637301, 656.980969140741], [421.28790246548056, 657.0429704814818], [421.84800370310614, 656.8921649533366], [421.9698624336608, 656.8982361246963]]]}, "properties": {"OBJECTID_12": 309, "SETTLEMENT": "12009", "SETTL_NAME": "Shannonbridge", "EAST": 597185.401144, "NORTH": 725404.561258, "GUID": "74C68C2B-215C-4043-A645-D8FC615EEE2D"}}, {"type": "Feature", "id": 310, "geometry": {"type": "Polygon", "coordinates": [[[411.34617757852266, 596.7404392787564], [412.5438297795573, 597.104270064618], [412.5457170313973, 597.2045549538661], [412.4038427586656, 597.2042864966169], [412.5004146525973, 597.3490943598653], [412.17433174343574, 597.2398888722023], [412.0845044312011, 597.1598227776593], [411.94157414650664, 597.1486656197242], [411.12353359610455, 597.0556612177139], [411.17405476067415, 597.016045688218], [411.3241653177035, 596.8629781317818], [411.15045964176215, 596.7198773388129], [411.34617757852266, 596.7404392787564]]]}, "properties": {"OBJECTID_12": 310, "SETTLEMENT": "30017", "SETTL_NAME": "Keadew", "EAST": 590837.090329, "NORTH": 811399.495041, "GUID": "D1371422-8AB6-4ACB-BD9D-5C4EAE1CEB71"}}, {"type": "Feature", "id": 311, "geometry": {"type": "Polygon", "coordinates": [[[561.4489258036384, 641.1350382974905], [561.9395539006752, 641.1288483026823], [562.5775617753301, 641.1672745964211], [561.7366673080683, 641.5425124621921], [561.52796557888, 641.6330985801488], [561.5515429035819, 641.6963143918971], [561.0286265196405, 641.3972168876885], [560.7019718264619, 641.3469575956644], [561.1936884501952, 641.2816788955347], [561.2635661801365, 641.2011260312697], [561.2143465133163, 641.1899435605545], [561.2644829706645, 641.0940170849423], [561.4489258036384, 641.1350382974905]]]}, "properties": {"OBJECTID_12": 311, "SETTLEMENT": "11026", "SETTL_NAME": "Summerhill", "EAST": 684059.32219, "NORTH": 748773.315971, "GUID": "2B8D501B-CE01-4BA9-9AEB-50F3FB950C58"}}, {"type": "Feature", "id": 312, "geometry": {"type": "Polygon", "coordinates": [[[611.3410260720854, 629.4565467440542], [612.3502101242507, 629.6638846444508], [612.2111331116597, 629.5674315781043], [612.457038023104, 629.5128422217833], [612.3697212094635, 629.4483645113676], [612.6158597442027, 629.3971656802229], [612.1464436466902, 630.0936245518287], [611.4529911413333, 630.2816280236392], [611.4585891219061, 630.2132619961035], [610.8764398476992, 630.2914417299826], [610.7622552217034, 630.2289343015884], [611.4085503551936, 629.6544699405734], [611.3410260720854, 629.4565467440542]]]}, "properties": {"OBJECTID_12": 312, "SETTLEMENT": "11014", "SETTL_NAME": "Stamullen", "EAST": 714644.753193, "NORTH": 765863.754229, "GUID": "124EE494-5C5A-40B8-89A4-AE818B96603E"}}, {"type": "Feature", "id": 313, "geometry": {"type": "Polygon", "coordinates": [[[591.4318671718944, 638.9123270294193], [591.4771401160341, 639.4204650674941], [591.3412977762304, 639.9997735299202], [591.1230302379169, 640.1291108304845], [589.806808623856, 640.6983385918228], [589.6467226592811, 640.0054319277828], [589.4211544141589, 639.9173131666353], [589.6659023265248, 639.7733327387205], [589.3871193200896, 639.630052097008], [589.4158341277462, 639.5703273842056], [589.2286399428672, 639.5402953700561], [590.8314137569984, 638.8909978827314], [591.4318671718944, 638.9123270294193]]]}, "properties": {"OBJECTID_12": 313, "SETTLEMENT": "11005", "SETTL_NAME": "Ratoath", "EAST": 701986.255487, "NORTH": 751590.223428, "GUID": "5FA2CA69-3E99-405D-8EF5-EBA078D23EF3"}}, {"type": "Feature", "id": 314, "geometry": {"type": "Polygon", "coordinates": [[[516.0576109753803, 618.5805181356164], [517.1075093129931, 618.7360510964126], [517.0015131169813, 618.7436779635487], [516.9867241225397, 619.049863742869], [517.1356391287488, 619.242542953517], [516.1353547955744, 619.2993322274008], [516.1249178093856, 619.3605653305768], [516.2245872955093, 619.4447601518193], [516.0331849770955, 619.4698137973941], [515.8812280166966, 619.7247345518623], [515.5133763483467, 619.5776586290809], [514.9679201403126, 619.0920809424484], [516.0576109753803, 618.5805181356164]]]}, "properties": {"OBJECTID_12": 314, "SETTLEMENT": "11020", "SETTL_NAME": "Oldcastle", "EAST": 655293.325441, "NORTH": 780266.506408, "GUID": "D11E042C-13E0-443E-8C8C-C478C9E88CD7"}}, {"type": "Feature", "id": 315, "geometry": {"type": "Polygon", "coordinates": [[[384.3050120294571, 610.5137984161029], [384.6915912182261, 610.5588035863857], [384.07863213375896, 611.1113015227684], [384.44686034311786, 611.1884496482185], [384.42687434248853, 611.2139128544724], [383.8569936113813, 611.4317414402706], [383.60554321089813, 611.6615423390166], [383.24759423595947, 611.4561617343455], [382.4033348121728, 611.5258145289669], [382.7405213005557, 611.4249300771071], [382.65144206965334, 611.3361611938398], [382.6063203446827, 611.23760640766], [384.3050120294571, 610.5137984161029]]]}, "properties": {"OBJECTID_12": 315, "SETTLEMENT": "30009", "SETTL_NAME": "Frenchpark", "EAST": 573451.812233, "NORTH": 791284.641067, "GUID": "11F7C510-2642-47BA-BC3C-7A8EDBE92988"}}, {"type": "Feature", "id": 316, "geometry": {"type": "Polygon", "coordinates": [[[406.20250713547415, 612.7095005963952], [406.39164753238936, 612.8778285303629], [406.4290112181333, 612.9930421136694], [407.0040000808064, 613.1421391249258], [406.7380713812096, 613.1922925561993], [406.8609593280395, 613.5440382148497], [406.8444536043083, 613.7134796059787], [405.9256750077803, 613.2812549993795], [404.7372138502176, 613.5572108569687], [403.643828830368, 613.4560482265493], [405.9798470968597, 612.599691110032], [406.1563544471541, 612.5758064052309], [406.20250713547415, 612.7095005963952]]]}, "properties": {"OBJECTID_12": 316, "SETTLEMENT": "30012", "SETTL_NAME": "Elphin", "EAST": 586885.961029, "NORTH": 788353.028885, "GUID": "573BAD39-77CC-4CCF-BD48-32CAA3601372"}}, {"type": "Feature", "id": 317, "geometry": {"type": "Polygon", "coordinates": [[[346.1686584153888, 625.1224628399198], [346.46788122371095, 625.123411362759], [346.4951338543381, 625.2463857454396], [347.0631760391829, 625.2731978112635], [347.5634680443168, 625.3792846398159], [347.1280114888256, 625.3860032400007], [347.14403483254296, 625.485503926195], [346.8682104077952, 625.6689198364112], [346.67266201812055, 625.6596449065319], [346.84401991779947, 625.7523184581626], [346.0951207061504, 625.3246449828783], [345.90978122556055, 625.0838500370642], [346.1686584153888, 625.1224628399198]]]}, "properties": {"OBJECTID_12": 317, "SETTLEMENT": "30019", "SETTL_NAME": "Cloonfad", "EAST": 550382.542377, "NORTH": 771072.781696, "GUID": "FBAAF800-404F-4BF2-9082-55176C7AB7A7"}}, {"type": "Feature", "id": 318, "geometry": {"type": "Polygon", "coordinates": [[[374.71490491181333, 618.347119627301], [377.53096458450773, 619.8680756789951], [377.3167040549675, 620.0440075501444], [375.282786397888, 619.7422539534634], [373.0140872676341, 619.5137894148013], [372.7652763668917, 619.5367179608702], [372.4527384530272, 619.5434450367602], [372.1348507346496, 619.4861104075275], [372.4761546395573, 619.1929220951453], [372.6035649007659, 619.0071657736327], [373.1342989352832, 618.9336084122707], [373.8682607427936, 618.9429970104626], [374.71490491181333, 618.347119627301]]]}, "properties": {"OBJECTID_12": 318, "SETTLEMENT": "30008", "SETTL_NAME": "Castlerea", "EAST": 567697.265694, "NORTH": 779768.426286, "GUID": "3032EC2A-8421-479A-AF1B-698EBFE9E4EE"}}, {"type": "Feature", "id": 319, "geometry": {"type": "Polygon", "coordinates": [[[554.0781104188235, 612.7734568547355], [554.7188605413504, 613.0660778234544], [554.7996274841323, 613.3417745319663], [554.1574160962123, 613.363282655362], [554.12233559816, 613.2536689656653], [554.0372047353621, 613.2668416214957], [554.0124314617696, 613.1887720079076], [553.6791281464735, 613.0818824336334], [553.9710449106229, 613.0552428749195], [553.9644245269941, 613.0305639473376], [553.2621738231275, 612.9118716613756], [553.6344197251915, 612.8014206335197], [554.0781104188235, 612.7734568547355]]]}, "properties": {"OBJECTID_12": 319, "SETTLEMENT": "11031", "SETTL_NAME": "Kilmainham", "EAST": 678611.33166, "NORTH": 789231.62741, "GUID": "6DDAB6F2-652E-49CB-806F-EE6299E31926"}}, {"type": "Feature", "id": 320, "geometry": {"type": "Polygon", "coordinates": [[[543.3641799552054, 634.2231406659771], [543.6050588678208, 634.2249330387972], [543.7551480011371, 634.3058327665553], [544.0598032504757, 634.4190370586817], [543.7938272144373, 634.5367082033572], [543.9940473349174, 634.6245013116044], [543.9608350754058, 634.6391728155123], [543.8291984721931, 634.8943631715911], [543.6311529926144, 634.858612346541], [542.565658821136, 634.6584841786103], [542.5338750958325, 634.3809798508901], [543.1126203269056, 634.1836534731206], [543.3641799552054, 634.2231406659771]]]}, "properties": {"OBJECTID_12": 320, "SETTLEMENT": "11028", "SETTL_NAME": "Kildalkey", "EAST": 672461.924566, "NORTH": 758381.474989, "GUID": "DCB3481B-B94A-423E-B197-5995E42CA38C"}}, {"type": "Feature", "id": 321, "geometry": {"type": "Polygon", "coordinates": [[[610.5365280134026, 626.3895468111272], [609.7915352512022, 626.6520011281939], [610.9286604690166, 626.90046200653], [611.3094280372449, 626.8403086764869], [611.310234611809, 627.0330786366239], [610.4896171614678, 627.1819004073452], [610.45662172976, 627.5533494140822], [610.1072746171083, 626.9876335029605], [609.8803103048501, 627.0067969704447], [609.3389669652181, 626.6829639538705], [609.3715470824256, 626.6278215659355], [609.4303810508897, 626.4420469174369], [610.5365280134026, 626.3895468111272]]]}, "properties": {"OBJECTID_12": 321, "SETTLEMENT": "11015", "SETTL_NAME": "Julianstown", "EAST": 713745.754633, "NORTH": 770132.876024, "GUID": "5D4720F7-EC73-4A8C-8DA3-3F43884E608A"}}, {"type": "Feature", "id": 322, "geometry": {"type": "Polygon", "coordinates": [[[455.6350410098091, 670.4627606851788], [456.5158663241739, 670.7145048604234], [456.6298447838304, 670.717567074897], [457.3020823398176, 670.6107215489944], [457.4312331054784, 670.6785007006832], [457.29718459561064, 670.7292611722733], [457.755194748304, 670.8937710205937], [457.34108423544535, 670.9231861861842], [457.3164013380107, 671.0093888194449], [456.99646995513496, 670.9366256967727], [455.7880478050251, 670.984282669003], [454.6638030966752, 670.6850252366952], [455.6350410098091, 670.4627606851788]]]}, "properties": {"OBJECTID_12": 322, "SETTLEMENT": "12007", "SETTL_NAME": "Kinnitty", "EAST": 618423.982118, "NORTH": 705434.088516, "GUID": "0C64196F-4661-429B-B39B-A77EC735EAEB"}}, {"type": "Feature", "id": 323, "geometry": {"type": "Polygon", "coordinates": [[[523.0154751556502, 662.2399090122855], [523.0283498894815, 662.2514315919556], [523.3772200729152, 662.4034993548269], [522.7701824914411, 662.4273063867561], [522.669150751136, 662.5849625732872], [522.3848140407179, 662.6048102384062], [522.2769732260277, 662.5824671805697], [521.96967778216, 662.4744325456534], [522.2194133542486, 662.3489340527487], [522.5999351088896, 662.3200166144898], [522.5647956676298, 662.2861687816901], [522.8578149162976, 662.1653420049822], [523.0154751556502, 662.2399090122855]]]}, "properties": {"OBJECTID_12": 323, "SETTLEMENT": "12010", "SETTL_NAME": "Bracknagh", "EAST": 660082.89101, "NORTH": 717946.379218, "GUID": "5CE670EE-72D2-407A-9CD8-B2C77C6CD430"}}, {"type": "Feature", "id": 324, "geometry": {"type": "Polygon", "coordinates": [[[540.8882096713494, 642.9850388887937], [540.9219717189578, 643.0145852837361], [540.9853195898027, 642.9960447515393], [541.7268316834859, 643.3170057140122], [540.8680755327755, 643.7104068221892], [540.7643602247477, 643.6886611821052], [540.4517316224352, 643.6814933027483], [540.4187933886859, 643.5824323451619], [540.2397237284224, 643.3749190726321], [540.5700146849226, 643.43121834876], [540.5715785783937, 643.2935154606386], [540.803625264752, 643.0134609252747], [540.8882096713494, 642.9850388887937]]]}, "properties": {"OBJECTID_12": 324, "SETTLEMENT": "11029", "SETTL_NAME": "Longwood", "EAST": 671253.053916, "NORTH": 745505.897192, "GUID": "8930335E-3857-49A6-9C25-4D082451D1F6"}}, {"type": "Feature", "id": 325, "geometry": {"type": "Polygon", "coordinates": [[[532.7530724542997, 591.5217271725146], [532.0401344516139, 591.907744433999], [531.4538411421898, 592.1592396349645], [531.3189990622368, 592.2053505919812], [530.7940638282143, 592.206060500699], [530.7689417607542, 592.1544813733183], [531.1298367645994, 592.1151689692213], [531.0540361041867, 592.0013115357636], [531.5018878899083, 591.9150151967325], [531.742267384736, 591.737964756782], [531.7102919231029, 591.6439042684966], [532.7940522313163, 591.4807230633166], [532.7530724542997, 591.5217271725146]]]}, "properties": {"OBJECTID_12": 325, "SETTLEMENT": "34007", "SETTL_NAME": "Rockcorry", "EAST": 664466.298949, "NORTH": 819192.544435, "GUID": "0FE83EE2-6808-44A7-83CF-B6AF3120F3B9"}}, {"type": "Feature", "id": 326, "geometry": {"type": "Polygon", "coordinates": [[[519.2094649071018, 588.4955526444203], [519.3834729191509, 588.534663912988], [519.7182706006976, 588.7700123169999], [519.2616165141611, 588.820834765373], [518.6157507869739, 588.8388194189843], [518.4466368559296, 589.0764896864672], [518.3781819602923, 589.0232617799529], [518.2386108506645, 589.0115168793419], [518.3185781464545, 588.9120925896677], [517.8310876491296, 588.6753831940857], [519.052985583392, 588.6150561079571], [519.1651596704437, 588.5454099032781], [519.2094649071018, 588.4955526444203]]]}, "properties": {"OBJECTID_12": 326, "SETTLEMENT": "34006", "SETTL_NAME": "Newbliss", "EAST": 656402.410602, "NORTH": 823524.480737, "GUID": "D09FF068-344A-48B7-8915-6ADD89510ECC"}}, {"type": "Feature", "id": 327, "geometry": {"type": "Polygon", "coordinates": [[[510.4723637213835, 660.1011568929548], [510.57883381610986, 660.3569867616169], [510.19245731329386, 660.4649146415059], [509.774124330464, 660.7931327533723], [509.84431721068904, 660.7913671995066], [509.8129899110336, 660.9450809900483], [509.1197251099339, 660.8753637510341], [509.1789086078091, 660.8084900974142], [509.21686079024, 660.7457437215193], [509.388348910224, 660.7628034869106], [509.3688692782976, 660.4757250661627], [509.6355814398955, 660.4560321994254], [510.4723637213835, 660.1011568929548]]]}, "properties": {"OBJECTID_12": 327, "SETTLEMENT": "12018", "SETTL_NAME": "Walsh Island or Coolagary", "EAST": 652028.7892, "NORTH": 720626.11638, "GUID": "29D451E6-DAB4-4CC7-96A0-FAB7425A2E87"}}, {"type": "Feature", "id": 328, "geometry": {"type": "Polygon", "coordinates": [[[545.1695206571061, 575.8543819905904], [545.6102036940405, 575.8990607319403], [545.1960150509717, 576.1980489583646], [545.1547450174048, 576.2924593447595], [544.296039004289, 576.3463731193236], [544.0588245173792, 576.6618550282237], [543.7614225332821, 576.6633665205454], [543.847477651968, 576.3972947107105], [543.8531843081248, 576.154863756901], [544.4556039973942, 575.9242350149169], [544.8274194085931, 575.9598803825601], [545.0345605709557, 575.8913757517834], [545.1695206571061, 575.8543819905904]]]}, "properties": {"OBJECTID_12": 328, "SETTLEMENT": "34011", "SETTL_NAME": "Glasslough", "EAST": 671911.406436, "NORTH": 841520.421424, "GUID": "C105C650-777D-4538-85FB-02625CF8B2C5"}}, {"type": "Feature", "id": 329, "geometry": {"type": "Polygon", "coordinates": [[[285.1739549626485, 598.1691591814665], [285.25307397976854, 598.2450833829693], [285.707868158736, 598.4961878493335], [286.05674021070615, 598.5894920814419], [285.9731306800107, 598.804676517679], [285.77286540314026, 598.8519522805269], [285.6996241914869, 598.9128278864041], [285.5771897676224, 598.7450156484807], [285.4001029022219, 598.6560035323071], [285.4429072509056, 598.6516470470033], [285.23580211670185, 598.3499241589356], [285.12577761791147, 598.1449878478242], [285.1739549626485, 598.1691591814665]]]}, "properties": {"OBJECTID_12": 329, "SETTLEMENT": "29031", "SETTL_NAME": "Lahardane", "EAST": 513326.81923, "NORTH": 810061.010365, "GUID": "F8805DA4-ABFC-4341-B27A-607EC0C4393B"}}, {"type": "Feature", "id": 330, "geometry": {"type": "Polygon", "coordinates": [[[313.78120060946986, 608.6608152980607], [313.8637408628832, 608.6764893546713], [313.88969317519576, 608.6421982025958], [314.5113043398368, 608.7883997559666], [314.5917227514944, 608.8885607413761], [314.5123906440533, 608.8932378299298], [314.3970328376128, 608.8648277106487], [313.65535726672, 608.8854556984099], [313.5446131176565, 608.8729107637231], [313.56909481151894, 608.7709890649088], [313.3169970596352, 608.7554826315231], [313.3813411098475, 608.6324238747272], [313.78120060946986, 608.6608152980607]]]}, "properties": {"OBJECTID_12": 330, "SETTLEMENT": "29033", "SETTL_NAME": "Bohola", "EAST": 530575.155126, "NORTH": 795245.953254, "GUID": "9A6D2A46-961F-4A92-A032-F98F0240F6E6"}}, {"type": "Feature", "id": 331, "geometry": {"type": "Polygon", "coordinates": [[[200.97179701444267, 602.4952351038169], [200.99643246091733, 602.5345502473834], [201.56677220161066, 602.6545935640968], [201.97707627925334, 602.7582181812826], [206.15249752804266, 602.7909964643192], [206.158673232832, 602.8966066401491], [203.688720072768, 603.3003248428025], [200.495878952224, 603.2997334044728], [200.54944157003735, 603.2681385416478], [198.22688377307733, 603.3690580608752], [197.86966681138134, 603.4187873243421], [198.33362196194133, 602.969696448152], [200.97179701444267, 602.4952351038169]]]}, "properties": {"OBJECTID_12": 331, "SETTLEMENT": "29022", "SETTL_NAME": "Keel-Dooagh", "EAST": 461481.548499, "NORTH": 804940.259236, "GUID": "110BB7C6-6E9D-4423-BCDA-92E52BB8A9D7"}}, {"type": "Feature", "id": 332, "geometry": {"type": "Polygon", "coordinates": [[[310.4948236349792, 601.8452109204462], [310.7857743645781, 602.0782638810102], [308.65090866815575, 602.5984527616641], [308.4894874386464, 602.8206409220172], [308.4454697682165, 602.8712902484516], [308.19802483668906, 602.8681008015412], [307.47564643690134, 602.8107030007124], [305.405798925456, 602.5109850960117], [307.098976405824, 602.1840898049688], [307.09935799986346, 602.096483815212], [308.17053065733336, 602.420460816854], [308.3984971235008, 602.2840522727586], [310.4948236349792, 601.8452109204462]]]}, "properties": {"OBJECTID_12": 332, "SETTLEMENT": "29004", "SETTL_NAME": "Foxford", "EAST": 527163.144847, "NORTH": 804308.582896, "GUID": "132C788E-6757-4B7F-B3A9-F2220AA5E29D"}}, {"type": "Feature", "id": 333, "geometry": {"type": "Polygon", "coordinates": [[[287.6488654343136, 592.6233832105873], [287.6823229073173, 592.8346845968756], [287.6707145783595, 593.0975211104836], [286.809643883136, 593.6114522941567], [285.350102101808, 593.4593409668353], [284.4838973191424, 593.5305336935374], [285.4522539372832, 593.0897888653792], [285.3694340691979, 593.0539344571789], [285.74851918861333, 592.920150044652], [286.2467096037579, 592.8592667748992], [287.7717659037632, 592.4784137174004], [287.54114204205973, 592.5265866597497], [287.6488654343136, 592.6233832105873]]]}, "properties": {"OBJECTID_12": 333, "SETTLEMENT": "29003", "SETTL_NAME": "Crossmolina", "EAST": 513893.619292, "NORTH": 817640.590635, "GUID": "6E5374F3-6AF5-4AC8-8B3E-41E22FD31E03"}}, {"type": "Feature", "id": 334, "geometry": {"type": "Polygon", "coordinates": [[[320.7109747092651, 621.5359685534012], [320.79270175098344, 621.6208883028204], [321.68954899693546, 621.563642320647], [320.8356743252576, 622.3333553319601], [320.568047316992, 623.4921291914286], [319.58923248530454, 623.3099603328285], [319.73207925906985, 623.6736816562504], [319.6007236571072, 623.6961816443917], [320.13850399888855, 623.9276252657829], [319.62084762193706, 624.0361427912453], [317.9318760001365, 623.0413852397452], [320.2196229904576, 621.5261474077449], [320.7109747092651, 621.5359685534012]]]}, "properties": {"OBJECTID_12": 334, "SETTLEMENT": "29015", "SETTL_NAME": "Claremorris", "EAST": 534049.577241, "NORTH": 775303.883585, "GUID": "C7F05537-0BD9-4DA7-B018-F7206D6A3C4A"}}, {"type": "Feature", "id": 335, "geometry": {"type": "Polygon", "coordinates": [[[583.6067329899392, 623.263580577857], [583.2871398640513, 623.3877292755362], [582.6230332077205, 623.8820436477009], [582.7138188908874, 623.8895811190745], [583.0465205746453, 624.0685230211711], [582.8823808167595, 624.1870460307657], [583.0579307833013, 624.3804685327184], [581.5776687419883, 623.7652753624801], [581.2589216536917, 623.4440746997041], [581.2424640791595, 623.4744752826399], [582.9429134012086, 623.2915578294114], [583.429979279519, 623.1908411606753], [583.6067329899392, 623.263580577857]]]}, "properties": {"OBJECTID_12": 335, "SETTLEMENT": "11017", "SETTL_NAME": "Slane", "EAST": 696263.863488, "NORTH": 774298.439567, "GUID": "681C1DC0-9A29-4299-BAC1-19ABA6C34F8A"}}, {"type": "Feature", "id": 336, "geometry": {"type": "Polygon", "coordinates": [[[554.0293663262486, 640.8194981300036], [554.4941347865184, 640.838002694177], [555.2189717148406, 641.0262334135672], [555.1563426555392, 641.0707059558767], [554.9405898255968, 641.0796694804314], [554.6516449957237, 640.9847139039488], [554.525940394049, 641.0327892058777], [554.5110062371018, 641.0145286679848], [554.4758263068576, 640.986352742758], [553.9274651258229, 641.1500957638253], [553.4744341137408, 640.9387145472397], [553.5928474193494, 640.8547129776335], [554.0293663262486, 640.8194981300036]]]}, "properties": {"OBJECTID_12": 336, "SETTLEMENT": "11025", "SETTL_NAME": "Rathmolyon", "EAST": 679351.137466, "NORTH": 749259.081374, "GUID": "62C1819B-1C89-45FE-AF79-7117075029E6"}}, {"type": "Feature", "id": 337, "geometry": {"type": "Polygon", "coordinates": [[[559.5093254124246, 614.466659490409], [559.8120897843914, 614.7659603664557], [560.5491189483904, 614.8688756193018], [560.465212849121, 614.9042692354897], [560.9902170438805, 615.2658193840347], [560.7161293101333, 615.309313398417], [560.558795393264, 615.2320792906744], [560.4678370183765, 615.2664811077066], [559.2710656851158, 614.6422248927763], [559.1800648652811, 614.6929541081149], [558.9865310458517, 614.5525909864785], [559.2683457433344, 614.5586467057198], [559.5093254124246, 614.466659490409]]]}, "properties": {"OBJECTID_12": 337, "SETTLEMENT": "11009", "SETTL_NAME": "Nobber", "EAST": 682345.765636, "NORTH": 786647.76086, "GUID": "CE6D7875-7856-4B49-A77C-575FE065251F"}}, {"type": "Feature", "id": 338, "geometry": {"type": "Polygon", "coordinates": [[[578.2823017044235, 600.6397003978665], [578.6644833052192, 600.7684392012166], [579.3027666356181, 600.9275339985351], [579.0848726082112, 601.0893490659173], [578.414006386832, 601.0045889454747], [578.3837631654453, 601.0580288799664], [577.514725747552, 601.0373155468077], [577.4766501378496, 601.0187444884424], [577.2836426975061, 600.9107506468243], [577.31575455488, 600.8870432141276], [577.9780496322165, 600.7850690792648], [578.0906375799456, 600.7424099734425], [578.2823017044235, 600.6397003978665]]]}, "properties": {"OBJECTID_12": 338, "SETTLEMENT": "34002", "SETTL_NAME": "Inniskeen", "EAST": 693165.448008, "NORTH": 806879.048504, "GUID": "F1E1B4D1-36F1-4C1B-A4D2-683CDB0AAB48"}}, {"type": "Feature", "id": 339, "geometry": {"type": "Polygon", "coordinates": [[[569.358336032672, 635.0643939443762], [570.0719035864757, 635.2702966028934], [570.1572524524416, 635.330030506228], [570.0279505434102, 635.3685503864002], [570.0442062541739, 635.4442524340841], [569.7498456223574, 635.6287797990619], [569.242013891168, 635.6847680623605], [568.9442109906837, 635.5053716978587], [569.246351648864, 635.4576921056597], [568.9171638489333, 635.0864440669852], [568.8924625877718, 635.0605535011033], [568.9959189361547, 635.0364364628776], [569.358336032672, 635.0643939443762]]]}, "properties": {"OBJECTID_12": 339, "SETTLEMENT": "11007", "SETTL_NAME": "Kilmessan", "EAST": 688675.536994, "NORTH": 757428.898671, "GUID": "1416B534-ABCC-4E57-9916-A4AE3839F135"}}, {"type": "Feature", "id": 340, "geometry": {"type": "Polygon", "coordinates": [[[537.1927669332448, 637.1656701315965], [537.7369348538272, 637.2225792280285], [538.1511997033674, 637.2856496506705], [538.1904999918677, 637.3522886870325], [538.34635026984, 637.656533578149], [537.6911762585013, 637.6306881450199], [537.7182988606784, 637.6684626442869], [538.086990526608, 637.8306102537963], [537.2838552222966, 637.857684726994], [536.5492425819019, 637.5104163150993], [536.2521371374453, 637.4612490596991], [535.9401552038368, 637.1631221449778], [537.1927669332448, 637.1656701315965]]]}, "properties": {"OBJECTID_12": 340, "SETTLEMENT": "11024", "SETTL_NAME": "Ballivor", "EAST": 668702.349403, "NORTH": 754095.857739, "GUID": "1F42F262-2DDE-461E-B051-6EFBF8476F8B"}}, {"type": "Feature", "id": 341, "geometry": {"type": "Polygon", "coordinates": [[[562.0616721628992, 632.3669859300511], [562.5186958299882, 632.4002931741518], [562.6184747085067, 632.4656854808812], [562.7713833540694, 632.5738282912196], [562.8011298221546, 632.6895127954298], [562.9000418885323, 632.8144975875201], [562.8141205567168, 632.8504538244877], [562.1370990461909, 632.8600942027143], [562.2351188972299, 632.6684506839963], [562.1631992796501, 632.6670670860051], [562.2091981732533, 632.5990201008766], [561.9998635260288, 632.5473059759158], [562.0616721628992, 632.3669859300511]]]}, "properties": {"OBJECTID_12": 341, "SETTLEMENT": "11033", "SETTL_NAME": "Balbradagh", "EAST": 684255.594204, "NORTH": 761294.36275, "GUID": "CA7BE8F1-29DF-4F21-9A8B-C09847D78026"}}, {"type": "Feature", "id": 342, "geometry": {"type": "Polygon", "coordinates": [[[542.7942920587178, 629.9180251826314], [542.8993136371616, 629.9539668464774], [543.5728346850368, 629.9263000965734], [543.6707645525141, 629.9700726623498], [543.5617177750518, 630.2085679111162], [543.3938500541515, 630.2785709862616], [543.1268647215808, 630.5380107982406], [543.0387613944246, 630.5773924512282], [541.2654348069856, 630.876500383814], [541.1827483193131, 630.9410725716068], [540.7258931064757, 631.0070083484612], [540.7194085742101, 630.7216208458959], [542.7942920587178, 629.9180251826314]]]}, "properties": {"OBJECTID_12": 342, "SETTLEMENT": "11022", "SETTL_NAME": "Athboy", "EAST": 671487.781497, "NORTH": 764172.374854, "GUID": "FCA5A18E-6112-4E5A-87C7-B8CAAD23B36F"}}, {"type": "Feature", "id": 343, "geometry": {"type": "Polygon", "coordinates": [[[597.1528310872982, 638.0445890126542], [598.7263203522901, 639.8979219817511], [598.7726442729526, 639.9268657978472], [598.6568320701717, 639.9624339003078], [598.7059915065494, 640.0014484025113], [598.3793651424619, 640.028500827147], [597.993721504144, 639.9751615125894], [597.895623757903, 639.7800790125777], [596.6441794324544, 639.699780549472], [596.7476857713013, 639.0529167146663], [595.7526292326613, 638.9670668329468], [596.449265088033, 638.5407247927259], [597.1528310872982, 638.0445890126542]]]}, "properties": {"OBJECTID_12": 343, "SETTLEMENT": "11002", "SETTL_NAME": "Ashbourne", "EAST": 706264.891371, "NORTH": 752485.886064, "GUID": "EA644253-6D75-4BAD-88B7-089FB547EE90"}}, {"type": "Feature", "id": 344, "geometry": {"type": "Polygon", "coordinates": [[[297.2289701458784, 610.1665923022422], [297.0612668507861, 610.1860263268585], [297.06426058181546, 610.2356250872621], [297.02851497137385, 610.2442780683409], [297.00576230024427, 610.2302902989227], [296.05826858669974, 610.3446250770558], [295.9804960746848, 610.3562636099924], [295.94897970315304, 610.1704413771316], [296.5512898083989, 610.1969674545686], [296.545416804608, 610.1817484601772], [296.9682904309291, 610.1627600285169], [297.34741941581973, 610.1310663325229], [297.2289701458784, 610.1665923022422]]]}, "properties": {"OBJECTID_12": 344, "SETTLEMENT": "29032", "SETTL_NAME": "Turlough", "EAST": 519879.232443, "NORTH": 793341.545465, "GUID": "58764681-9D17-4EE5-80BD-18C8EED5DEC4"}}, {"type": "Feature", "id": 345, "geometry": {"type": "Polygon", "coordinates": [[[615.4484175891616, 628.9253997248753], [615.419322171568, 628.9724925426451], [615.5274913960768, 629.2151571632126], [615.5597776845291, 629.275361850895], [616.130347498464, 629.3562423829512], [615.7477967278272, 629.39025299009], [615.8770711982667, 629.5604594708103], [615.9267611846528, 629.6626529058419], [615.114799900191, 629.9287119080568], [613.3873577465184, 629.3512579382123], [614.827934193696, 629.0553061602781], [614.7765680047072, 629.0275609701645], [615.4484175891616, 628.9253997248753]]]}, "properties": {"OBJECTID_12": 345, "SETTLEMENT": "11012", "SETTL_NAME": "Gormanston", "EAST": 716843.303493, "NORTH": 766479.534501, "GUID": "BA9CBBD3-4F58-4128-B322-14F777E8FFF7"}}, {"type": "Feature", "id": 346, "geometry": {"type": "Polygon", "coordinates": [[[589.8432541900522, 645.6089570573283], [590.7229156620448, 646.4403365123023], [590.4751117207072, 646.5138683722648], [590.031613133792, 646.7599339540047], [589.5200473256469, 646.593836702996], [589.1922625981963, 646.5600301930853], [589.1521057161056, 646.7485891615136], [588.4000214457632, 646.5265790382448], [589.0102310288864, 646.2652753383081], [589.1619428546294, 645.458027089729], [589.338870758432, 645.4031927324028], [589.8954823302773, 645.5613497205126], [589.8432541900522, 645.6089570573283]]]}, "properties": {"OBJECTID_12": 346, "SETTLEMENT": "11003", "SETTL_NAME": "Dunboyne", "EAST": 701451.583488, "NORTH": 742072.856054, "GUID": "C7226549-5E73-470E-BCDC-0FA2A20DE534"}}, {"type": "Feature", "id": 347, "geometry": {"type": "Polygon", "coordinates": [[[595.1448907649227, 626.7385870923946], [595.2512388979584, 626.8115980649502], [595.42029994656, 627.0740147558281], [597.5679468760939, 627.5145781451968], [597.5944758963136, 627.5516767255901], [596.9716509322208, 627.589912042115], [596.968682062321, 627.6598988941711], [594.728851413873, 628.1354667745048], [593.5140990522965, 627.8873771728095], [593.5171081557792, 627.8369124089894], [593.435636092127, 627.8348292530769], [593.405286189392, 627.7630672981271], [595.1448907649227, 626.7385870923946]]]}, "properties": {"OBJECTID_12": 347, "SETTLEMENT": "11010", "SETTL_NAME": "Duleek", "EAST": 704535.616481, "NORTH": 768837.11717, "GUID": "1FBCAC67-B62B-4772-BB6E-91E124988078"}}, {"type": "Feature", "id": 348, "geometry": {"type": "Polygon", "coordinates": [[[343.45933827502614, 618.5999625700348], [343.3916894232416, 618.6236584325645], [343.50313463055573, 618.6847800171083], [345.8195659861483, 619.2932434896529], [345.8757695708779, 619.8700387730293], [345.8567980706763, 619.8097124400954], [343.88671225291733, 619.8280057500075], [343.9392256871349, 619.7980958920439], [343.30095179181546, 619.572988742584], [343.2110784018251, 619.5764417612811], [341.74184510638827, 619.4567290302754], [341.6308272579616, 619.4509435554241], [343.45933827502614, 618.5999625700348]]]}, "properties": {"OBJECTID_12": 348, "SETTLEMENT": "29014", "SETTL_NAME": "Ballyhaunis", "EAST": 548892.094848, "NORTH": 779782.636925, "GUID": "C0060D02-FAE4-4415-827C-BBBA1775F1F8"}}, {"type": "Feature", "id": 349, "geometry": {"type": "Polygon", "coordinates": [[[595.1436553307701, 617.117086149675], [596.0768445791329, 617.2377670245027], [596.5763294149408, 617.1961682778692], [596.5090616014645, 617.2966226500685], [596.2692410832182, 617.3084083992288], [595.7885719550966, 617.4690035787216], [595.2494047465792, 617.6875237772406], [595.297578686, 617.6092582016172], [594.9378241381633, 617.6381601454272], [594.9583390774314, 617.4292506709083], [595.0130715241387, 617.3792535018591], [594.7309028485099, 617.1487041135157], [595.1436553307701, 617.117086149675]]]}, "properties": {"OBJECTID_12": 349, "SETTLEMENT": "10018", "SETTL_NAME": "Tinure", "EAST": 704247.89088, "NORTH": 783551.139985, "GUID": "61E94BAC-4FDF-4C67-9000-3A788968FCDC"}}, {"type": "Feature", "id": 350, "geometry": {"type": "Polygon", "coordinates": [[[582.661163315537, 607.0769531767214], [582.6556737318624, 607.128601319436], [581.9396504009962, 607.3171440976886], [582.6170908858677, 607.3114052787181], [581.6359345703904, 607.5978320522408], [581.3438800155606, 607.5988007122648], [581.2502423298411, 607.4705637283203], [581.779690341023, 607.2072958173653], [581.735768725167, 607.1942977116287], [581.7630635481984, 607.177058534232], [582.0102416809525, 607.0793086444284], [582.2120985113066, 606.9317357808443], [582.661163315537, 607.0769531767214]]]}, "properties": {"OBJECTID_12": 350, "SETTLEMENT": "10006", "SETTL_NAME": "Tallanstown", "EAST": 695570.535616, "NORTH": 797734.396345, "GUID": "09012192-2BBC-4896-9FB2-960394136CEF"}}, {"type": "Feature", "id": 351, "geometry": {"type": "Polygon", "coordinates": [[[582.2245633848278, 604.7870676945813], [583.2060335362976, 604.7742858690627], [583.7433606781696, 605.1727747300262], [582.9885622309941, 605.1773285943831], [582.05653912088, 605.2727661040819], [581.9844852619402, 605.0283177760489], [581.8508669314529, 605.032690192722], [581.5571543406944, 605.0195172113846], [581.4534694982582, 605.1049426444501], [581.3438226256459, 605.0317532036423], [581.0588536654101, 604.7953729950842], [582.0056261640384, 604.8464199591905], [582.2245633848278, 604.7870676945813]]]}, "properties": {"OBJECTID_12": 351, "SETTLEMENT": "10013", "SETTL_NAME": "Louth", "EAST": 695742.637917, "NORTH": 801086.416181, "GUID": "8E917A88-21D4-407F-9783-9E9B2D73E5C4"}}, {"type": "Feature", "id": 352, "geometry": {"type": "Polygon", "coordinates": [[[463.3166945564608, 618.4110753234779], [463.88831554464855, 618.7049707031459], [463.24388487077334, 618.8236867419616], [463.18807308826985, 618.8962702050679], [462.93000613166936, 618.8648231302705], [462.9514349218229, 618.8445458373872], [462.436218608912, 618.7198350246634], [462.2586640103904, 618.4974910186149], [462.5499179991211, 618.5277123947216], [462.87672809106346, 618.4343496390178], [463.0341467715584, 618.4618707082325], [463.1593619178901, 618.3165657564584], [463.3166945564608, 618.4110753234779]]]}, "properties": {"OBJECTID_12": 352, "SETTLEMENT": "09009", "SETTL_NAME": "Ballinalee", "EAST": 622637.825781, "NORTH": 780685.770942, "GUID": "9239B75D-977B-4C94-91BA-E7CFC99AE982"}}, {"type": "Feature", "id": 353, "geometry": {"type": "Polygon", "coordinates": [[[578.6377968582549, 645.4955253129789], [579.5504419743605, 646.0415458395021], [580.0371822588565, 646.1152366611161], [579.502362079264, 646.1446601661056], [578.8376356555638, 646.1724041474831], [578.9474332204021, 646.3042650598327], [578.2130989193706, 646.0184158444428], [578.4077509186283, 646.0088912368575], [578.4241611035574, 645.9304623358654], [577.9262524384671, 645.7788320290484], [578.6633673348149, 645.214222111163], [578.6252363613419, 645.4383706338924], [578.6377968582549, 645.4955253129789]]]}, "properties": {"OBJECTID_12": 353, "SETTLEMENT": "11006", "SETTL_NAME": "Kilcloon", "EAST": 694771.140557, "NORTH": 742505.416117, "GUID": "F029BD9C-3478-4D1C-8026-40D2407D99BD"}}, {"type": "Feature", "id": 354, "geometry": {"type": "Polygon", "coordinates": [[[583.6890221122645, 629.6931361163848], [583.7023868103232, 629.8655600545006], [583.8178646341611, 629.8150384172791], [584.3712708657995, 630.0634722719553], [583.0406235966656, 630.2064041725869], [581.5543511058613, 630.2612801190626], [581.4926260100672, 630.1923620762086], [581.6523706160971, 630.1805180740682], [581.5924111437195, 630.0754531150561], [581.3679737859808, 629.8466035597853], [581.3781004279531, 629.7935889904136], [582.1940693315403, 629.7717724143283], [583.6890221122645, 629.6931361163848]]]}, "properties": {"OBJECTID_12": 354, "SETTLEMENT": "11018", "SETTL_NAME": "Kentstown", "EAST": 696901.09256, "NORTH": 765305.088992, "GUID": "DCF43F9A-A60C-4D81-82D5-843003AF054A"}}, {"type": "Feature", "id": 355, "geometry": {"type": "Polygon", "coordinates": [[[552.5714178091584, 646.345465362628], [552.60965594712, 646.7956626051547], [552.1000575413643, 646.724742385782], [551.3897690215957, 646.9734374233915], [550.9688269410699, 646.9643224727969], [551.258710951761, 647.1474426701366], [550.314949706239, 646.9446685982392], [550.6847648531328, 646.7592406228279], [550.5341693182357, 646.7370570340062], [550.7081449202198, 646.5263825538683], [550.6778288863562, 646.3043952274066], [552.4502984634698, 646.1673233173888], [552.5714178091584, 646.345465362628]]]}, "properties": {"OBJECTID_12": 355, "SETTLEMENT": "11023", "SETTL_NAME": "Enfield", "EAST": 677845.824416, "NORTH": 740989.169914, "GUID": "CF304A79-2CD6-46C6-8CC0-AD39F8F42BFB"}}, {"type": "Feature", "id": 356, "geometry": {"type": "Polygon", "coordinates": [[[295.1114400650144, 629.6954560656916], [296.8317567244683, 629.7918732245496], [297.1993111511616, 629.8662474818191], [296.9829292363189, 630.034950400629], [297.0727377643573, 630.7417859224616], [296.77356996433065, 630.684989735003], [296.62256461360533, 631.0509905762553], [295.7439345146805, 631.0094363525048], [295.2263092338464, 631.047536729168], [295.1691296870656, 630.7184486463693], [295.1231669297408, 629.6428966243188], [295.0677892872896, 629.6763639512081], [295.1114400650144, 629.6954560656916]]]}, "properties": {"OBJECTID_12": 356, "SETTLEMENT": "29006", "SETTL_NAME": "Ballinrobe", "EAST": 519132.92005, "NORTH": 764527.63422, "GUID": "88F19449-19BB-4030-9E4F-A98F2E13A05F"}}, {"type": "Feature", "id": 357, "geometry": {"type": "Polygon", "coordinates": [[[581.4942403132447, 638.4379251780117], [582.4119557839456, 638.5819572542182], [582.36981342976, 638.6509339249347], [582.8845605634901, 638.7650607300297], [583.6388372680608, 638.8527843466613], [583.6088959211232, 639.2159755284947], [583.5284080571861, 639.4023031424194], [582.7079147112512, 639.4750067628195], [582.4896925046453, 639.5966262818987], [580.904713127791, 638.8276511357749], [580.891362030976, 638.7507414513907], [580.8513679810699, 638.7490431977521], [581.4942403132447, 638.4379251780117]]]}, "properties": {"OBJECTID_12": 357, "SETTLEMENT": "11004", "SETTL_NAME": "Dunshaughlin", "EAST": 696725.650464, "NORTH": 752391.195769, "GUID": "8EFA1E9D-3AC7-44EB-994C-4092E7EB5F63"}}, {"type": "Feature", "id": 358, "geometry": {"type": "Polygon", "coordinates": [[[502.3464679523648, 654.7064437240283], [502.48863480097174, 654.7015762895867], [502.3285678375104, 655.2132675600475], [503.03713979415255, 655.5453052799861], [502.69212279764264, 655.7928201217719], [503.11949545472424, 655.8133943351812], [503.22309574695896, 655.8628540712381], [502.1252304721205, 655.5684403879607], [501.6273822551552, 655.4989355191441], [501.78146547352, 655.1577265262703], [501.8486521069365, 654.953641292302], [501.53398560391145, 654.8009321489236], [502.3464679523648, 654.7064437240283]]]}, "properties": {"OBJECTID_12": 358, "SETTLEMENT": "12019", "SETTL_NAME": "Daingean", "EAST": 647292.614653, "NORTH": 727959.837072, "GUID": "A15ABE2F-8463-47EC-B1F4-048911690DB4"}}, {"type": "Feature", "id": 359, "geometry": {"type": "Polygon", "coordinates": [[[391.25177295712535, 710.9268118275116], [391.2139321420832, 711.3475852284112], [391.00469361100266, 711.3118125732458], [390.33057362025494, 711.530737197441], [390.4087358394912, 711.5414472207572], [389.8327207218656, 712.0702087705317], [389.62621725432535, 712.1355990044962], [388.32451814358615, 711.4844435587139], [389.6479972688533, 711.7072707205107], [390.0899196629525, 711.2293039826387], [389.8336768001824, 711.0779512906114], [389.88514256594453, 710.9188251757896], [391.25177295712535, 710.9268118275116]]]}, "properties": {"OBJECTID_12": 359, "SETTLEMENT": "21037", "SETTL_NAME": "Pallasgreen", "EAST": 576751.828771, "NORTH": 646097.385898, "GUID": "2E34B03B-BA3C-44D3-BB65-6D25BEE70D88"}}, {"type": "Feature", "id": 360, "geometry": {"type": "Polygon", "coordinates": [[[593.7100651619712, 646.902825544876], [593.6893807846251, 646.9305826778274], [592.9110485100608, 647.1039348528022], [592.8442490231381, 647.1233161729539], [592.8356888213729, 647.1182516430054], [592.6933804707605, 647.1526364311324], [592.5757768485963, 647.1855054870837], [592.4671025089739, 647.1572274064566], [592.6192617600523, 646.8472095362367], [592.6401080076779, 646.8384107167024], [592.3999198304438, 646.7396237474952], [593.7164223016448, 646.8932018816873], [593.7100651619712, 646.902825544876]]]}, "properties": {"OBJECTID_12": 360, "SETTLEMENT": "11032", "SETTL_NAME": "Clonee Village", "EAST": 703611.735339, "NORTH": 741090.87173, "GUID": "FA1C6EB8-1464-4674-BAD3-32C3A17A81B3"}}, {"type": "Feature", "id": 361, "geometry": {"type": "Polygon", "coordinates": [[[530.7674586083083, 643.4743118860202], [531.2523598296907, 643.5223254402264], [531.2305094509782, 643.5302491101259], [531.2474317941152, 643.5384703819113], [531.2224053396138, 643.5451918917306], [531.0626462336629, 643.7504226830495], [530.6000669348662, 643.8381815446012], [530.6234031824757, 643.8552833746644], [530.5411099893429, 643.769852361075], [530.7725716254421, 643.6920803978753], [530.2382637265621, 643.5191778701396], [530.435685362864, 643.5286549318563], [530.7674586083083, 643.4743118860202]]]}, "properties": {"OBJECTID_12": 361, "SETTLEMENT": "11030", "SETTL_NAME": "Clonard", "EAST": 664874.909501, "NORTH": 745152.905205, "GUID": "B2E3A021-8B35-4170-AADD-FC101249FBEE"}}, {"type": "Feature", "id": 362, "geometry": {"type": "Polygon", "coordinates": [[[550.312352488863, 619.3757664299932], [550.7312228612608, 619.4354641985124], [550.2943286782922, 619.6681707261233], [550.3478205534091, 619.685671464129], [550.3696453877067, 619.7824506391662], [550.5355069177771, 619.739284340108], [550.9548597838784, 619.7261990187496], [550.7287475825035, 620.0140026521425], [550.2564845870859, 620.0134304008196], [549.819173920287, 619.6308849428759], [550.1258724260224, 619.4290125526753], [550.1213502640726, 619.3950495644123], [550.312352488863, 619.3757664299932]]]}, "properties": {"OBJECTID_12": 362, "SETTLEMENT": "11034", "SETTL_NAME": "Carlanstown", "EAST": 676402.19119, "NORTH": 779667.828939, "GUID": "74BFC975-05DB-4BF9-9119-FCD994EA8C88"}}, {"type": "Feature", "id": 363, "geometry": {"type": "Polygon", "coordinates": [[[238.16595564575147, 608.1791477486355], [238.5660957464512, 608.3050119663322], [238.6974057713216, 608.323982638997], [239.44632329316266, 608.3413589693586], [238.9195539384, 608.4668868620761], [238.00365973548372, 608.448659213322], [237.9214787279744, 608.4442180189035], [237.94279358357227, 608.385273706184], [237.02635701017172, 608.4165156485703], [237.041853956624, 608.4440993886822], [236.8942893669472, 608.4409370094697], [235.61926821283626, 608.4549741192834], [238.16595564575147, 608.1791477486355]]]}, "properties": {"OBJECTID_12": 363, "SETTLEMENT": "29029", "SETTL_NAME": "Mulranny", "EAST": 483516.379062, "NORTH": 796734.549293, "GUID": "643F99A2-DFCB-45AD-996F-1584FADF1EBD"}}, {"type": "Feature", "id": 364, "geometry": {"type": "Polygon", "coordinates": [[[240.7926475713728, 589.5450291952333], [241.3724622499744, 589.724551731448], [241.35707489340908, 589.7382408033799], [241.8900177867168, 589.7905168316387], [241.82388723571094, 589.931154955862], [240.5946341648768, 590.0212531660363], [240.04184615329387, 589.8608040843495], [240.10679798307308, 589.8154075628532], [239.88236748481813, 589.6608704886008], [239.97181119495895, 589.6577431373917], [239.96240718433066, 589.6035105352765], [240.79237730880428, 589.5226153250522], [240.7926475713728, 589.5450291952333]]]}, "properties": {"OBJECTID_12": 364, "SETTLEMENT": "29009", "SETTL_NAME": "Bangor Erris", "EAST": 486124.90195, "NORTH": 823154.061702, "GUID": "D8969796-EF30-4FCA-A27A-9B4CA4B8F489"}}, {"type": "Feature", "id": 365, "geometry": {"type": "Polygon", "coordinates": [[[280.55351712994667, 579.0121188126541], [280.94745547363414, 578.9801593991434], [280.9280782913419, 579.0410266113851], [282.27243026605976, 579.4080455400037], [280.7707779254848, 579.3474007859305], [280.27866358664, 579.2296684832553], [280.15593457019946, 579.2247359422186], [280.1080304901216, 579.2983332115987], [279.9761722662827, 579.288429145679], [280.11670418728744, 579.1782941205137], [279.92690582082025, 579.0918068924749], [280.3965069240949, 579.012037236318], [280.55351712994667, 579.0121188126541]]]}, "properties": {"OBJECTID_12": 365, "SETTLEMENT": "29002", "SETTL_NAME": "Ballycastle", "EAST": 511020.83552, "NORTH": 837503.302465, "GUID": "221A5A8F-55BD-4A05-9C68-4F2F4BD542DB"}}, {"type": "Feature", "id": 366, "geometry": {"type": "Polygon", "coordinates": [[[595.8197291688448, 620.917546641791], [595.9618337741312, 620.9831201727205], [596.1619939406773, 621.0618580881008], [596.7809324242698, 621.4253711994891], [595.1813788675242, 621.7281249409685], [594.7118705077003, 621.7575492891973], [593.9692862718208, 621.748257669951], [595.0982495144182, 621.3668604947724], [595.2041003922378, 621.3578035212529], [595.1815641764022, 621.3172377842462], [595.649419754161, 621.1546260805627], [595.5607728384117, 621.0680771057773], [595.8197291688448, 620.917546641791]]]}, "properties": {"OBJECTID_12": 366, "SETTLEMENT": "10015", "SETTL_NAME": "Tullyallen", "EAST": 704429.157503, "NORTH": 777726.68434, "GUID": "883A18A0-3901-4E7B-9684-B76ADD4DBD85"}}, {"type": "Feature", "id": 367, "geometry": {"type": "Polygon", "coordinates": [[[352.42235543043734, 705.8920608304618], [353.3709280038507, 705.9956065468177], [353.2108108021696, 706.030404191071], [353.2193854745856, 706.1077089661553], [353.01533218846936, 706.1631618514683], [352.2948682872608, 706.4309474266039], [352.10368921426135, 706.6093588202341], [352.00836418456214, 706.637549268447], [351.715698202432, 706.3930735669263], [352.1884626986784, 706.075678314222], [352.5492105800672, 706.025964516272], [352.1684098800139, 705.9497818893467], [352.42235543043734, 705.8920608304618]]]}, "properties": {"OBJECTID_12": 367, "SETTLEMENT": "21018", "SETTL_NAME": "Mungret", "EAST": 552961.332859, "NORTH": 653907.061076, "GUID": "6B1E550C-9227-4A25-9924-D6655A1C87E0"}}, {"type": "Feature", "id": 368, "geometry": {"type": "Polygon", "coordinates": [[[570.002202556944, 612.481219449552], [570.295327552479, 613.017417387885], [570.2355517474624, 613.1371746258922], [570.2235440778538, 613.5687863077442], [570.0526875130518, 613.3362616472701], [569.7661223146698, 613.2479938975865], [569.7272780103477, 613.2203502522369], [569.9764752558602, 613.2049596470531], [569.7172327447274, 613.0348665798956], [569.6383364164416, 612.8658121225725], [569.8484120898272, 612.4806679526272], [570.0499394433834, 612.3850417459059], [570.002202556944, 612.481219449552]]]}, "properties": {"OBJECTID_12": 368, "SETTLEMENT": "11001", "SETTL_NAME": "Drumconrath", "EAST": 688438.578415, "NORTH": 789671.548766, "GUID": "6FEED439-0197-4430-B524-BBC0D2B8F022"}}, {"type": "Feature", "id": 369, "geometry": {"type": "Polygon", "coordinates": [[[595.5185156475883, 624.8516809426956], [596.3746302459776, 624.8539417226905], [596.4981140462379, 624.8424142092199], [596.485448652529, 625.0091378743042], [596.4595188369323, 625.1928024593951], [595.5467780356395, 625.4193469121643], [595.5121102896736, 625.4201732948723], [595.2895033178432, 625.4083247094089], [594.252383142081, 625.0783941022114], [593.9541725319402, 625.0376122373523], [594.0206010655648, 624.9822088380093], [593.960502113793, 624.8567061989718], [595.5185156475883, 624.8516809426956]]]}, "properties": {"OBJECTID_12": 369, "SETTLEMENT": "11027", "SETTL_NAME": "Donore", "EAST": 704462.934458, "NORTH": 772558.127969, "GUID": "472934D8-FCF7-4ADA-AF1F-882EF2C02FCC"}}, {"type": "Feature", "id": 370, "geometry": {"type": "Polygon", "coordinates": [[[587.596061068896, 602.8509366828058], [587.6797207168427, 602.9318871580754], [588.4148997420587, 603.2433431102789], [588.6446496059509, 603.205161212183], [588.8095811790912, 603.387563451493], [588.9814869933568, 603.3694679851092], [589.1575842513728, 603.6386326508825], [588.883679080543, 603.6566721893192], [588.0656102515072, 603.4586566375582], [587.329148266096, 603.6167630626832], [587.0952959463285, 603.6140952173643], [587.8213887216032, 603.2405218035672], [587.596061068896, 602.8509366828058]]]}, "properties": {"OBJECTID_12": 370, "SETTLEMENT": "10011", "SETTL_NAME": "Knockbridge", "EAST": 699207.014459, "NORTH": 803498.866896, "GUID": "516FABFA-1B95-4D63-B739-76A6BD965273"}}, {"type": "Feature", "id": 371, "geometry": {"type": "Polygon", "coordinates": [[[333.9406138539456, 705.0709982786487], [334.5701758566731, 705.1850883672089], [334.498488040992, 705.2209355350016], [334.56058394352425, 705.3730158716079], [334.262407091872, 705.78223101527], [333.7773438578144, 706.1052210804609], [333.7543465192576, 706.0009385732569], [334.022093218208, 705.2963637941849], [333.912007631104, 705.309302601377], [333.8971319053525, 705.230535673516], [333.80878290764696, 705.1730320570806], [333.5258285929856, 705.0925843909101], [333.9406138539456, 705.0709982786487]]]}, "properties": {"OBJECTID_12": 371, "SETTLEMENT": "21032", "SETTL_NAME": "Pallaskenry", "EAST": 541249.832961, "NORTH": 654990.091475, "GUID": "B7D2D5DD-E214-4FE8-852F-76D01734F241"}}, {"type": "Feature", "id": 372, "geometry": {"type": "Polygon", "coordinates": [[[398.5922399717963, 713.7878173778106], [399.04821314198824, 714.0386287933466], [399.4380532683808, 714.3083234011617], [399.3851920270475, 714.4125165670771], [399.1400538806944, 714.3212366084963], [399.126385752656, 714.3453986884028], [398.6785150572555, 714.3008955873926], [398.7201277499797, 714.266554084031], [398.6634565546016, 714.2346014591496], [397.9391850246176, 714.2066092009211], [398.0754415214368, 714.056076567088], [398.12921183294935, 714.0602086544995], [398.5922399717963, 713.7878173778106]]]}, "properties": {"OBJECTID_12": 372, "SETTLEMENT": "21036", "SETTL_NAME": "Oola", "EAST": 582232.334517, "NORTH": 642051.97174, "GUID": "8F529ADE-50EF-4CB0-AD2B-AF08ABB7BB9D"}}, {"type": "Feature", "id": 373, "geometry": {"type": "Polygon", "coordinates": [[[312.9343056036768, 719.0416393077257], [313.1269066041984, 719.2516268099863], [315.4983527744885, 720.0553670101241], [315.2404210167189, 720.5276127464822], [315.6238927019136, 720.7871140287275], [315.48969063213656, 720.8256387920884], [312.8656884883861, 720.9989071718129], [312.56204474537174, 721.3330809622258], [312.0767366959488, 720.5418480355688], [311.1418893162176, 720.0913781234282], [312.5908773937205, 719.5126665736983], [312.9332101561483, 719.2333301479769], [312.9343056036768, 719.0416393077257]]]}, "properties": {"OBJECTID_12": 373, "SETTLEMENT": "21029", "SETTL_NAME": "Newcastle West", "EAST": 528002.12742, "NORTH": 633685.807019, "GUID": "E4AC920B-3874-426C-AA40-81E95A46C74A"}}, {"type": "Feature", "id": 374, "geometry": {"type": "Polygon", "coordinates": [[[335.52413730143786, 610.7184079794555], [336.108514085792, 610.8398664811099], [337.27739544483626, 610.9544822504432], [337.0090688119712, 611.1926119825011], [337.03741414694184, 611.1042311426559], [336.8059987717568, 611.0777183776917], [336.5833635248352, 611.0853863621375], [335.81509268279575, 611.4939441745206], [335.83857337657815, 611.2130148247431], [335.44321925558614, 610.9447128680208], [335.48584552975467, 610.9053285877666], [335.4006650064224, 610.718651040048], [335.52413730143786, 610.7184079794555]]]}, "properties": {"OBJECTID_12": 374, "SETTLEMENT": "29018", "SETTL_NAME": "Kilkelly", "EAST": 544279.624345, "NORTH": 791783.494202, "GUID": "2E626A6C-27B2-4058-A7C5-15AD8CE11622"}}, {"type": "Feature", "id": 375, "geometry": {"type": "Polygon", "coordinates": [[[316.6835260184267, 592.4149717851983], [317.68212190394985, 592.5501776316391], [317.7288298636192, 592.5966933316814], [317.5780702147232, 592.6340388072132], [317.60144452675735, 592.6579456988912], [317.44171726124904, 592.6969727720353], [316.99427224547736, 592.8231338142576], [316.8613256409131, 592.8243924354551], [316.9244612053013, 592.7671338252262], [316.8759213634784, 592.7566210345079], [316.60322181138775, 592.7129614213644], [316.46863237918825, 592.5212936847191], [316.6835260184267, 592.4149717851983]]]}, "properties": {"OBJECTID_12": 375, "SETTLEMENT": "29027", "SETTL_NAME": "Bunnyconnelan West", "EAST": 532733.693287, "NORTH": 818211.357537, "GUID": "3AAF4458-A6D0-4E50-89D8-64FB5A887378"}}, {"type": "Feature", "id": 376, "geometry": {"type": "Polygon", "coordinates": [[[214.96790724001812, 582.9121280099866], [215.15759523072853, 582.9083905659116], [215.22073129427093, 582.9777868283808], [214.9525688624096, 583.0938065421716], [215.07303915136214, 583.191800254603], [215.77689985656, 583.8584047586311], [215.391815068048, 584.0786506876954], [215.4546883337984, 584.1054955979572], [214.60364064511575, 584.3036345191459], [214.41799326225066, 583.0769807322008], [214.31358335631788, 583.0162230258712], [214.8010307589536, 582.8275676363908], [214.96790724001812, 582.9121280099866]]]}, "properties": {"OBJECTID_12": 376, "SETTLEMENT": "29010", "SETTL_NAME": "Béal An Mhuirthead", "EAST": 470479.321717, "NORTH": 832240.598031, "GUID": "8993F9AB-D191-462B-B4DC-73A19A5C6ECC"}}, {"type": "Feature", "id": 377, "geometry": {"type": "Polygon", "coordinates": [[[303.8943324235819, 608.9389076362435], [304.55589269887787, 609.2061968510379], [304.4438672700971, 609.2256835414105], [304.4433802170272, 609.2960902167151], [304.0929869721568, 609.3615472059773], [303.689355736016, 609.6521386894893], [303.44371395630185, 609.6368826018405], [303.4343485695328, 609.683933243303], [303.51604640821864, 609.1567164814483], [303.6757578839563, 609.1963697037983], [303.8599129724395, 609.0892395384071], [303.9092233447275, 609.0386265579654], [303.8943324235819, 608.9389076362435]]]}, "properties": {"OBJECTID_12": 377, "SETTLEMENT": "29028", "SETTL_NAME": "Bellavary", "EAST": 524356.773876, "NORTH": 794571.457745, "GUID": "F79499AD-5642-432A-BBB7-5A5B61E153D3"}}, {"type": "Feature", "id": 378, "geometry": {"type": "Polygon", "coordinates": [[[325.0804534943904, 626.5724836748243], [324.9144997823595, 626.7821632329864], [325.5588833741099, 627.129654471452], [325.2150972523957, 627.0900182309333], [323.29675626312854, 627.186038674327], [323.2652839036832, 627.1466150437413], [323.58459075331626, 627.0961080801601], [323.46024638738027, 627.0129375924467], [324.0497105423808, 626.9068308297929], [324.2170346003328, 626.6374934380132], [324.18332869453013, 626.6100366106726], [324.88012903987413, 626.5093056881973], [325.0804534943904, 626.5724836748243]]]}, "properties": {"OBJECTID_12": 378, "SETTLEMENT": "29013", "SETTL_NAME": "Ballindine", "EAST": 536691.986649, "NORTH": 769210.202808, "GUID": "3FDF321B-37AD-433A-9E3C-5FE463FB5DAA"}}, {"type": "Feature", "id": 379, "geometry": {"type": "Polygon", "coordinates": [[[305.142514087984, 615.7271079529231], [305.6433271619467, 615.940629584653], [306.6057908751221, 615.7961098634153], [306.60374261432, 615.7482389897837], [306.73862915268376, 615.7749926576239], [306.7696159057963, 615.9858159855211], [306.2564071564224, 616.7775273565792], [306.2352087076512, 616.9101535836636], [306.0162134062976, 616.5930370313353], [304.6804501482123, 616.252720573769], [304.7524432427765, 616.0329425153185], [304.96789500741227, 615.6598254252599], [305.142514087984, 615.7271079529231]]]}, "properties": {"OBJECTID_12": 379, "SETTLEMENT": "29012", "SETTL_NAME": "Balla", "EAST": 525362.73563, "NORTH": 784728.3657, "GUID": "4B1C8947-18C0-4DE5-9C42-AD2DEBDA4FC6"}}, {"type": "Feature", "id": 380, "geometry": {"type": "Polygon", "coordinates": [[[221.54013967934506, 606.3368231988788], [220.6984423857728, 606.9060107798592], [219.34846079749227, 607.0555559569294], [219.1941954229248, 607.2276911214714], [219.3058147739776, 607.2848227839631], [218.5426922791712, 607.6900515260168], [217.82814119058668, 607.5402163695619], [219.2464550494976, 607.0105525528103], [220.00053867511787, 606.5649304704207], [219.96898597543148, 606.5248368774953], [220.19006860974827, 606.5127962710878], [220.19575384683733, 606.5534165009134], [221.54013967934506, 606.3368231988788]]]}, "properties": {"OBJECTID_12": 380, "SETTLEMENT": "29025", "SETTL_NAME": "Gob An Choire", "EAST": 472534.507593, "NORTH": 798961.185926, "GUID": "448E745D-DC46-4986-8796-BA5D1FB4BF9A"}}, {"type": "Feature", "id": 381, "geometry": {"type": "Polygon", "coordinates": [[[612.6814293218272, 619.4627149599476], [612.343992292991, 619.6275309933505], [612.2253170224138, 619.5974673704584], [612.1655058126987, 619.6416647928393], [611.7937908637099, 619.8376936380628], [610.9623829240758, 620.5313682146552], [610.7187692853526, 620.6480053542082], [610.5352144263168, 620.4217261932533], [609.8644886736224, 620.2425142149409], [610.426568158592, 619.9364975667729], [610.2136793158326, 619.8895686040918], [612.2547397894091, 619.3698717629677], [612.6814293218272, 619.4627149599476]]]}, "properties": {"OBJECTID_12": 381, "SETTLEMENT": "10017", "SETTL_NAME": "Termonfeckin", "EAST": 714135.773787, "NORTH": 780307.803369, "GUID": "83637046-2A61-4304-9CF3-A47FD596C89F"}}, {"type": "Feature", "id": 382, "geometry": {"type": "Polygon", "coordinates": [[[611.8580510964906, 593.5920364831912], [613.4460903278602, 594.7698977386544], [613.2190058320725, 595.0157164473088], [613.4325163781622, 594.9145583743842], [612.518716226545, 594.5650197904579], [611.7779226917078, 594.0476901527707], [611.6187624751467, 593.9679732732313], [611.2017509581963, 593.7926675775321], [611.4398203094698, 593.6473676540962], [611.3478652904096, 593.5865893179356], [611.4908345848918, 593.5326983817846], [611.6078773600394, 593.5964395759797], [611.8580510964906, 593.5920364831912]]]}, "properties": {"OBJECTID_12": 382, "SETTLEMENT": "10012", "SETTL_NAME": "Omeath", "EAST": 713917.980279, "NORTH": 816745.773806, "GUID": "98BEC8CD-2F57-4DD4-8110-B770D9AB2863"}}, {"type": "Feature", "id": 383, "geometry": {"type": "Polygon", "coordinates": [[[606.2974817355137, 598.5937985312173], [606.7242638735968, 598.8747701760033], [608.3162694327872, 599.6422477429007], [608.4199842086592, 600.0260209198668], [608.3062694473749, 599.9128438202763], [608.248022487216, 599.9488224652366], [607.0692056808854, 599.3901063077279], [606.890150526368, 599.2357523858655], [606.9277885453749, 599.2190192623026], [606.4894774371616, 599.0431201384272], [606.1301761341248, 598.8430214969155], [606.009400116273, 598.7696729746424], [606.2974817355137, 598.5937985312173]]]}, "properties": {"OBJECTID_12": 383, "SETTLEMENT": "10010", "SETTL_NAME": "Jenkinstown", "EAST": 711081.664497, "NORTH": 809366.156489, "GUID": "8F5E7147-A5E2-4C96-A1DE-41995FB2448E"}}, {"type": "Feature", "id": 384, "geometry": {"type": "Polygon", "coordinates": [[[598.0997460591648, 613.3630904406806], [598.470397573439, 613.6688574426836], [598.3475682314954, 613.6879559386618], [598.3560877538912, 614.0365040404002], [599.3171636712096, 614.460650993119], [599.8657819979243, 614.6083841550386], [599.9134364746656, 614.7443463619479], [600.0422759325494, 614.7399822998829], [598.6754289952555, 614.6226675141671], [598.2334880033824, 614.8660121731931], [598.1006019293802, 614.8877637009142], [597.9629384180779, 614.8979926088517], [598.0997460591648, 613.3630904406806]]]}, "properties": {"OBJECTID_12": 384, "SETTLEMENT": "10005", "SETTL_NAME": "Dunleer", "EAST": 705913.610364, "NORTH": 787931.891016, "GUID": "07B26328-A1E2-4D25-ADA7-515BD63DDCDC"}}, {"type": "Feature", "id": 385, "geometry": {"type": "Polygon", "coordinates": [[[289.9513384693568, 710.6911246187714], [290.29419549782824, 710.8703963200435], [290.0563153128533, 710.9980555603005], [290.00133661794774, 711.0332708505489], [289.9889271223467, 711.1104077720503], [291.004318518304, 711.168048123937], [291.2113631530411, 711.1363422131191], [291.1190496908757, 711.2905854932524], [290.4621439889376, 711.2110088056179], [289.99301755538454, 711.5783039861707], [289.85272756171946, 711.6308275676313], [289.74383537486614, 711.6430552164488], [289.9513384693568, 710.6911246187714]]]}, "properties": {"OBJECTID_12": 385, "SETTLEMENT": "21004", "SETTL_NAME": "Glin", "EAST": 513169.865805, "NORTH": 647238.19978, "GUID": "936DC1E3-A1D2-4C15-A780-1B013AF0B0CA"}}, {"type": "Feature", "id": 386, "geometry": {"type": "Polygon", "coordinates": [[[395.1146245997845, 723.709328929818], [395.3189555419829, 723.8645111081765], [395.54148036348374, 723.8211978789204], [395.83290672936107, 723.7481281684736], [395.77699210912425, 723.9814338440493], [395.92327873227305, 724.0864627814118], [395.7040240859904, 724.1410486255718], [395.656201966464, 724.09692842432], [395.06740348709656, 723.8774335732984], [394.9957259127424, 723.9580006643583], [394.7917828822976, 723.9580963736656], [394.9295657040288, 723.6093150317456], [395.1146245997845, 723.709328929818]]]}, "properties": {"OBJECTID_12": 386, "SETTLEMENT": "21022", "SETTL_NAME": "Galbally", "EAST": 580154.392047, "NORTH": 627704.829339, "GUID": "74AB24EB-93EF-46DA-83CD-CA160C6814D0"}}, {"type": "Feature", "id": 387, "geometry": {"type": "Polygon", "coordinates": [[[613.8592322210613, 616.9395654413825], [614.800631126256, 617.0834872941978], [614.81226775432, 617.3007100652293], [615.1456625159424, 617.3014283816292], [615.3074044399499, 617.5258419474392], [613.5599710972373, 618.1541947012547], [613.5549999054464, 617.9750608859475], [613.7441018215776, 617.7250193347345], [613.5192855080086, 617.193292826872], [613.2401297887061, 617.1790258649673], [613.190265446351, 616.9292101431815], [613.3798848571904, 616.9696347453739], [613.8592322210613, 616.9395654413825]]]}, "properties": {"OBJECTID_12": 387, "SETTLEMENT": "10014", "SETTL_NAME": "Clogherhead", "EAST": 715839.088679, "NORTH": 783682.695832, "GUID": "A12CCEAE-DE43-4C50-B5DA-AB90656170F6"}}, {"type": "Feature", "id": 388, "geometry": {"type": "Polygon", "coordinates": [[[619.8856032546805, 597.6283507899504], [621.1292402046581, 597.8507777407968], [620.6965177742219, 598.0849414998877], [620.8921561154006, 598.3456206400584], [620.9163625786101, 598.4027238043609], [620.8169178708619, 598.4812923305958], [620.8476733964437, 598.5404643401779], [621.053918332735, 598.5062745213276], [620.7522882437686, 598.687683914956], [620.6216874858208, 598.5219557410644], [619.5732313779371, 598.0085228911181], [619.5660158650986, 597.3895619889576], [619.8856032546805, 597.6283507899504]]]}, "properties": {"OBJECTID_12": 388, "SETTLEMENT": "10009", "SETTL_NAME": "Carlingford", "EAST": 718964.472359, "NORTH": 811358.348011, "GUID": "DA548344-FD94-4A6A-8CFF-2DBE481EE5B1"}}, {"type": "Feature", "id": 389, "geometry": {"type": "Polygon", "coordinates": [[[587.5257427423094, 618.0539278775359], [588.4634406819072, 618.2820031482569], [588.7109277291413, 618.3174665405764], [589.2577594883286, 618.3824188543366], [589.0459587394208, 618.5480911843284], [588.9577419948405, 618.5219385460739], [589.0495245174272, 618.4626114747771], [588.853385813007, 618.4014598618396], [588.8535924220886, 618.6043892820445], [588.7283022713792, 618.6311781879399], [587.87309765136, 618.389597119497], [587.3576095598688, 618.033462784253], [587.5257427423094, 618.0539278775359]]]}, "properties": {"OBJECTID_12": 389, "SETTLEMENT": "10003", "SETTL_NAME": "Collon", "EAST": 699849.902223, "NORTH": 782062.608356, "GUID": "4B6363E9-E59D-4F56-BBB5-B5F676591F10"}}, {"type": "Feature", "id": 390, "geometry": {"type": "Polygon", "coordinates": [[[297.9624807062293, 616.1266853134421], [297.81567219337495, 616.2451568904262], [297.73613780015575, 616.439406755355], [297.16173443698455, 616.5962740593488], [296.9643547856224, 616.731401824646], [296.9788410686496, 616.7829829165823], [296.9145083635872, 616.7752234120471], [296.736007973152, 616.7786967180964], [297.59656757152, 616.2852602983776], [297.7187483535371, 616.1321749979504], [297.83913292208854, 616.1513546880279], [297.9995637257728, 616.0665412438217], [297.9624807062293, 616.1266853134421]]]}, "properties": {"OBJECTID_12": 390, "SETTLEMENT": "29030", "SETTL_NAME": "Belcarra", "EAST": 520033.522618, "NORTH": 784322.525858, "GUID": "F9D2E0EB-5A35-4E3B-A3F8-1F3F87BAF261"}}, {"type": "Feature", "id": 391, "geometry": {"type": "Polygon", "coordinates": [[[323.8266184714165, 605.0685546113169], [324.2725744853696, 605.1401250678222], [324.3792003819605, 605.09362604291], [326.7380293449152, 605.2603266419613], [326.08555108009705, 605.6374340657802], [326.36745463899626, 606.0520509853549], [326.17596201498776, 606.1702398294622], [325.8391201373728, 606.195727147208], [325.4178851294656, 606.2165988181077], [324.29820971412266, 606.0017920259619], [324.330187614832, 605.7223746848828], [323.3112042095328, 605.1880329532278], [323.8266184714165, 605.0685546113169]]]}, "properties": {"OBJECTID_12": 391, "SETTLEMENT": "29020", "SETTL_NAME": "Swinford", "EAST": 537607.484652, "NORTH": 799619.842674, "GUID": "53910474-10FB-49DD-937C-A121285BB9F3"}}, {"type": "Feature", "id": 392, "geometry": {"type": "Polygon", "coordinates": [[[312.0148655793557, 637.3767376992621], [311.2723515395733, 638.0233111741229], [311.32349381972375, 638.0507007640506], [310.9213405259339, 638.2633640444766], [310.1282294776917, 638.3894788457909], [308.9791238979968, 638.4747539488817], [309.1513950816981, 638.3009307188962], [309.7463995113888, 637.9475601012233], [309.8224592888416, 637.9173281315474], [309.94669718698344, 637.9578709701048], [310.05402983691624, 637.8750108223205], [310.1337629412565, 637.8552716921364], [312.0148655793557, 637.3767376992621]]]}, "properties": {"OBJECTID_12": 392, "SETTLEMENT": "29008", "SETTL_NAME": "Shrule", "EAST": 527876.164145, "NORTH": 753244.062355, "GUID": "E5F90F4B-FF9B-4DA7-9D53-D377D36C10AB"}}, {"type": "Feature", "id": 393, "geometry": {"type": "Polygon", "coordinates": [[[261.7029327502112, 609.4043956553467], [262.31824927233066, 609.8907322043975], [262.59838474411094, 609.9107267274976], [262.7943810198336, 610.1214018740645], [262.6723388432672, 610.1457921466657], [262.7629809888096, 610.1997574326616], [261.29148133387093, 610.3790330699405], [261.2853011971552, 610.3097984765144], [260.83520273404906, 610.311630825228], [260.7267616747104, 610.2315063917997], [260.5603002275371, 610.2421009967841], [260.45858190068054, 610.1477426925112], [261.7029327502112, 609.4043956553467]]]}, "properties": {"OBJECTID_12": 393, "SETTLEMENT": "29024", "SETTL_NAME": "Newport", "EAST": 498344.12908, "NORTH": 794033.356066, "GUID": "8B5EFB38-92E2-4644-B2B9-81A84736FC6E"}}, {"type": "Feature", "id": 394, "geometry": {"type": "Polygon", "coordinates": [[[233.50120544997333, 619.007014543068], [233.6159846897824, 619.0414052470334], [233.90039340929172, 619.8005618453196], [233.999020290112, 619.8506614829648], [233.75308453215146, 619.9312028974223], [233.7822016685664, 619.9531254015293], [233.54433947010025, 620.0708804667814], [233.41470630242773, 620.1045159833652], [232.7216022260544, 620.1696968812117], [233.02981306439253, 619.9347939916424], [233.1195485514048, 619.6040041946956], [233.31849910139732, 619.0218666908941], [233.50120544997333, 619.007014543068]]]}, "properties": {"OBJECTID_12": 394, "SETTLEMENT": "29023", "SETTL_NAME": "Louisburgh", "EAST": 480707.105779, "NORTH": 780749.6708, "GUID": "32D95DCC-33D5-4781-A7E0-B29DE142E7D2"}}, {"type": "Feature", "id": 395, "geometry": {"type": "Polygon", "coordinates": [[[327.91039698030295, 616.4138639764793], [328.01674868918934, 616.4763182497653], [329.2846879912725, 616.5948915437232], [329.5972810423701, 616.7083171512484], [329.2758534405856, 617.343962310886], [329.0319052796736, 617.5126255478244], [329.04732930385813, 617.8157381025277], [327.4577835663691, 618.0743780888047], [327.7112964593749, 617.9855542830493], [327.6566813371744, 617.9518591595489], [327.8276068243136, 617.8976035365968], [327.2370092762784, 616.531483706639], [327.91039698030295, 616.4138639764793]]]}, "properties": {"OBJECTID_12": 395, "SETTLEMENT": "29016", "SETTL_NAME": "Knock", "EAST": 539403.054021, "NORTH": 782856.710612, "GUID": "495E6B83-90EC-483A-81B0-4AC0E8BC140C"}}, {"type": "Feature", "id": 396, "geometry": {"type": "Polygon", "coordinates": [[[321.0493742423616, 612.1545601302014], [321.23478325377494, 612.880453330813], [321.24590919692264, 612.9437844422995], [320.4805084015008, 613.2235008467591], [319.8901803724672, 613.4177922444716], [319.94990443663573, 613.4313609483895], [318.4331275249611, 613.3406695152227], [318.94335202273066, 613.2030705062924], [319.3299880492928, 613.0985803583918], [318.88381607931626, 612.9899153036328], [320.2896284489611, 612.4905830706031], [320.41583735622294, 612.3354480806049], [321.0493742423616, 612.1545601302014]]]}, "properties": {"OBJECTID_12": 396, "SETTLEMENT": "29019", "SETTL_NAME": "Kiltimagh", "EAST": 534207.636154, "NORTH": 789276.891795, "GUID": "DD3983F0-F319-40B5-99FC-4C1A22DE2F72"}}, {"type": "Feature", "id": 397, "geometry": {"type": "Polygon", "coordinates": [[[296.96192292927896, 584.002727031438], [296.96843702446614, 584.098481252054], [298.01911558234775, 584.7387015706819], [298.23556975450134, 584.817036513101], [298.13502655714666, 584.8806576009756], [298.1716119974784, 584.892113546236], [298.24393731511896, 584.9414809446058], [298.21933790825705, 584.9669250376995], [298.1679436188256, 584.953929881288], [298.0481850638048, 585.0067932625832], [298.1247964269099, 585.0432277035777], [297.4014074333792, 584.7692607210832], [296.96192292927896, 584.002727031438]]]}, "properties": {"OBJECTID_12": 397, "SETTLEMENT": "29005", "SETTL_NAME": "Killala", "EAST": 520547.021759, "NORTH": 829903.025034, "GUID": "3AECB3B7-874C-4710-8341-2BF5AF1AC31E"}}, {"type": "Feature", "id": 398, "geometry": {"type": "Polygon", "coordinates": [[[306.9882639062784, 633.489810000296], [307.3171127719925, 633.7094492794681], [307.2363181538379, 633.7861772868334], [307.4481120691307, 633.7989095982849], [307.4363726486656, 633.8366962255311], [306.9792811934976, 633.8430867534063], [306.5913199796416, 633.6454433208695], [306.6331714562304, 633.618757132698], [306.53419646489493, 633.54261710454], [306.1652883699936, 633.5054841077529], [306.58958584268265, 633.4374969644773], [306.79802447902614, 633.4024883838106], [306.9882639062784, 633.489810000296]]]}, "properties": {"OBJECTID_12": 398, "SETTLEMENT": "29026", "SETTL_NAME": "Kilmaine", "EAST": 525589.425195, "NORTH": 759714.978975, "GUID": "F26992A1-5C56-4538-97EF-04FAFD48D05D"}}, {"type": "Feature", "id": 399, "geometry": {"type": "Polygon", "coordinates": [[[599.486458119792, 608.7300863493648], [599.5240195411019, 608.98167915295], [598.530145833521, 610.1797950042823], [598.1462150821558, 610.0535745969204], [598.3435331633248, 610.0293774794078], [598.0943234548224, 609.161081959843], [597.9975830682592, 608.9796652117274], [598.1050695872927, 608.9845661192198], [597.8930599406261, 608.8406563405923], [598.541482692576, 608.6937151272964], [598.4720248158208, 608.8657422957224], [598.7580793988939, 608.9143076021105], [599.486458119792, 608.7300863493648]]]}, "properties": {"OBJECTID_12": 399, "SETTLEMENT": "10002", "SETTL_NAME": "Castlebellingham-Kilsaran", "EAST": 705927.004227, "NORTH": 795081.859045, "GUID": "5FFABBF5-D472-48DC-957C-53BD1A3D4415"}}, {"type": "Feature", "id": 400, "geometry": {"type": "Polygon", "coordinates": [[[611.9278969246475, 621.5200581491339], [611.8483382888587, 621.6356451518652], [611.854167177679, 621.6955573405975], [611.5376455507477, 621.7342350350508], [611.2280614779595, 621.62077180462], [610.6059485318602, 621.5392753313774], [611.0563594736939, 621.4995031166197], [611.4791948888362, 621.4337057229607], [611.4653664764191, 621.3569140293788], [611.5400407510571, 621.3467669258207], [611.5223710531083, 621.4281654453648], [611.9785120358059, 621.4718495903777], [611.9278969246475, 621.5200581491339]]]}, "properties": {"OBJECTID_12": 400, "SETTLEMENT": "10016", "SETTL_NAME": "Baltray", "EAST": 714266.84693, "NORTH": 777805.825194, "GUID": "2EE3673A-7AA3-4087-AE01-D9782438B85A"}}, {"type": "Feature", "id": 401, "geometry": {"type": "Polygon", "coordinates": [[[355.2071399670048, 721.9050757053784], [356.37186346183574, 721.928519728012], [357.627757632896, 722.1162392392329], [357.49704542126824, 722.1354708965897], [357.4936666601461, 722.1826952270035], [357.14413759771736, 722.1414650093535], [357.10648107808214, 722.223173115697], [356.9249315446709, 722.2052933974394], [355.6419404329557, 722.1686362877903], [355.7110644599328, 722.2252621174557], [355.0496215575552, 722.1699930439224], [354.8535849917536, 722.218012844108], [355.2071399670048, 721.9050757053784]]]}, "properties": {"OBJECTID_12": 401, "SETTLEMENT": "21006", "SETTL_NAME": "Bruree", "EAST": 554893.39905, "NORTH": 630486.881888, "GUID": "04EC610A-5E9B-43F3-A2A4-4E4DE6D18F37"}}, {"type": "Feature", "id": 402, "geometry": {"type": "Polygon", "coordinates": [[[368.18131686851626, 717.4381751883892], [368.3148326253056, 717.6133044952617], [368.421446244784, 717.6065693895985], [368.4417782757035, 717.6584697972271], [368.37459004815787, 717.6631454974653], [369.58917123812694, 718.1301458513436], [369.4514978348683, 718.2160546841307], [368.47461058010134, 718.3424470433287], [368.44901533140586, 718.4018558989762], [367.65039461745704, 718.4499540602923], [367.62758611515306, 718.2210048879531], [368.1776636110368, 717.339307792993], [368.18131686851626, 717.4381751883892]]]}, "properties": {"OBJECTID_12": 402, "SETTLEMENT": "21005", "SETTL_NAME": "Bruff", "EAST": 562806.923817, "NORTH": 636384.088507, "GUID": "96164A5D-8241-4B28-81F3-C0B2289C2A62"}}, {"type": "Feature", "id": 403, "geometry": {"type": "Polygon", "coordinates": [[[322.5796618538453, 727.6630694831634], [322.7809484069077, 727.723935191767], [322.66348150129176, 727.8278567262369], [323.2638479926048, 727.8865388550005], [322.32247896952424, 728.2278636999148], [322.4196585533376, 728.2761562273462], [322.07811267765226, 728.3853377088852], [320.8223535675755, 728.3365428720745], [322.4395899344128, 727.9591907897187], [322.36141604153175, 727.6941691649535], [322.47600715820585, 727.6827614822469], [322.4397584519435, 727.6155384913023], [322.5796618538453, 727.6630694831634]]]}, "properties": {"OBJECTID_12": 403, "SETTLEMENT": "21026", "SETTL_NAME": "Broadford", "EAST": 533313.801415, "NORTH": 621898.119728, "GUID": "C8875475-766E-451D-8E48-5C736DDBEA94"}}, {"type": "Feature", "id": 404, "geometry": {"type": "Polygon", "coordinates": [[[288.52006047269975, 718.9799693708093], [289.29981967199467, 719.1846602367929], [289.5527899714389, 719.4787133884312], [289.6897078951712, 719.5321113154073], [290.2312398863829, 719.6933906011612], [290.20838895933974, 719.8848447620893], [288.99302227939415, 719.4473093621594], [288.707315146416, 719.321458818025], [288.73455010848, 719.2886952372195], [288.4425754473749, 719.0125200798032], [288.41940375408, 718.9946070892647], [288.4948547430912, 718.9585724487301], [288.52006047269975, 718.9799693708093]]]}, "properties": {"OBJECTID_12": 404, "SETTLEMENT": "21025", "SETTL_NAME": "Athea", "EAST": 512531.545772, "NORTH": 634993.899853, "GUID": "019A2902-8EAC-4440-93FB-8661F9D921E9"}}, {"type": "Feature", "id": 405, "geometry": {"type": "Polygon", "coordinates": [[[389.14187018027735, 725.6979321650971], [389.35185884397333, 725.7412477055824], [390.3747639650912, 726.1677723841295], [390.21877193300054, 726.2162374770364], [390.30747603837864, 726.2752533682436], [390.266387425168, 726.2864159391924], [390.42895172724053, 726.3195167292099], [390.0751866699744, 726.2506572136103], [389.74860977496, 726.1701447338236], [389.3916639863968, 726.0991858572817], [389.2038122699808, 726.0124221437932], [389.236765824432, 725.8445476392769], [389.14187018027735, 725.6979321650971]]]}, "properties": {"OBJECTID_12": 405, "SETTLEMENT": "21021", "SETTL_NAME": "Ballylanders", "EAST": 576378.208519, "NORTH": 624461.349835, "GUID": "ED25C98E-2815-4FBF-84D2-5586C7838289"}}, {"type": "Feature", "id": 406, "geometry": {"type": "Polygon", "coordinates": [[[322.35773605158295, 708.367880257519], [322.86867194789335, 708.4018914134136], [323.9002266871616, 708.5652175874096], [324.0341827198656, 708.5295654413362], [324.3320450503659, 708.4652899722536], [324.4866021643531, 708.5682043561318], [324.5729437503733, 708.7746351943435], [324.4860077977845, 708.7952968234133], [323.95859382362454, 708.6860432809757], [323.49354933289385, 708.7787166575928], [323.0365087717291, 708.8558292747964], [322.78763510935573, 708.8664676385271], [322.35773605158295, 708.367880257519]]]}, "properties": {"OBJECTID_12": 406, "SETTLEMENT": "21030", "SETTL_NAME": "Askeaton", "EAST": 533997.108768, "NORTH": 650427.719675, "GUID": "15FBF600-97F7-4EC8-BA32-D65AACD0DBDE"}}, {"type": "Feature", "id": 407, "geometry": {"type": "Polygon", "coordinates": [[[370.0803699485109, 703.0038802541443], [370.709948963472, 703.4864819128785], [371.2820530797184, 703.7782935515427], [369.8112954503488, 704.2687248684679], [369.1252802325248, 704.0091479429669], [368.94967077022187, 704.0652802512898], [368.58312247957656, 703.8946763997549], [368.6610560708224, 703.7210439106889], [370.0946521537749, 703.2142975437176], [369.27925484853864, 703.023297287742], [370.0724023051776, 702.864768263898], [370.079999874608, 702.9188667445669], [370.0803699485109, 703.0038802541443]]]}, "properties": {"OBJECTID_12": 407, "SETTLEMENT": "21011", "SETTL_NAME": "Annacotty", "EAST": 564069.217632, "NORTH": 657521.75669, "GUID": "478BCFA6-2510-4DE3-B8F9-435455242034"}}, {"type": "Feature", "id": 408, "geometry": {"type": "Polygon", "coordinates": [[[299.83040379606933, 711.6857419959241], [299.1821095507008, 711.8966210709306], [298.73329749199786, 712.026678477877], [298.5894561181472, 712.0313705411221], [298.2717103069323, 712.0248069708451], [298.9355511118592, 711.9023317078198], [298.9112510920384, 711.8739618110751], [299.2453176746336, 711.7717882716568], [299.3345854944736, 711.7591296249958], [299.4454298695349, 711.750465681623], [299.62508705750827, 711.7080151254444], [299.64907264311574, 711.7299715267974], [299.83040379606933, 711.6857419959241]]]}, "properties": {"OBJECTID_12": 408, "SETTLEMENT": "21044", "SETTL_NAME": "Ballyhahill", "EAST": 519026.070488, "NORTH": 646021.896791, "GUID": "61B3CECE-707F-4815-8A5C-B74BA582EB20"}}, {"type": "Feature", "id": 409, "geometry": {"type": "Polygon", "coordinates": [[[439.72129925273174, 625.9354896781331], [439.6208006095776, 626.016628926074], [439.6589320228629, 626.0343016027668], [439.8401028015541, 626.1492691753215], [439.40248112974933, 626.2607544667867], [439.209288579792, 626.1950001037156], [439.3766242722837, 626.0927939133016], [439.2571772204277, 626.040673281645], [439.3856443342805, 625.9903743706643], [439.2759821005899, 625.9415835002868], [439.9019920633749, 625.7286070989505], [439.9803665481344, 625.8464172538268], [439.72129925273174, 625.9354896781331]]]}, "properties": {"OBJECTID_12": 409, "SETTLEMENT": "09012", "SETTL_NAME": "Killashee", "EAST": 607979.886119, "NORTH": 770084.672155, "GUID": "BED92498-90A3-4050-ADC1-EADD719AB331"}}, {"type": "Feature", "id": 410, "geometry": {"type": "Polygon", "coordinates": [[[468.6114402135627, 612.6001844826714], [468.945146701472, 612.6260544975645], [468.93621268837336, 612.6634432183158], [469.02679070504854, 612.6604853463532], [468.90407799762136, 613.1486122648497], [468.9805992508128, 613.1521725054752], [468.7473909887627, 613.2783093105526], [468.58748687767786, 613.231587104011], [468.59202146425815, 613.1135634981589], [468.73704561724907, 612.926002487344], [468.8561742421824, 612.916354595261], [468.59426962179947, 612.7619215238886], [468.6114402135627, 612.6001844826714]]]}, "properties": {"OBJECTID_12": 410, "SETTLEMENT": "09011", "SETTL_NAME": "Aughnacliffe", "EAST": 625994.840325, "NORTH": 788859.709053, "GUID": "0D49F794-FD86-4D6F-A589-B042F65175A7"}}, {"type": "Feature", "id": 411, "geometry": {"type": "Polygon", "coordinates": [[[295.0880629647499, 729.3061427623666], [294.7226270098997, 729.7368414851302], [295.5942978227595, 729.6934792624921], [295.6530174735605, 729.7980076284927], [295.3051876625504, 729.9653076950129], [295.94876320062826, 730.0634227824962], [296.17956698996693, 730.038790061056], [296.229443022064, 730.0708488932779], [296.1961937465888, 730.0809144335188], [296.39623950629544, 730.2289755649437], [295.4338717917163, 730.3050802539593], [293.8291079746443, 729.7471686660432], [295.0880629647499, 729.3061427623666]]]}, "properties": {"OBJECTID_12": 411, "SETTLEMENT": "21028", "SETTL_NAME": "Mountcollins", "EAST": 515847.897939, "NORTH": 619485.867035, "GUID": "36874219-0F71-4C2F-BCE0-973EE4D6ECBF"}}, {"type": "Feature", "id": 412, "geometry": {"type": "Polygon", "coordinates": [[[382.77081342354774, 704.6161789003129], [383.628502392912, 704.6199425479948], [383.80998658451625, 704.5106445675635], [384.88928768481816, 705.0108350058994], [384.5597692407232, 705.0467665485787], [384.51638957908693, 705.161979781715], [383.80715513063785, 705.1824941335058], [382.8978708378965, 705.2074880754301], [382.9558583617664, 705.2364769860529], [382.38144794538454, 705.1942330682458], [382.44872284974616, 704.6107961265104], [382.4897709515797, 704.5193818243399], [382.77081342354774, 704.6161789003129]]]}, "properties": {"OBJECTID_12": 412, "SETTLEMENT": "21017", "SETTL_NAME": "Moroe", "EAST": 572555.791834, "NORTH": 655596.835057, "GUID": "BD0C0680-0FD2-4845-84D9-DD8DAC1B417B"}}, {"type": "Feature", "id": 413, "geometry": {"type": "Polygon", "coordinates": [[[383.1081217915744, 720.9620171079341], [383.5505097311573, 721.2092137225034], [383.4043556509355, 721.2970721210364], [382.9975676188224, 721.3613470621906], [383.0248460165931, 721.546305955789], [382.3992536087552, 721.2443811588953], [382.32144313787626, 721.1717385236693], [381.6078677555499, 721.2509814873282], [381.64412357465386, 721.3319649101151], [381.4975717991883, 721.2281241064026], [381.4668961780096, 721.1584730118948], [382.0046074036704, 721.1326768032736], [383.1081217915744, 720.9620171079341]]]}, "properties": {"OBJECTID_12": 413, "SETTLEMENT": "21010", "SETTL_NAME": "Knocklong", "EAST": 571980.846995, "NORTH": 631627.420318, "GUID": "A81E28E8-7930-4010-9549-4862262ED782"}}, {"type": "Feature", "id": 414, "geometry": {"type": "Polygon", "coordinates": [[[384.1948589654752, 714.659606869179], [384.44699028568107, 714.837735994484], [384.49426625599784, 714.8911075260397], [384.1883728070624, 714.7992548447924], [383.5950109548821, 714.6814570083612], [383.8351554732832, 714.6598387422442], [383.81828567805655, 714.6481024784592], [384.0726156918304, 714.5930082829738], [384.1578355550059, 714.5209834258034], [384.2166862599232, 714.5756440324088], [384.2104906852085, 714.6028232469893], [384.1615701929376, 714.6142447885453], [384.1948589654752, 714.659606869179]]]}, "properties": {"OBJECTID_12": 414, "SETTLEMENT": "21041", "SETTL_NAME": "Kilteely", "EAST": 572908.250811, "NORTH": 641210.478346, "GUID": "F5A54DA1-171A-4A2B-B95B-AC7DDC23EA56"}}, {"type": "Feature", "id": 415, "geometry": {"type": "Polygon", "coordinates": [[[365.0359366191253, 722.491312589255], [365.0069164831072, 722.8359185290557], [365.72616400553494, 723.470558580368], [366.17053025877334, 723.7369866392123], [366.06165672351574, 723.829005750625], [367.59062111090344, 724.5968531894563], [367.47323118894184, 724.6692891416335], [367.319253433312, 724.651858656847], [363.7065113193888, 723.82392121439], [363.6354005921813, 723.7526126247297], [364.5422438250336, 723.6600169417821], [364.0847265467296, 723.499313779918], [365.0359366191253, 722.491312589255]]]}, "properties": {"OBJECTID_12": 415, "SETTLEMENT": "21009", "SETTL_NAME": "Kilmallock", "EAST": 560908.278405, "NORTH": 628039.066469, "GUID": "5E5D17D6-E716-43E1-95B7-E3B8FAE03E17"}}, {"type": "Feature", "id": 416, "geometry": {"type": "Polygon", "coordinates": [[[377.2884126614784, 726.7077559433901], [377.2413744639072, 726.7487328002586], [376.39043499171413, 727.3477718186599], [376.1030768741653, 727.2760446535351], [375.309502019744, 727.2644942186804], [375.02831752928427, 727.2427337485702], [375.34830934455255, 727.2420762062176], [375.35052936129495, 727.1962645298046], [376.0569768879477, 726.9495960733537], [375.9721185532992, 726.7103305264777], [376.47418947696104, 726.6870785063461], [376.40284268008213, 726.664938137909], [377.2884126614784, 726.7077559433901]]]}, "properties": {"OBJECTID_12": 416, "SETTLEMENT": "21008", "SETTL_NAME": "Kilfinane", "EAST": 567924.103385, "NORTH": 623190.323054, "GUID": "B1611D7D-5962-4964-9551-BE1BB22A60A0"}}, {"type": "Feature", "id": 417, "geometry": {"type": "Polygon", "coordinates": [[[380.83575866642025, 717.8163550252438], [380.84721834970986, 717.8927760648787], [380.6859707440128, 717.8831778655261], [380.7637701573888, 717.9737655929183], [380.7139568694336, 718.0465602891857], [380.8031025736619, 718.1755507122432], [380.7635840470816, 718.1757390602747], [381.34367284824424, 718.3704679272356], [381.29455075736854, 718.3968726004128], [380.83613068438825, 719.0481331828807], [380.154035773744, 718.9503374586817], [380.2874860878688, 718.6235480091135], [380.83575866642025, 717.8163550252438]]]}, "properties": {"OBJECTID_12": 417, "SETTLEMENT": "21007", "SETTL_NAME": "Hospital", "EAST": 570707.626273, "NORTH": 635685.830159, "GUID": "669B3162-50E1-4FE6-9F8C-FA751EEE8B70"}}, {"type": "Feature", "id": 418, "geometry": {"type": "Polygon", "coordinates": [[[309.14982975534184, 710.3634991639857], [309.3840829347584, 710.4579263311629], [310.1879770229941, 710.9846119925398], [310.5691362975488, 711.1710872777493], [310.00362884006614, 711.2175236467398], [309.8299906080576, 711.3516078016387], [309.74106995170774, 711.3306459378085], [309.7831411020757, 711.2997578912191], [308.6682328716832, 710.742707690671], [308.73414831623785, 710.5878888356708], [308.7942165098613, 710.48132369949], [308.7842260067296, 710.3622251402188], [309.14982975534184, 710.3634991639857]]]}, "properties": {"OBJECTID_12": 418, "SETTLEMENT": "21034", "SETTL_NAME": "Shanagolden", "EAST": 525546.14701, "NORTH": 647391.950526, "GUID": "3B3E9FB9-ED2F-4482-8FFF-B4DD8AE10DFE"}}, {"type": "Feature", "id": 419, "geometry": {"type": "Polygon", "coordinates": [[[368.0673158654208, 708.920486529718], [368.106398527776, 708.9601326961014], [368.4970144087371, 708.946390635234], [368.4877230558912, 709.2039043372384], [368.42065389575896, 709.2868954924195], [368.3907618174421, 709.7003874853584], [367.6533720595744, 709.7336807009698], [367.60793792872533, 709.3707585914718], [367.6926207911136, 709.3501931501247], [367.4826883117365, 709.1922379348192], [367.69384575501016, 709.0165174325906], [367.67937440430825, 708.9946617103375], [368.0673158654208, 708.920486529718]]]}, "properties": {"OBJECTID_12": 419, "SETTLEMENT": "21039", "SETTL_NAME": "Glen", "EAST": 562772.632513, "NORTH": 649202.135518, "GUID": "A266873C-9FF6-4225-B3AA-9DB4E7CF5904"}}, {"type": "Feature", "id": 420, "geometry": {"type": "Polygon", "coordinates": [[[309.87610107654507, 707.6773346274015], [310.3740427201355, 707.6753391876669], [310.63412150077653, 707.729724368821], [310.36754152398936, 708.0290783869136], [310.19849166117973, 708.0219352902795], [310.2607910499061, 708.2058783260445], [310.0731193705461, 708.1712486512304], [310.07439855077655, 708.2217661352504], [309.15182236888, 708.3655324587951], [308.4573875720512, 708.0455167599048], [308.1401138736011, 707.8423811772436], [308.23082038268694, 707.7504070631761], [309.87610107654507, 707.6773346274015]]]}, "properties": {"OBJECTID_12": 420, "SETTLEMENT": "21031", "SETTL_NAME": "Foynes", "EAST": 525531.709549, "NORTH": 651567.506055, "GUID": "A06A947E-2AE6-44B4-A783-62979A14815D"}}, {"type": "Feature", "id": 421, "geometry": {"type": "Polygon", "coordinates": [[[343.0561051725088, 723.423489303506], [343.92085196606826, 723.6491347217805], [344.709419760544, 723.7978571277174], [344.2994137600651, 723.88593062681], [343.90419007004266, 723.7708064193102], [343.50090930294294, 723.8151883627268], [343.5107991556011, 723.915948783732], [342.8319142722048, 723.735973871926], [342.79169724702933, 723.6926371715406], [342.6655767652341, 723.3086643103629], [342.7205748553376, 723.3184187774247], [342.68362526804054, 723.3454265465609], [343.0561051725088, 723.423489303506]]]}, "properties": {"OBJECTID_12": 421, "SETTLEMENT": "21038", "SETTL_NAME": "Ballyagran", "EAST": 546896.960953, "NORTH": 628149.06516, "GUID": "2D5AF38E-8AF9-4479-965D-B24DD3B10B11"}}, {"type": "Feature", "id": 422, "geometry": {"type": "Polygon", "coordinates": [[[334.44159761595307, 717.9254422124408], [335.1945659762592, 718.1786850934867], [334.9755538970741, 718.2643422450249], [335.02347339379946, 718.2844291921635], [334.9577283830688, 718.3114048141333], [334.96527922327465, 718.4414583734377], [334.874706714768, 718.5991962993927], [334.53751890864106, 718.4906172916777], [334.48518094415573, 718.461800313621], [334.12880735230294, 718.4656918981437], [334.15406224151786, 718.4876819330725], [333.9842116471957, 718.408158931047], [334.44159761595307, 717.9254422124408]]]}, "properties": {"OBJECTID_12": 422, "SETTLEMENT": "21002", "SETTL_NAME": "Ballingarry", "EAST": 541332.959526, "NORTH": 636200.517516, "GUID": "DD80A81B-584D-4F2E-8BFF-829EF0A1FBB9"}}, {"type": "Feature", "id": 423, "geometry": {"type": "Polygon", "coordinates": [[[313.2629630709696, 716.2991013050205], [314.1114893091776, 716.6360139247732], [313.1885113638517, 717.333221580194], [312.9974378391456, 717.2014153200741], [313.07004873259416, 717.2128220519411], [313.1646547002645, 716.9880795232236], [312.9615786653899, 716.6074874968937], [313.00621077603626, 716.503810407551], [313.00404323675735, 716.4340767838324], [313.09337049928, 716.4325136525654], [313.2597109340352, 716.6190024418399], [313.00613133249385, 716.2670130238897], [313.2629630709696, 716.2991013050205]]]}, "properties": {"OBJECTID_12": 423, "SETTLEMENT": "21024", "SETTL_NAME": "Ardagh", "EAST": 527811.112226, "NORTH": 638605.733431, "GUID": "97F9D9D4-B84D-4A52-9CBD-9C40DC49BE7A"}}, {"type": "Feature", "id": 424, "geometry": {"type": "Polygon", "coordinates": [[[342.27595042227415, 711.3742948992533], [342.7455914741088, 711.6051113742715], [342.1746503621952, 712.0277659917153], [342.2242776778187, 712.0717614043981], [341.575600472704, 712.0715657923198], [341.62427852787306, 712.1035486303349], [340.98968460215895, 712.2522400608714], [340.8315330817653, 712.2366827028261], [341.7257473396203, 711.9546233841481], [341.8446373387072, 711.4101896492803], [341.81676068763096, 711.315227209596], [341.7467072666848, 711.1586993244958], [342.27595042227415, 711.3742948992533]]]}, "properties": {"OBJECTID_12": 424, "SETTLEMENT": "21001", "SETTL_NAME": "Adare", "EAST": 546213.234646, "NORTH": 645926.668437, "GUID": "9834EA3E-CE0F-4766-992E-1180DB7E488B"}}, {"type": "Feature", "id": 425, "geometry": {"type": "Polygon", "coordinates": [[[465.7926943749472, 630.2462397383449], [466.06377606677546, 630.445392782234], [466.1393021148608, 630.4928262814506], [466.31751556553814, 630.5905239962622], [466.6997320653984, 630.6535414536651], [465.7744855745621, 630.6344947425764], [465.7036818209856, 630.4699378322239], [465.5054529499456, 630.4371554526873], [465.66510644115624, 630.3848882832317], [465.6409648173675, 630.3665428188775], [465.50108220341974, 630.2207112743782], [465.68002878078613, 630.1739217486962], [465.7926943749472, 630.2462397383449]]]}, "properties": {"OBJECTID_12": 425, "SETTLEMENT": "09010", "SETTL_NAME": "Legan", "EAST": 624372.717756, "NORTH": 763704.203696, "GUID": "25536054-C19E-48DB-8F3B-42202EEED513"}}, {"type": "Feature", "id": 426, "geometry": {"type": "Polygon", "coordinates": [[[351.7724865462976, 708.5151991634789], [351.8768806359275, 708.5360009873648], [351.9398508097344, 708.7124752332727], [351.43823537971946, 708.9622177205717], [350.5610714785461, 709.1915004111313], [350.2973353322027, 708.8021282569308], [350.12332494708056, 708.8099275775065], [350.2021439995136, 708.7314068209452], [350.5306500392971, 708.7057091024735], [351.60133216210346, 708.7333738472117], [351.4328244201504, 708.6781732545161], [351.63998713694826, 708.602704062589], [351.7724865462976, 708.5151991634789]]]}, "properties": {"OBJECTID_12": 426, "SETTLEMENT": "21020", "SETTL_NAME": "Patrickswell", "EAST": 551922.005302, "NORTH": 650024.582908, "GUID": "4B076598-BDB8-41BE-A8D5-B8B8BE986593"}}, {"type": "Feature", "id": 427, "geometry": {"type": "Polygon", "coordinates": [[[427.02258903426133, 606.2286179575818], [427.2386535650763, 606.3612679949699], [427.1144088993248, 606.3880385057909], [427.15858541140375, 606.4316844794816], [427.00791522498133, 606.4594624178732], [426.9422602706944, 606.4012238355251], [426.5813439911008, 606.5038061873843], [426.6851101211904, 606.6139892035659], [427.0955034438592, 607.16668444212], [426.0215715184384, 607.3066632152104], [426.45424625840855, 606.2969774343139], [426.457947710976, 606.3370374505309], [427.02258903426133, 606.2286179575818]]]}, "properties": {"OBJECTID_12": 427, "SETTLEMENT": "28004", "SETTL_NAME": "Drumsna", "EAST": 599770.248204, "NORTH": 797511.379771, "GUID": "270FCD9B-9E9C-482E-9D07-E0B4C006972B"}}, {"type": "Feature", "id": 428, "geometry": {"type": "Polygon", "coordinates": [[[363.19043057693546, 712.8029947819757], [363.0293069467136, 712.9238846878244], [362.9395848903488, 712.8898192140249], [363.0526561026208, 713.05479310052], [363.0153051990325, 713.0835799679186], [362.78633709950935, 713.0512418892658], [362.47437797135785, 713.135589961007], [362.23115935225815, 712.9811945366818], [361.76490909993174, 713.074830163968], [361.60579128327146, 712.9183786060581], [361.82612011494615, 712.8709090605507], [361.8067235533227, 712.8480551032575], [363.19043057693546, 712.8029947819757]]]}, "properties": {"OBJECTID_12": 428, "SETTLEMENT": "21043", "SETTL_NAME": "Fedamore", "EAST": 559140.199086, "NORTH": 643903.063278, "GUID": "78B8C745-35AB-451B-A4DF-DBA4994C131B"}}, {"type": "Feature", "id": 429, "geometry": {"type": "Polygon", "coordinates": [[[328.956160163632, 727.907822710405], [329.32924793159253, 727.9607870996118], [329.276282758096, 727.9749096575102], [330.2013596128864, 728.4040561115422], [330.1169546778976, 728.4965796854927], [330.8878236945824, 728.5667378596114], [331.9204503238379, 728.6649533087839], [330.5129484895616, 728.7121200623454], [329.65900953314025, 728.5130348347357], [329.4063225889365, 729.0445831392519], [329.0682974688352, 728.2273191289931], [328.9416652414848, 728.0317118738335], [328.956160163632, 727.907822710405]]]}, "properties": {"OBJECTID_12": 429, "SETTLEMENT": "21027", "SETTL_NAME": "Drumcollogher", "EAST": 538171.741662, "NORTH": 621229.956592, "GUID": "5F7D745B-9444-4D94-98A4-394B97B81046"}}, {"type": "Feature", "id": 430, "geometry": {"type": "Polygon", "coordinates": [[[401.08897001323413, 707.8758003779109], [401.8491859360501, 708.6494367669985], [401.81970539935145, 708.7126524568565], [400.55676533744105, 708.6585393656127], [400.22193108064, 708.6921669322138], [399.0999509647296, 708.5811808717343], [399.315789269728, 708.3908191799604], [398.65886309103894, 708.2839186259647], [398.8219181836544, 708.1838945924932], [398.890629834352, 708.0769455271675], [399.77568933384106, 708.2896081576794], [400.4162883176299, 708.2665768654217], [401.08897001323413, 707.8758003779109]]]}, "properties": {"OBJECTID_12": 430, "SETTLEMENT": "21035", "SETTL_NAME": "Doon", "EAST": 583270.079553, "NORTH": 650477.17859, "GUID": "128DE6C1-0F6B-4EBD-8D85-4944BD032CD9"}}, {"type": "Feature", "id": 431, "geometry": {"type": "Polygon", "coordinates": [[[350.23567809723306, 713.8625342611908], [350.69213004502825, 714.5592717026774], [351.06402648341015, 714.7337531539933], [350.70898485588265, 714.9543632778749], [350.73344192332695, 714.9851925208064], [347.83009038649493, 715.4220519811514], [348.69053872699095, 715.2478416154556], [348.64722623019946, 714.7176861013417], [349.56032913045334, 714.3158936524218], [349.84234124176106, 714.2227240073917], [349.71607022448745, 714.1477793857052], [350.003252547136, 713.8652221227918], [350.23567809723306, 713.8625342611908]]]}, "properties": {"OBJECTID_12": 431, "SETTLEMENT": "21003", "SETTL_NAME": "Croom", "EAST": 550988.031963, "NORTH": 641141.79212, "GUID": "7E01E0E6-B07B-4055-A408-C3A067F96DA9"}}, {"type": "Feature", "id": 432, "geometry": {"type": "Polygon", "coordinates": [[[471.8600529081739, 699.4064593554548], [472.1910295177888, 699.3199341632948], [472.1163700860992, 699.369792601004], [472.231386357184, 699.6174089491733], [471.901844884704, 699.7355098306996], [471.67105009391787, 699.6357442588318], [470.862111208128, 700.2408273915938], [470.65157393162985, 700.0722648469359], [470.6450787331392, 699.8539693395542], [470.53092462663255, 699.7853118915936], [470.99222968136, 699.532977490406], [471.3740298729227, 699.387061473659], [471.8600529081739, 699.4064593554548]]]}, "properties": {"OBJECTID_12": 432, "SETTLEMENT": "07018", "SETTL_NAME": "Urlingford", "EAST": 628287.982467, "NORTH": 663237.803927, "GUID": "08A08119-5E67-477F-AC2B-9C25746D47A7"}}, {"type": "Feature", "id": 433, "geometry": {"type": "Polygon", "coordinates": [[[516.3013748619296, 686.8288971025805], [516.3532037933526, 686.8555886820843], [516.539893822705, 686.8000272926635], [516.8242814933067, 686.9196937711706], [516.7592290457259, 686.9832474291001], [517.0360851117355, 687.2028366824244], [516.94838547528, 687.2343720132124], [516.6128930605589, 687.2304452578705], [516.5703200518273, 687.1823872938601], [516.1379295057814, 687.1150959243279], [516.5136054347264, 687.0006527395178], [516.3046504844021, 686.7632012538213], [516.3013748619296, 686.8288971025805]]]}, "properties": {"OBJECTID_12": 433, "SETTLEMENT": "08022", "SETTL_NAME": "The Swan", "EAST": 656705.338646, "NORTH": 682056.310847, "GUID": "8CF9B611-F7D6-4A1D-BF8C-C2A3CD75FE61"}}, {"type": "Feature", "id": 434, "geometry": {"type": "Polygon", "coordinates": [[[520.8771151293696, 688.7063923931323], [521.1420285687786, 688.7140834419309], [522.2061586789184, 688.8349320301024], [522.1919516173717, 688.9593719188878], [522.07733270168, 689.0967845219634], [521.6696752523403, 689.0082740540586], [521.4443475564533, 688.9458706832875], [521.0817825273313, 688.9760646184202], [520.6499699588021, 688.8206648380277], [520.5083468408554, 688.6676156615954], [520.2138780019808, 688.6179261185224], [520.3211817540181, 688.5321694088631], [520.8771151293696, 688.7063923931323]]]}, "properties": {"OBJECTID_12": 434, "SETTLEMENT": "08014", "SETTL_NAME": "Newtown", "EAST": 659702.299745, "NORTH": 679480.043314, "GUID": "EF1D70B6-69E2-4B0F-92CA-DE695D2B6213"}}, {"type": "Feature", "id": 435, "geometry": {"type": "Polygon", "coordinates": [[[408.71533480404696, 576.3783036236373], [408.81257913954454, 576.5207325926168], [408.4356102096832, 576.785020196998], [409.2881393679733, 577.4352472979704], [408.3332529521643, 577.5883003027004], [407.9530195348992, 577.6690690626314], [407.9637800903029, 577.6422137330337], [407.0553271467168, 576.9855281704041], [406.883078649936, 576.9813873889996], [406.97239827171416, 576.9158477801072], [407.04845676424213, 576.7306994401038], [408.3871758183168, 576.3771341498942], [408.71533480404696, 576.3783036236373]]]}, "properties": {"OBJECTID_12": 435, "SETTLEMENT": "28008", "SETTL_NAME": "Manorhamilton", "EAST": 588699.928026, "NORTH": 839711.082526, "GUID": "B06B9891-71C7-4C2E-8F89-885211242B50"}}, {"type": "Feature", "id": 436, "geometry": {"type": "Polygon", "coordinates": [[[422.1769474180011, 597.1477646836552], [422.1402489893995, 597.2036182066875], [423.0252390747509, 597.3594405099383], [423.812827252912, 598.0970407020128], [423.6232243520277, 598.1608619483909], [423.2006875498816, 597.9942262430501], [423.1256668188395, 597.9993361403162], [422.20441484235306, 597.8051724567216], [421.66312367065706, 597.9152143977607], [421.49920484397336, 597.7241993784771], [421.8724319667093, 597.4376381174351], [421.3623584555968, 597.3888551953469], [422.1769474180011, 597.1477646836552]]]}, "properties": {"OBJECTID_12": 436, "SETTLEMENT": "28003", "SETTL_NAME": "Drumshanbo", "EAST": 597383.942874, "NORTH": 810640.381513, "GUID": "2E6A51D1-80C5-43FF-9B8A-9BA1E972E199"}}, {"type": "Feature", "id": 437, "geometry": {"type": "Polygon", "coordinates": [[[496.99514585318934, 684.1986480435299], [497.4311333437141, 684.263340502412], [498.17426950611946, 685.2836748794219], [497.9522264730219, 685.3860116773297], [496.119877394144, 685.6966289107672], [495.03617997810136, 685.3554691913993], [494.98192641517545, 685.3092314869205], [494.5819174174304, 685.2499742676823], [495.139872435232, 685.2390330146932], [494.913432534064, 684.6385481767612], [495.0766070731499, 684.5265774030622], [496.5649259842976, 684.4747469494558], [496.99514585318934, 684.1986480435299]]]}, "properties": {"OBJECTID_12": 437, "SETTLEMENT": "08001", "SETTL_NAME": "Abbeyleix", "EAST": 644084.56787, "NORTH": 684920.046497, "GUID": "51614C60-44D5-4AFB-8422-34FB2CB23844"}}, {"type": "Feature", "id": 438, "geometry": {"type": "Polygon", "coordinates": [[[287.7508244066528, 724.4563618489273], [288.92530583838294, 724.6894619012287], [289.6118943169557, 725.0342795686248], [289.77706070934295, 725.3276707724899], [289.0570056455136, 725.1803403684038], [288.8318116639936, 725.0789306123686], [288.76089760361174, 725.189351493198], [288.18383773690454, 725.6467865409088], [287.91974568086613, 725.8725534091176], [287.8221784862027, 725.8579703905255], [287.5485008962603, 725.6703685394333], [286.53561429762027, 726.0020756878121], [287.7508244066528, 724.4563618489273]]]}, "properties": {"OBJECTID_12": 438, "SETTLEMENT": "21023", "SETTL_NAME": "Abbeyfeale", "EAST": 511703.461479, "NORTH": 626434.747018, "GUID": "516D7B52-3DA2-4550-A74B-5722DB07BF34"}}, {"type": "Feature", "id": 439, "geometry": {"type": "Polygon", "coordinates": [[[392.39287012128534, 563.8796729107731], [392.71770653060696, 563.9135899025054], [392.76548349133867, 563.9508072836693], [391.5984778756736, 564.233788780626], [391.65522510080854, 564.3240638130528], [391.9601449254784, 564.3149259867974], [391.86038852092264, 564.4476875383635], [391.59517957523946, 564.5212280791416], [391.1230829351488, 564.3145729725643], [391.05357144125014, 564.3270528577955], [390.92143689643626, 564.078157089891], [391.14321464938985, 564.0020179935981], [392.39287012128534, 563.8796729107731]]]}, "properties": {"OBJECTID_12": 439, "SETTLEMENT": "28012", "SETTL_NAME": "Tullaghan", "EAST": 578716.576924, "NORTH": 857863.687809, "GUID": "4FCC0F11-1B13-45CA-8C14-F8704CD208FB"}}, {"type": "Feature", "id": 440, "geometry": {"type": "Polygon", "coordinates": [[[419.9102670853792, 601.3993447060453], [419.96491894132373, 601.458140240314], [420.1875305504352, 601.5191244007092], [420.08809179568533, 601.5576892195039], [419.9341458045365, 601.5283724449124], [419.77264683579733, 601.6260170092921], [420.4286039500224, 602.1346440982552], [420.49551108562775, 602.1620571333227], [420.3051344002699, 602.3146197527064], [419.09604790026987, 601.5773129925626], [419.53051440359576, 601.4005070914147], [419.7548528886667, 601.3530898433687], [419.9102670853792, 601.3993447060453]]]}, "properties": {"OBJECTID_12": 440, "SETTLEMENT": "28013", "SETTL_NAME": "Leitrim", "EAST": 595751.226, "NORTH": 804547.682256, "GUID": "22F0AD5D-BE25-448F-A47D-4D1EF5D43BBA"}}, {"type": "Feature", "id": 441, "geometry": {"type": "Polygon", "coordinates": [[[445.2040333341131, 618.9602621472827], [445.1195411858667, 618.9897817739954], [443.97567496475733, 619.7605225398133], [443.85064743768, 619.6116539889573], [443.6666575938368, 619.5724749556302], [443.4151301778955, 619.459791135194], [443.85958528754026, 619.4395988838987], [443.8249541941408, 619.26717699207], [443.9174807580448, 619.1506993912224], [444.064990877968, 619.1884606290096], [444.23627063585707, 619.1371641700725], [444.70507784803095, 619.0209029627681], [445.2040333341131, 618.9602621472827]]]}, "properties": {"OBJECTID_12": 441, "SETTLEMENT": "09008", "SETTL_NAME": "Newtownforbes", "EAST": 610913.774405, "NORTH": 779582.699785, "GUID": "692504C4-ECD9-4893-B494-D0A880AD4E52"}}, {"type": "Feature", "id": 442, "geometry": {"type": "Polygon", "coordinates": [[[446.530996891584, 630.2350791737503], [447.0498213943765, 630.2506056277368], [447.20326152796696, 630.4517596490028], [447.11086662082346, 630.6422104827242], [446.8964166828, 630.6873474307234], [447.1576108356896, 631.0185921946781], [447.28012169636054, 631.1183398469717], [446.25679096679573, 630.6852990400943], [445.72124717676695, 630.2888057138946], [445.8082280302048, 630.2582586338663], [445.7787217954816, 630.147800822251], [445.7259867802549, 630.1177688240666], [446.530996891584, 630.2350791737503]]]}, "properties": {"OBJECTID_12": 442, "SETTLEMENT": "09002", "SETTL_NAME": "Keenagh", "EAST": 612356.01642, "NORTH": 763552.602907, "GUID": "E3047948-389F-4F44-A3A5-B843AFAD496D"}}, {"type": "Feature", "id": 443, "geometry": {"type": "Polygon", "coordinates": [[[468.23237973924375, 623.809925567622], [468.1784224410347, 623.8810807928261], [468.35867146545496, 623.9915338710144], [468.6158698527157, 624.9622702266388], [467.4782230080821, 624.9831652045339], [467.3006084284608, 624.8563248840337], [467.84692820890984, 624.7820515005715], [467.4606614827712, 624.7585177465835], [467.2366316816448, 624.624372999922], [467.42881025099416, 624.3405040878857], [467.2420833929867, 624.212679497399], [467.3911684609365, 623.773548607984], [468.23237973924375, 623.809925567622]]]}, "properties": {"OBJECTID_12": 443, "SETTLEMENT": "09004", "SETTL_NAME": "Meathas Truim (Edgeworthstown)", "EAST": 625675.606796, "NORTH": 772271.270012, "GUID": "2441256A-9B49-459F-84EC-D0A02B8B2E78"}}, {"type": "Feature", "id": 444, "geometry": {"type": "Polygon", "coordinates": [[[450.32059381544747, 614.6549114341223], [452.1710633472256, 614.769714078422], [452.3045498456405, 615.3083901070046], [451.6500587257984, 615.429762668194], [450.3700002843648, 615.3490341917687], [450.42850973610985, 615.3783083708247], [451.0173588558304, 615.1769566051033], [450.97780283518506, 615.1562787706581], [451.0775344249952, 615.0971470872761], [450.4240852548085, 614.7956674141897], [450.123350417664, 614.7968429593614], [450.142731203824, 614.7503714120528], [450.32059381544747, 614.6549114341223]]]}, "properties": {"OBJECTID_12": 444, "SETTLEMENT": "09006", "SETTL_NAME": "Drumlish", "EAST": 615123.634532, "NORTH": 785528.979057, "GUID": "A0649134-6198-4AC8-A7A4-DA1957F4ABB7"}}, {"type": "Feature", "id": 445, "geometry": {"type": "Polygon", "coordinates": [[[450.5534427886037, 634.4041302913846], [452.4863316522496, 634.4957930607948], [452.6526312547648, 634.5637673445495], [452.76877548896425, 635.8884715221883], [452.3516986194816, 635.7450109498637], [452.2823153550464, 635.5052775548976], [451.6983467999403, 635.8028985481039], [451.6407251813109, 635.4663698957551], [450.0899802393675, 634.7408772836117], [450.0725194692779, 634.6441459484139], [449.8170174954261, 634.6453134909508], [450.26119169994774, 634.5507052624394], [450.5534427886037, 634.4041302913846]]]}, "properties": {"OBJECTID_12": 445, "SETTLEMENT": "09001", "SETTL_NAME": "Ballymahon", "EAST": 615541.424622, "NORTH": 756998.420027, "GUID": "3BCE88A2-9C02-41F8-954B-B672B2ED2922"}}, {"type": "Feature", "id": 446, "geometry": {"type": "Polygon", "coordinates": [[[396.43419055046616, 565.3318035272678], [396.3851077114464, 565.3665012003279], [396.4588892430336, 565.607625520017], [396.2661572145888, 565.7306167926171], [396.9237379707552, 565.9186828340577], [396.65320635382824, 566.4409729860707], [396.54864437058984, 566.4458916510235], [396.5622966069813, 566.5118610119679], [395.8648587991051, 565.7410912104558], [395.6014727300864, 565.4152044351541], [395.98071286186456, 565.4287003047857], [396.0230715878592, 565.373776339948], [396.43419055046616, 565.3318035272678]]]}, "properties": {"OBJECTID_12": 446, "SETTLEMENT": "28005", "SETTL_NAME": "Kinlough", "EAST": 581489.363739, "NORTH": 855462.726454, "GUID": "A28DEF4E-004C-475F-8CCF-37797C1FCC69"}}, {"type": "Feature", "id": 447, "geometry": {"type": "Polygon", "coordinates": [[[348.9262836112853, 705.9635213010197], [349.43692444085974, 706.237587384932], [349.086160825408, 706.2823226847552], [349.1080480644672, 706.3171484499065], [348.8694139571733, 706.4640667128388], [348.5657070435456, 706.4013986320124], [348.5267732362432, 706.3507512540717], [348.5517649574336, 706.2966972630627], [348.28218289040746, 706.2420350204725], [348.2428776997323, 706.1092035225762], [348.40107330617064, 706.0949184465892], [348.3381530239989, 706.0277941046159], [348.9262836112853, 705.9635213010197]]]}, "properties": {"OBJECTID_12": 447, "SETTLEMENT": "21042", "SETTL_NAME": "Clarina", "EAST": 550612.152205, "NORTH": 653911.154236, "GUID": "78844610-528F-4F52-A35B-337F096C9E96"}}, {"type": "Feature", "id": 448, "geometry": {"type": "Polygon", "coordinates": [[[373.1564912316032, 699.5623077908283], [373.73192240951573, 699.6498479673583], [374.57714976537176, 699.619906748964], [374.48294596282136, 699.8118530590484], [374.4663215661365, 699.7736111014206], [373.7557411745408, 700.0908836756954], [374.0025701763584, 699.977824756672], [374.1968688668448, 700.0163301539611], [374.4260677267616, 700.3489437757371], [374.1734391481067, 700.4270179919783], [373.8321842305717, 700.5903777562045], [373.47809922642773, 700.5810924052226], [373.1564912316032, 699.5623077908283]]]}, "properties": {"OBJECTID_12": 448, "SETTLEMENT": "21014", "SETTL_NAME": "Castleconnell", "EAST": 566172.448205, "NORTH": 662523.882807, "GUID": "86F69A35-2F1B-4CB4-8A1E-A93942B50CD0"}}, {"type": "Feature", "id": 449, "geometry": {"type": "Polygon", "coordinates": [[[376.393094745712, 708.7092891961195], [376.4283350570389, 709.0290781355587], [376.94015947099945, 709.0412184131086], [376.085337147936, 709.9603182755072], [376.1793292930037, 710.001771242204], [375.8090851777909, 710.0894432068645], [375.41874124315626, 709.9655732076742], [376.166082649808, 709.5820208517008], [376.08404718154344, 709.5500492932434], [375.52518722353176, 709.2019297968878], [375.66568325817815, 708.9282730882408], [376.0623787809216, 708.7560728091747], [376.393094745712, 708.7092891961195]]]}, "properties": {"OBJECTID_12": 449, "SETTLEMENT": "21012", "SETTL_NAME": "Caherconlish", "EAST": 567848.15879, "NORTH": 649010.726112, "GUID": "80F55F05-7FD8-4118-A285-BDA00256C4DD"}}, {"type": "Feature", "id": 450, "geometry": {"type": "Polygon", "coordinates": [[[518.4072923929781, 713.4920250352069], [517.6756507392938, 714.8789879229777], [515.8753745396683, 714.1007818848373], [515.7764502568202, 714.1370901563249], [515.8722525734155, 714.1868615803844], [516.7856795763498, 714.5659427599809], [517.1818572895306, 714.1243379943393], [517.2887752358528, 714.0658432330725], [516.731376219728, 714.07167550695], [516.5998235971509, 714.0324263123907], [516.7464044462464, 713.973318172155], [518.1688483882293, 713.7649463747506], [518.4072923929781, 713.4920250352069]]]}, "properties": {"OBJECTID_12": 450, "SETTLEMENT": "07016", "SETTL_NAME": "Thomastown", "EAST": 658274.05845, "NORTH": 642005.65128, "GUID": "EB357035-FB0F-4F52-BA83-D484C51B30A3"}}, {"type": "Feature", "id": 451, "geometry": {"type": "Polygon", "coordinates": [[[394.37299465730985, 582.6279323093479], [395.2204693130603, 583.0634018377727], [395.3323994711264, 582.914823061376], [395.51706870107415, 583.0152907986509], [395.4252268293664, 583.1356822957079], [395.4741308199947, 583.1894217443235], [395.4830730951211, 583.3154237103274], [395.54859243699735, 583.2855829899044], [395.71408995480107, 583.381320108962], [393.5266579527168, 582.859725426709], [394.0802553743029, 582.7662732415487], [394.1449294540832, 582.7417263850336], [394.37299465730985, 582.6279323093479]]]}, "properties": {"OBJECTID_12": 451, "SETTLEMENT": "28006", "SETTL_NAME": "Dromahair", "EAST": 580488.158254, "NORTH": 831307.267385, "GUID": "CDE76863-C206-4CBC-B701-147C2A7E4292"}}, {"type": "Feature", "id": 452, "geometry": {"type": "Polygon", "coordinates": [[[463.81772705959787, 602.3290539642921], [464.02770748405015, 602.4482908467847], [464.2890475079157, 602.577053616816], [464.4878027194432, 602.7539604671671], [465.0703203541515, 602.9566627174552], [464.9656173285643, 602.9910372899371], [464.11425974149336, 602.9967280190108], [463.5972642529643, 603.1326701319199], [463.4298074410528, 603.2413283400965], [463.22380710249814, 603.0890414732464], [464.08008413627306, 602.7530806341593], [463.92473075047576, 602.7572879368439], [463.81772705959787, 602.3290539642921]]]}, "properties": {"OBJECTID_12": 452, "SETTLEMENT": "28009", "SETTL_NAME": "Carrigallen", "EAST": 623132.175475, "NORTH": 803222.99031, "GUID": "EC52C9DF-2839-4F3C-B810-05F4F7870025"}}, {"type": "Feature", "id": 453, "geometry": {"type": "Polygon", "coordinates": [[[448.2746537163616, 596.4581866835522], [448.2691449989408, 596.6866276091533], [448.6717997753685, 596.54382849596], [448.9403613224896, 596.6254690315844], [449.26206990262295, 596.803823715959], [449.1445734474112, 596.8231977079702], [448.80414119593496, 597.4182479944102], [447.8270997630709, 597.1164850789064], [447.5434729132533, 597.0945920585987], [446.2569758027701, 597.2124000960724], [446.3325268175392, 597.2034771381774], [447.17249497034027, 596.550968348999], [448.2746537163616, 596.4581866835522]]]}, "properties": {"OBJECTID_12": 453, "SETTLEMENT": "28001", "SETTL_NAME": "Ballinamore", "EAST": 613104.235099, "NORTH": 811555.90952, "GUID": "2EEDF051-DEE1-4950-9711-9BF5F80C160A"}}, {"type": "Feature", "id": 454, "geometry": {"type": "Polygon", "coordinates": [[[304.0316498316032, 716.590256803169], [304.2064343430699, 716.6322883111065], [304.9841308475989, 716.6880648656254], [304.988705977536, 716.7297483295313], [304.5879571414357, 716.8954971694378], [304.4810626806059, 716.8680942103596], [304.3298137256032, 716.9767435150807], [303.6381592780224, 717.0521595341194], [303.6088948867808, 716.9705454411512], [303.23610165256, 716.8497989290589], [303.18013671964695, 716.8076996079188], [304.1279339805237, 716.6632442034373], [304.0316498316032, 716.590256803169]]]}, "properties": {"OBJECTID_12": 454, "SETTLEMENT": "21040", "SETTL_NAME": "Carrigkerry", "EAST": 521881.919953, "NORTH": 638574.43353, "GUID": "FCF8074E-6EFA-4089-9A41-AF85A49E9D7A"}}, {"type": "Feature", "id": 455, "geometry": {"type": "Polygon", "coordinates": [[[390.84039907400427, 707.5760055353028], [391.18028031853015, 708.1770210376483], [390.9326056900309, 708.026284623643], [391.0030358251061, 708.0238328159475], [390.5126325249504, 707.8273550645984], [390.40742564971094, 707.900086002518], [390.4818727443136, 707.9530175913512], [390.0999712361952, 707.819123262166], [389.8948944457003, 707.8660510495102], [389.5002400064288, 707.8644865807472], [389.93822085753175, 707.7280877855201], [390.16993868494615, 707.711432148687], [390.84039907400427, 707.5760055353028]]]}, "properties": {"OBJECTID_12": 455, "SETTLEMENT": "21013", "SETTL_NAME": "Cappamore", "EAST": 577085.825612, "NORTH": 651383.513662, "GUID": "26502F7E-E587-4154-AB8C-658886D42700"}}, {"type": "Feature", "id": 456, "geometry": {"type": "Polygon", "coordinates": [[[441.0431486219744, 606.8385966654392], [442.3105125687648, 607.3252786865062], [442.50563013129704, 607.5021151392793], [440.78608968060905, 607.6108119587674], [440.7160419124576, 607.4817362120333], [438.5604478120533, 607.2416519010366], [440.0942033455819, 607.2597577958147], [440.1633148534784, 607.0404749025151], [440.7004576744064, 607.0808176029514], [440.6430371247264, 606.860608643399], [440.79498217913067, 606.7834577010636], [441.0155166271616, 606.7593289953394], [441.0431486219744, 606.8385966654392]]]}, "properties": {"OBJECTID_12": 456, "SETTLEMENT": "28010", "SETTL_NAME": "Mohill", "EAST": 608666.378862, "NORTH": 796743.596144, "GUID": "F58A0E24-EBBE-4E0D-8A12-B7F2C2588300"}}, {"type": "Feature", "id": 457, "geometry": {"type": "Polygon", "coordinates": [[[501.06837916820587, 682.0717830093452], [501.1906855063403, 682.2136156979569], [501.10880550948906, 682.3539273608502], [501.37464987117653, 682.369960418777], [501.22617017400853, 682.5339096506917], [499.86600165266344, 682.3676667339748], [500.1387834530528, 682.2768198159549], [500.09783977009704, 682.2611913345936], [500.49124819441386, 682.0818116263816], [500.7475574563435, 682.1164057443646], [500.96105790408535, 681.8485494466323], [501.2055575717696, 681.8914098757303], [501.06837916820587, 682.0717830093452]]]}, "properties": {"OBJECTID_12": 457, "SETTLEMENT": "08016", "SETTL_NAME": "Ballyroan", "EAST": 646719.215686, "NORTH": 688844.756444, "GUID": "955209D1-7731-41AC-A230-0CBCD5939538"}}, {"type": "Feature", "id": 458, "geometry": {"type": "Polygon", "coordinates": [[[528.7729629714453, 682.3061534068593], [529.3952494266592, 682.3098623462602], [529.3126490510123, 682.3707143838947], [529.6230775463989, 682.4262100034716], [529.5504994311424, 682.5390898159649], [529.6786893935434, 682.5444712176924], [528.4415094046656, 683.0514269034749], [528.3099448753824, 683.0280006969552], [528.223254055647, 683.0851412385865], [527.9274681635947, 682.9162958855015], [528.5300709166326, 682.6555231949899], [528.4609446451765, 682.1657007457306], [528.7729629714453, 682.3061534068593]]]}, "properties": {"OBJECTID_12": 458, "SETTLEMENT": "08006", "SETTL_NAME": "Ballylinan", "EAST": 664306.539977, "NORTH": 688598.267861, "GUID": "8269D366-4B08-4A93-A813-B71B72D3D062"}}, {"type": "Feature", "id": 459, "geometry": {"type": "Polygon", "coordinates": [[[551.4679025053846, 674.5480042111051], [551.7836282548907, 674.6182281960205], [551.849317787264, 674.5327293474969], [552.2273811519061, 674.5836933454339], [552.0599056074848, 674.7312975441055], [551.7153203998091, 674.6789865073382], [551.5248658049514, 674.9090793819679], [551.0940809029835, 674.8347435505907], [551.3480154386614, 674.7152187206602], [550.922973043599, 674.5128804629103], [551.3741677453237, 674.5627417116923], [551.3522943170784, 674.4949139342281], [551.4679025053846, 674.5480042111051]]]}, "properties": {"OBJECTID_12": 459, "SETTLEMENT": "06044", "SETTL_NAME": "Narraghmore", "EAST": 678519.164741, "NORTH": 700385.234888, "GUID": "758F2D87-5750-4006-A847-AF42827E9DE0"}}, {"type": "Feature", "id": 460, "geometry": {"type": "Polygon", "coordinates": [[[500.4190363962784, 687.5768743374442], [500.6612435525408, 687.7519966042238], [500.7534247365515, 687.7881422606378], [500.83996322619095, 687.9044915631044], [501.6284245484885, 688.0352911792851], [500.70191568436695, 688.2702412544689], [500.6934222071797, 688.3252685160707], [500.4027526550613, 688.3221319620726], [499.66183789595306, 688.1444718999013], [499.5968495810912, 687.931028905548], [500.1777650217845, 687.5886077535203], [499.963393112224, 687.6049625123031], [500.4190363962784, 687.5768743374442]]]}, "properties": {"OBJECTID_12": 460, "SETTLEMENT": "08002", "SETTL_NAME": "Ballinakill", "EAST": 646622.32283, "NORTH": 680567.673274, "GUID": "57F36E2F-DC13-40BE-8BA5-4F0846AE9840"}}, {"type": "Feature", "id": 461, "geometry": {"type": "Polygon", "coordinates": [[[465.0853252169728, 682.8850949405675], [465.835341289296, 682.9440472650962], [465.77892729717547, 682.8307347232067], [466.0129773648736, 682.8370071033764], [467.0684819047733, 682.8485529747137], [466.0246079018432, 683.1108451815], [465.0954994943744, 683.610021783044], [464.9760890705472, 683.4128955109271], [464.78370844308904, 683.086615728903], [464.7997767948075, 683.0299267070637], [464.3459556294976, 683.0626989682968], [464.44668266203735, 682.9478334081931], [465.0853252169728, 682.8850949405675]]]}, "properties": {"OBJECTID_12": 461, "SETTLEMENT": "08013", "SETTL_NAME": "Borris-In-Ossory", "EAST": 624605.523034, "NORTH": 687605.548489, "GUID": "54D274A3-1E9F-4AEF-83AA-40F1DD4E1DF9"}}, {"type": "Feature", "id": 462, "geometry": {"type": "Polygon", "coordinates": [[[435.8349795109536, 611.854851878466], [435.7952235898421, 611.9008665526259], [436.0981298904128, 612.1612244103035], [436.1222339308352, 612.1934256374074], [436.15842551204054, 612.2956374281733], [435.4702643892875, 612.5753893312198], [435.40965655584426, 612.5497998356644], [434.76377941754345, 612.5515456329205], [434.7968162752032, 612.4748169295748], [434.72859567069224, 612.0229964194633], [434.70177014482135, 612.006855214895], [435.6397231619552, 611.8386472723419], [435.8349795109536, 611.854851878466]]]}, "properties": {"OBJECTID_12": 462, "SETTLEMENT": "28014", "SETTL_NAME": "Drumod", "EAST": 605297.350268, "NORTH": 789772.48617, "GUID": "B9D51511-8653-437B-82ED-8940849656A4"}}, {"type": "Feature", "id": 463, "geometry": {"type": "Polygon", "coordinates": [[[410.8446444473269, 587.4380152621264], [410.8536829327296, 587.4705736817095], [411.27255594624427, 587.7324182980386], [411.3335020831552, 587.7999108796394], [411.867522013088, 587.8181388806773], [411.82687313984746, 587.811977464038], [412.07852434030616, 588.0344895237664], [412.03893030679785, 588.1041672472943], [411.96703055707627, 588.1107775649851], [411.81355628689494, 588.2424350611209], [411.3393881613152, 588.1296832889165], [410.6131242284981, 587.4588046810471], [410.8446444473269, 587.4380152621264]]]}, "properties": {"OBJECTID_12": 463, "SETTLEMENT": "28007", "SETTL_NAME": "Drumkeeran", "EAST": 590605.16624, "NORTH": 824465.618741, "GUID": "A60364E7-9BA2-40B2-AE3B-B11E1AFAC071"}}, {"type": "Feature", "id": 464, "geometry": {"type": "Polygon", "coordinates": [[[573.814450236432, 660.1503373117952], [574.4360315945898, 660.151500784349], [574.424487835648, 660.3246798876378], [573.9674478886037, 660.6721445738016], [574.0425262003979, 660.9184520350266], [574.0604330166741, 660.9506058148368], [574.0203855456256, 660.9566217765997], [574.0604341753515, 660.9773180936776], [573.9700498143509, 660.9902961874238], [573.2416501801515, 660.5446720674146], [573.1876361643893, 660.3898482494999], [573.1197989543499, 660.3046594229485], [573.814450236432, 660.1503373117952]]]}, "properties": {"OBJECTID_12": 464, "SETTLEMENT": "06040", "SETTL_NAME": "Johnstown", "EAST": 692038.76357, "NORTH": 721171.130383, "GUID": "0C4F5820-1598-4411-A59C-659D40C4C8C9"}}, {"type": "Feature", "id": 465, "geometry": {"type": "Polygon", "coordinates": [[[566.1210808714774, 669.0669409428489], [566.1680249182943, 669.1293029973891], [566.0924563578762, 669.1398319370119], [566.6057217133579, 669.496109149106], [566.6270956636587, 669.5063658808656], [566.562104577856, 669.5372604552199], [566.5844845033824, 669.5529515424257], [566.0062992371819, 669.3979936066675], [565.9875837932949, 669.325758847297], [565.6719105671723, 669.3702875658436], [565.493276216928, 669.0829328122388], [565.9636312018507, 668.9358172893006], [566.1210808714774, 669.0669409428489]]]}, "properties": {"OBJECTID_12": 465, "SETTLEMENT": "06031", "SETTL_NAME": "Grangemore", "EAST": 687502.391365, "NORTH": 708485.67157, "GUID": "D7023CD3-06C7-406C-8C8B-37B6D892F10F"}}, {"type": "Feature", "id": 466, "geometry": {"type": "Polygon", "coordinates": [[[567.1724912184982, 655.08842011192], [566.7423647061152, 656.6920643393656], [566.6904399660043, 656.8361723655723], [566.2125547902112, 656.6676787070539], [566.0484969755712, 656.4892853190737], [566.1711297763221, 656.4888992260106], [566.3187954647616, 656.3041964733138], [565.0039555121878, 655.7257123574955], [564.7073912347179, 655.3864515487857], [565.7428608683701, 655.5249726731877], [565.8068105102965, 655.4617076716487], [566.0528089045397, 655.5899783198381], [567.1724912184982, 655.08842011192]]]}, "properties": {"OBJECTID_12": 466, "SETTLEMENT": "06008", "SETTL_NAME": "Clane", "EAST": 687412.728367, "NORTH": 727778.785038, "GUID": "8A60CA64-7816-4C82-9E9C-1E96C2769682"}}, {"type": "Feature", "id": 467, "geometry": {"type": "Polygon", "coordinates": [[[477.51443618406296, 666.6390889069703], [477.61106828954985, 666.6279179361987], [477.49890074672, 666.9614391397532], [477.8935868873344, 667.0837791461649], [479.0460770681664, 667.1095753774052], [479.070438712832, 667.0378972869971], [479.144689753904, 667.0386500563503], [479.5098304414496, 667.0858739520377], [478.57437950944, 667.3174014292575], [478.3317983848896, 667.2393797063012], [478.0135080620416, 667.2109833695719], [477.5583171908288, 666.5786693459668], [477.51443618406296, 666.6390889069703]]]}, "properties": {"OBJECTID_12": 467, "SETTLEMENT": "08008", "SETTL_NAME": "Clonaslee", "EAST": 632215.723606, "NORTH": 711006.699753, "GUID": "C5D74070-5821-49A8-9FCC-E2F269BEF785"}}, {"type": "Feature", "id": 468, "geometry": {"type": "Polygon", "coordinates": [[[480.10833081963307, 679.9443838326658], [481.52195271312, 680.2319875773732], [481.477280432016, 680.3429059429967], [481.4983236556245, 680.4429940745116], [481.3834462066037, 680.4514962705196], [480.63268897222827, 680.2646165355363], [480.27213389556584, 680.2832220412483], [480.2841887564779, 680.3726585252795], [479.6617456411296, 680.2233939047674], [479.89848896509545, 680.0199856670977], [479.8569361845856, 679.9576863865406], [480.0352204766656, 679.8590037902633], [480.10833081963307, 679.9443838326658]]]}, "properties": {"OBJECTID_12": 468, "SETTLEMENT": "08003", "SETTL_NAME": "Castletown", "EAST": 633962.735118, "NORTH": 691809.764631, "GUID": "3C49316C-E55A-4DC9-8322-4AC4D69BF76A"}}, {"type": "Feature", "id": 469, "geometry": {"type": "Polygon", "coordinates": [[[547.8052945409557, 662.418694233589], [548.6578813929386, 662.6325834766533], [549.8844259834176, 663.0455060314814], [550.0077732906539, 663.1028700944963], [550.536316606239, 663.0094895788177], [550.7590562228128, 663.2137737064079], [550.7875724790987, 663.3157791965951], [550.2247237028, 663.263884066695], [549.3471037978048, 663.0750980525575], [547.9684072476597, 662.6675422331584], [547.6619351444672, 662.5838384882435], [547.494480336703, 662.5257594011102], [547.8052945409557, 662.418694233589]]]}, "properties": {"OBJECTID_12": 469, "SETTLEMENT": "06028", "SETTL_NAME": "Milltown", "EAST": 676753.06745, "NORTH": 717438.874432, "GUID": "69ADC732-C5BC-4E83-B91F-A9D9D996483A"}}, {"type": "Feature", "id": 470, "geometry": {"type": "Polygon", "coordinates": [[[575.9444788190581, 648.0719872620692], [577.7216845299371, 648.6413452122493], [577.8388444258208, 648.7656699972606], [578.7153446479381, 649.103919690312], [579.119786487967, 649.249351346496], [577.9427162881792, 649.7318851603511], [578.0289416060309, 649.9145266046609], [578.5056088638474, 650.1578386477674], [578.0499407723328, 650.3111767997119], [575.1789630362091, 648.4684960163593], [575.93786631224, 648.3540065617792], [576.1223219753973, 648.3427021386639], [575.9444788190581, 648.0719872620692]]]}, "properties": {"OBJECTID_12": 470, "SETTLEMENT": "06011", "SETTL_NAME": "Maynooth", "EAST": 693610.116229, "NORTH": 737445.205573, "GUID": "98BECB75-1371-4C11-9B61-29A62240B76E"}}, {"type": "Feature", "id": 471, "geometry": {"type": "Polygon", "coordinates": [[[406.3650964486176, 765.4255197144954], [407.19057355930454, 765.489839545833], [407.1173672403413, 765.563007680706], [406.8549395754496, 765.6311565053003], [404.9109811119104, 765.7220398010111], [404.56069910494614, 765.7481212918863], [404.33705103686935, 766.3016258345565], [403.99231258515414, 766.2075488188003], [403.93309716735575, 766.1558328940886], [403.8125716611627, 766.0275438013936], [403.38230144551466, 765.829388134507], [403.0992594853984, 765.8582154352964], [406.3650964486176, 765.4255197144954]]]}, "properties": {"OBJECTID_12": 471, "SETTLEMENT": "18060", "SETTL_NAME": "Aghada-Farsid-Rostellan", "EAST": 585580.124642, "NORTH": 565431.229849, "GUID": "6B66F12A-8B99-46C1-93BC-D8F6787DC990"}}, {"type": "Feature", "id": 472, "geometry": {"type": "Polygon", "coordinates": [[[577.333872652705, 659.0636922016557], [577.3619438728053, 659.1615788919164], [577.9498829080715, 659.2068012266047], [576.9337975201397, 659.7479145314798], [576.8806583824193, 659.8282915340607], [576.6969963823936, 660.0214215068576], [576.373112410255, 660.0079598123763], [576.0127148436096, 660.0685914284577], [576.0068570187786, 659.9719087624438], [576.4471685395541, 659.7862206072463], [576.0971071626346, 659.5949645843933], [576.7357025461611, 659.0826334508959], [577.333872652705, 659.0636922016557]]]}, "properties": {"OBJECTID_12": 472, "SETTLEMENT": "06022", "SETTL_NAME": "Kill", "EAST": 693922.009227, "NORTH": 722636.90106, "GUID": "76835D3C-F756-411E-88CF-9CB87181A1F1"}}, {"type": "Feature", "id": 473, "geometry": {"type": "Polygon", "coordinates": [[[544.0741625708843, 665.3129434027344], [543.4657106258421, 666.595170754211], [542.7644137058966, 666.6191425110019], [542.763393383537, 666.6660552009486], [541.1260107914368, 666.0216000343439], [541.2629235933226, 665.8392678678579], [541.1859200633035, 665.829057055656], [541.2116280464778, 665.7932353456961], [542.5151763445525, 665.4255061464021], [542.5631405781141, 665.3331674725058], [543.7093641666336, 665.3132770148745], [543.8802845534634, 665.2844275962519], [544.0741625708843, 665.3129434027344]]]}, "properties": {"OBJECTID_12": 473, "SETTLEMENT": "06021", "SETTL_NAME": "Kildare", "EAST": 673209.990023, "NORTH": 712694.830211, "GUID": "6619200D-76E1-4A3B-9B70-D0A1446FD29E"}}, {"type": "Feature", "id": 474, "geometry": {"type": "Polygon", "coordinates": [[[561.7244144346741, 667.4763787817863], [561.568756092991, 668.351250393733], [560.4821038827595, 668.6351010344447], [560.0004681341195, 668.9654437938267], [560.8958407463499, 669.139327176251], [559.7096496734731, 669.1712570227608], [558.8091541234432, 668.4041061208201], [558.7660135498197, 668.3910316079574], [560.8439500429696, 668.1646689245234], [560.9348187523626, 668.072132822503], [560.7915645257259, 667.9843059865568], [560.9182654950752, 667.9700888048272], [561.7244144346741, 667.4763787817863]]]}, "properties": {"OBJECTID_12": 474, "SETTLEMENT": "06020", "SETTL_NAME": "Kilcullen", "EAST": 683863.207954, "NORTH": 709586.523038, "GUID": "D1CCEE73-EC9A-4E99-B65E-CDD8AA0B8A8F"}}, {"type": "Feature", "id": 475, "geometry": {"type": "Polygon", "coordinates": [[[568.9933098319594, 647.6155447031476], [569.4005475627285, 647.9792538269498], [569.3146032377163, 648.0385410382447], [568.8362747628021, 648.2057388260217], [569.003058898817, 648.2553450928735], [568.6548419879317, 648.4895342447993], [567.224005200064, 648.1777031228349], [567.0976055878368, 648.124403146486], [567.8288111060299, 647.7604128571668], [567.433564337455, 647.6276131970092], [567.4129392163574, 647.110998025779], [567.6618183964715, 647.1565109090941], [568.9933098319594, 647.6155447031476]]]}, "properties": {"OBJECTID_12": 475, "SETTLEMENT": "06009", "SETTL_NAME": "Kilcock", "EAST": 688272.680985, "NORTH": 739569.897548, "GUID": "881A7E79-D5DF-4655-B7E8-828B7C8715FD"}}, {"type": "Feature", "id": 476, "geometry": {"type": "Polygon", "coordinates": [[[353.8792023938816, 726.4608998768089], [355.60649372092587, 726.8574643234421], [354.8556482763157, 727.0651969274793], [354.45286689778027, 727.0759373461366], [354.45847033150613, 727.426573214256], [354.55071306519574, 727.7757683230245], [355.0788442237323, 727.9742914079341], [355.1714661101056, 728.2325095206596], [355.1594309661472, 728.1534223974451], [354.32781729599253, 728.1078906946638], [353.3084904595648, 727.9773108950407], [352.20824437992536, 727.1257786578612], [353.8792023938816, 726.4608998768089]]]}, "properties": {"OBJECTID_12": 476, "SETTLEMENT": "35027", "SETTL_NAME": "Rathluirc (Charleville)", "EAST": 553349.443865, "NORTH": 622838.151208, "GUID": "523DE28D-1899-4D73-BF45-2E1CC921A004"}}, {"type": "Feature", "id": 477, "geometry": {"type": "Polygon", "coordinates": [[[519.4512532892448, 676.6756280052884], [518.6679270759979, 677.488432179181], [518.952207067712, 677.4323352761182], [518.7957037379456, 677.5789265723491], [517.5442111147381, 677.5565994168793], [517.6135689512789, 677.5259450546166], [517.3353937763776, 677.4250004946477], [517.5005838431797, 677.3184052654157], [516.0435726299787, 677.0868659134347], [516.4719253070987, 676.8789764481342], [518.2194597605387, 676.9012705397116], [519.1590622579093, 676.5468059147684], [519.4512532892448, 676.6756280052884]]]}, "properties": {"OBJECTID_12": 477, "SETTLEMENT": "08007", "SETTL_NAME": "Stradbally", "EAST": 657522.577241, "NORTH": 696468.938813, "GUID": "B495A76D-CCF2-4255-AEBB-58CA7994A44E"}}, {"type": "Feature", "id": 478, "geometry": {"type": "Polygon", "coordinates": [[[469.4560078206645, 689.2623546485967], [471.50389099625704, 689.290591660274], [471.89830629504746, 689.4082831344825], [472.488291328976, 689.5471766584449], [471.5747680233013, 689.5497836820849], [471.64962514133333, 689.4933296945258], [471.3700018563883, 689.5500159065914], [471.35119336931734, 689.7358246996877], [471.42248385920215, 689.7609191585217], [471.27715656141976, 689.849549148074], [471.36569510333226, 689.8829071553986], [468.8538320775627, 689.3637999578496], [469.4560078206645, 689.2623546485967]]]}, "properties": {"OBJECTID_12": 478, "SETTLEMENT": "08005", "SETTL_NAME": "Rathdowney", "EAST": 627833.44562, "NORTH": 678196.621324, "GUID": "0E6C7E99-5FFD-4F92-AAD3-AA7674DB6978"}}, {"type": "Feature", "id": 479, "geometry": {"type": "Polygon", "coordinates": [[[483.4963872928608, 677.4102221823575], [483.523273199296, 678.0388066642713], [483.6131328919029, 678.2688038159467], [483.7837069148459, 678.3256508252477], [483.93961043610346, 678.756290963135], [483.6992384612917, 679.0707913571724], [482.4552361940757, 678.6216752788679], [482.37005463864745, 678.8947544732109], [482.0866285866539, 678.9378527217609], [482.1389373562688, 678.9964868444684], [481.8161647864032, 678.4578809938408], [482.2682470239445, 678.3913626798966], [483.4963872928608, 677.4102221823575]]]}, "properties": {"OBJECTID_12": 479, "SETTLEMENT": "08010", "SETTL_NAME": "Mountrath", "EAST": 635378.168394, "NORTH": 694496.883295, "GUID": "43B6C4A9-5DE3-4DFE-AD44-7B389232C442"}}, {"type": "Feature", "id": 480, "geometry": {"type": "Polygon", "coordinates": [[[510.0066894061141, 717.2595721882842], [510.13600571849173, 717.3185233551583], [510.30130657276055, 717.2774800615815], [510.24484969491095, 717.4725589309725], [510.22530112348585, 717.4457489888734], [510.10502171658027, 717.4511461234721], [510.0900807955968, 717.4341017770012], [509.82483198921705, 717.4376734285966], [509.95854636013974, 717.3858382719602], [509.8553817679637, 717.3439627270825], [509.87137179774504, 717.3367205044985], [509.8082464910837, 717.3044702421661], [510.0066894061141, 717.2595721882842]]]}, "properties": {"OBJECTID_12": 480, "SETTLEMENT": "07028", "SETTL_NAME": "Knocktopher", "EAST": 653142.239544, "NORTH": 637515.590957, "GUID": "27E58142-EA9F-4A70-8CF1-2DA4E9F5B073"}}, {"type": "Feature", "id": 481, "geometry": {"type": "Polygon", "coordinates": [[[525.6375582901899, 731.9233667021965], [526.9059042909845, 732.0927983734625], [525.9360022421632, 732.9697231292456], [525.7508618145056, 732.8614715040349], [525.5640234702773, 732.9233441632792], [525.3693162857855, 732.9093555280389], [525.2506545878709, 732.856602700764], [525.2847895566304, 732.83793607206], [525.7229890866688, 732.6147234025914], [525.4743750009546, 732.5941577958209], [525.3790427109845, 732.4661015918003], [525.4324744490784, 732.0270416307509], [525.6375582901899, 731.9233667021965]]]}, "properties": {"OBJECTID_12": 481, "SETTLEMENT": "07022", "SETTL_NAME": "Slieverue", "EAST": 663518.66398, "NORTH": 615445.564063, "GUID": "31A6634C-7520-4EF7-ADF0-843D0C143AA6"}}, {"type": "Feature", "id": 482, "geometry": {"type": "Polygon", "coordinates": [[[511.6913313059872, 718.5197337569211], [511.7090650209035, 718.551048026922], [512.1457907216619, 718.6878494530587], [512.180574694575, 718.7421253260097], [512.1194954165045, 718.9045841881771], [512.2735384890358, 718.9636216126007], [512.0810896188832, 718.998826039179], [512.2993149756832, 719.0835091536085], [512.1890709138837, 719.1019406254742], [512.2189190217622, 719.1142986505562], [512.154608586431, 719.1486856044002], [511.92366917482985, 719.0733305713884], [511.6913313059872, 718.5197337569211]]]}, "properties": {"OBJECTID_12": 482, "SETTLEMENT": "07029", "SETTL_NAME": "Ballyhale", "EAST": 654313.657751, "NORTH": 635387.735688, "GUID": "DA8EF000-129E-4022-95FB-538FC13776ED"}}, {"type": "Feature", "id": 483, "geometry": {"type": "Polygon", "coordinates": [[[508.91570012900695, 713.5108446938426], [508.96705509268264, 713.5284848010962], [509.0485691293408, 713.4901493206427], [509.142164637376, 713.5282291485922], [509.407926370496, 713.590043323796], [509.78415713429865, 713.8077154959216], [509.6145091060608, 713.8509837514464], [509.1265061830869, 713.798010182156], [508.97476689033067, 713.8120070511603], [508.1478522413184, 713.5715011933537], [508.4274613576288, 713.5116449254787], [508.50812218533974, 713.4100269746554], [508.91570012900695, 713.5108446938426]]]}, "properties": {"OBJECTID_12": 483, "SETTLEMENT": "07026", "SETTL_NAME": "Lawcus-Stoneyford", "EAST": 652278.557677, "NORTH": 643014.056546, "GUID": "8A5E6400-E8AC-4D0C-A8D4-39A7218580AF"}}, {"type": "Feature", "id": 484, "geometry": {"type": "Polygon", "coordinates": [[[498.36603624404376, 718.9721220475344], [498.42423231083734, 718.9727511537409], [498.7892590490336, 719.0741871520675], [498.8567542047648, 719.0408825956465], [498.827665190992, 719.2421488850264], [498.9727071941621, 719.2213335535046], [498.9557983523136, 719.3117505113589], [498.22935348932054, 719.4243447202333], [498.20747830208535, 719.3726799417143], [497.80949711181546, 719.4152659814044], [498.1717655903488, 719.2306241999011], [498.2615733367936, 719.0527642625731], [498.36603624404376, 718.9721220475344]]]}, "properties": {"OBJECTID_12": 484, "SETTLEMENT": "07002", "SETTL_NAME": "Kilmoganny", "EAST": 645687.863377, "NORTH": 634670.563043, "GUID": "956A9AA7-D01A-4E52-895D-DBE94B98CDB6"}}, {"type": "Feature", "id": 485, "geometry": {"type": "Polygon", "coordinates": [[[514.9737733802997, 729.5423668006689], [515.1365793786006, 729.5470121777636], [514.4893975055157, 730.727485729886], [513.8930717817099, 730.4423245763534], [513.7328622075306, 730.3400222860705], [513.6676846338262, 730.1430257998172], [513.2345965015104, 730.0742953070612], [513.4975931051787, 729.7049755064604], [513.556052741441, 729.7604042548542], [514.4674608510326, 729.62824936003], [514.5105717289674, 729.7582963820824], [514.7164792465536, 729.5489513576401], [514.9737733802997, 729.5423668006689]]]}, "properties": {"OBJECTID_12": 485, "SETTLEMENT": "07019", "SETTL_NAME": "Kilmacow", "EAST": 656077.294496, "NORTH": 618717.795172, "GUID": "7B9300E4-8288-4D39-A5EE-131EBFA6D7BC"}}, {"type": "Feature", "id": 486, "geometry": {"type": "Polygon", "coordinates": [[[504.2660364336853, 713.3009766282353], [504.3892501919605, 713.6595334503725], [503.77834110306134, 713.5800697858142], [504.0567018845824, 713.4310926109351], [503.77527553807147, 713.3420564686778], [503.6676549094528, 713.3385162732387], [503.5952031215712, 713.3939558602809], [503.2998507154912, 713.448427050877], [503.20658394904854, 713.4255128273398], [503.1920304449227, 713.4063860658084], [503.97552714495464, 713.3086723851592], [504.23683579531627, 713.2976871707549], [504.2660364336853, 713.3009766282353]]]}, "properties": {"OBJECTID_12": 486, "SETTLEMENT": "07025", "SETTL_NAME": "Kells", "EAST": 649188.446084, "NORTH": 643271.833053, "GUID": "C88C7AAC-5D6A-4563-857C-5BAD5647EE5B"}}, {"type": "Feature", "id": 487, "geometry": {"type": "Polygon", "coordinates": [[[474.46262389095574, 696.9857862243169], [474.133995596384, 697.5085533089793], [473.45065305066345, 697.8300479566213], [473.5558699847136, 697.704809420118], [473.3582725743179, 697.5018632126232], [472.9341545338635, 697.4300018568042], [472.9673695138656, 697.2975978486232], [472.96264688542504, 697.0656393046542], [473.3572711294336, 696.9568643669808], [473.5783773957504, 696.9970294030355], [473.4607163388704, 697.1227857699721], [473.6973992877504, 697.1542722816952], [474.46262389095574, 696.9857862243169]]]}, "properties": {"OBJECTID_12": 487, "SETTLEMENT": "07017", "SETTL_NAME": "Johnstown", "EAST": 629839.980879, "NORTH": 666642.995566, "GUID": "F1522EC1-2B04-4391-8FC3-EC2C1F0F90A8"}}, {"type": "Feature", "id": 488, "geometry": {"type": "Polygon", "coordinates": [[[526.5116773275637, 716.8559027765319], [526.4593841144821, 717.1599780650758], [526.5808839636522, 717.2357464316581], [526.1330895713696, 717.354380619834], [526.1089904880042, 717.4127221349046], [525.970458391744, 717.3293457520662], [525.8749465823979, 717.3322179171946], [525.734184009472, 717.1851190332002], [525.7757053867979, 717.003856815213], [526.3710812022549, 716.9256899151545], [526.234409687055, 716.8974308749173], [526.2732280211051, 716.8627531189437], [526.5116773275637, 716.8559027765319]]]}, "properties": {"OBJECTID_12": 488, "SETTLEMENT": "07015", "SETTL_NAME": "Inistioge", "EAST": 663333.569141, "NORTH": 637947.791657, "GUID": "D02D2332-0449-4B40-918C-A45F2F930E4E"}}, {"type": "Feature", "id": 489, "geometry": {"type": "Polygon", "coordinates": [[[526.3182587109259, 706.2347976542103], [526.22344484312, 706.2965810582427], [526.7102393932661, 706.515567735238], [526.4880508720906, 706.5773378726238], [526.3077486455488, 706.6860291791323], [525.7224494411658, 706.8161057558302], [525.4655158349824, 706.7542754705937], [525.0174616479733, 706.7068029039503], [524.9733769160022, 706.5590252639082], [525.0185504252918, 706.5564887537249], [524.895741970223, 706.3745979329879], [526.0365136275713, 706.316293300313], [526.3182587109259, 706.2347976542103]]]}, "properties": {"OBJECTID_12": 489, "SETTLEMENT": "07011", "SETTL_NAME": "Gowran", "EAST": 662995.86969, "NORTH": 653555.784899, "GUID": "48E02102-9F24-49A2-8278-44FD94AC36B1"}}, {"type": "Feature", "id": 490, "geometry": {"type": "Polygon", "coordinates": [[[533.944748818608, 706.2194991227823], [533.9765133327754, 706.2609061561773], [534.0470464348693, 706.2507098725813], [534.0761328433259, 706.285538774066], [534.2496294340789, 706.2571501029227], [534.6199463130155, 706.5892307151938], [533.3433467119498, 706.5645397425062], [533.3672608914187, 706.6008298613161], [533.2917758743765, 706.6108558144382], [533.1532821655477, 706.5773610408268], [533.8676127590742, 706.2619913746428], [533.8430894506666, 706.2330285405832], [533.944748818608, 706.2194991227823]]]}, "properties": {"OBJECTID_12": 490, "SETTLEMENT": "07013", "SETTL_NAME": "Goresbridge", "EAST": 668077.004871, "NORTH": 653707.130661, "GUID": "BFF971E7-8EF9-4693-BFCB-208ECB2F7DCC"}}, {"type": "Feature", "id": 491, "geometry": {"type": "Polygon", "coordinates": [[[485.0558952299861, 687.0571883594731], [485.46934681852696, 687.0997817798582], [485.4811813334272, 687.1348420958509], [485.69600355132906, 687.127535490211], [485.94195852448746, 687.2614654948082], [486.2638920063019, 687.2809071984466], [486.04596838413653, 687.464820343042], [486.0711967124245, 687.494291793392], [486.0481230488032, 687.5287366024137], [485.61197746937813, 687.7173782489169], [485.2878118560907, 687.5188061191035], [485.2605219972395, 687.1902384203813], [485.0558952299861, 687.0571883594731]]]}, "properties": {"OBJECTID_12": 491, "SETTLEMENT": "08018", "SETTL_NAME": "Ballycolla", "EAST": 637203.706204, "NORTH": 681403.011215, "GUID": "96439470-C8D9-43A9-AB96-293CEA286A94"}}, {"type": "Feature", "id": 492, "geometry": {"type": "Polygon", "coordinates": [[[549.0702266409141, 647.2726053007174], [549.9074165586709, 647.4631605960659], [549.7624714871274, 647.5380466816637], [549.1894110545824, 647.6065082343893], [549.1499448058421, 647.6152126789559], [548.7833595264981, 647.6920674535664], [548.538495651136, 647.6693328131397], [548.6612803707798, 647.7585529582026], [547.7118242945387, 647.6395774484821], [548.3009983597792, 647.5517081889637], [548.1407709558454, 647.4787864099762], [548.22861707264, 647.4412424589826], [549.0702266409141, 647.2726053007174]]]}, "properties": {"OBJECTID_12": 492, "SETTLEMENT": "06036", "SETTL_NAME": "Johnstownbridge", "EAST": 676113.834452, "NORTH": 739701.331062, "GUID": "D7EC7402-81AF-4FA8-9171-017C2EEF4097"}}, {"type": "Feature", "id": 493, "geometry": {"type": "Polygon", "coordinates": [[[490.8935799549237, 698.144920723774], [491.1388454820736, 698.3106015800792], [492.003167947424, 698.5004352161884], [492.0993817500139, 698.7090747272646], [492.23617243294615, 698.9339267259468], [491.7776509266016, 698.9184112715028], [491.2102917570624, 698.9128239666094], [490.00011803604696, 698.7639052173096], [489.36804898190616, 698.5854291864409], [489.7075933741632, 698.3321264180454], [490.5261180839051, 698.4085797720456], [490.62862344399787, 698.4065417264346], [490.8935799549237, 698.144920723774]]]}, "properties": {"OBJECTID_12": 493, "SETTLEMENT": "07010", "SETTL_NAME": "Freshford", "EAST": 640549.608969, "NORTH": 664926.376641, "GUID": "EB2967E1-246F-4A1F-BD24-5967C909606E"}}, {"type": "Feature", "id": 494, "geometry": {"type": "Polygon", "coordinates": [[[500.04961618318185, 729.0056007691051], [500.14424309392535, 729.0455321657091], [500.3570497778005, 728.993435177949], [500.3856455721536, 729.0049430618658], [500.4089146186059, 729.1617543232878], [499.7237427520597, 729.3542712771083], [499.6396481352971, 729.3105211855367], [499.2801575126005, 729.1051784401777], [499.505823448016, 729.0101442107217], [499.37877003547413, 728.8623071781394], [499.3640871426315, 728.8512863215577], [499.42457463560106, 728.8377780527333], [500.04961618318185, 729.0056007691051]]]}, "properties": {"OBJECTID_12": 494, "SETTLEMENT": "07027", "SETTL_NAME": "Fiddown", "EAST": 646753.389059, "NORTH": 620155.396259, "GUID": "A74BA002-E126-481A-9190-BC1D5031D67A"}}, {"type": "Feature", "id": 495, "geometry": {"type": "Polygon", "coordinates": [[[515.4892053828021, 687.892222615405], [515.6868073079605, 688.0117688551386], [515.8721715438048, 688.0929610343592], [516.6175509192778, 689.0391979732948], [515.741652571761, 689.2555441189298], [515.4154893559286, 689.2826439951965], [515.6569079759819, 689.0888055771707], [515.4074148292725, 689.029280690751], [515.5718352728544, 688.9293534018461], [515.6312708433877, 688.9139538685157], [515.3896716326965, 688.7170582751891], [515.3268084921109, 688.1508634490948], [515.4892053828021, 687.892222615405]]]}, "properties": {"OBJECTID_12": 495, "SETTLEMENT": "07006", "SETTL_NAME": "Clogh-Chatsworth", "EAST": 656191.56099, "NORTH": 679801.86593, "GUID": "CC8B74C0-D74A-4697-B798-14565C5ED49C"}}, {"type": "Feature", "id": 496, "geometry": {"type": "Polygon", "coordinates": [[[510.86285270848214, 692.6526473830634], [510.87475616626665, 692.7134937072148], [511.601850378832, 693.0306050963729], [510.89201933843947, 694.5148841756708], [510.84258776577707, 694.4561300359313], [510.7280106268736, 694.3717493227342], [510.77553606046934, 694.1958705947372], [510.0844519953461, 693.651054587301], [509.9697882904288, 693.4936491816696], [509.6185127858901, 693.2984611921995], [510.3978622282955, 692.9968682178862], [510.269494255968, 692.8629323159578], [510.86285270848214, 692.6526473830634]]]}, "properties": {"OBJECTID_12": 496, "SETTLEMENT": "07005", "SETTL_NAME": "Castlecomer-Donaguile", "EAST": 653150.080551, "NORTH": 672607.178707, "GUID": "693AD219-7581-4FFF-9FFF-A1651BCDBC6C"}}, {"type": "Feature", "id": 497, "geometry": {"type": "Polygon", "coordinates": [[[492.48004821372905, 711.7357661744048], [493.0486839519435, 711.8424535449873], [492.93989384933974, 711.9359225414821], [493.0309021830848, 712.2593687301285], [493.4042677076139, 712.2766413509825], [492.6607221243381, 712.5542693794582], [492.92636185310505, 712.7226146863969], [491.7266646389664, 713.4991881642211], [490.89810872408, 713.5457572951026], [490.7885267138165, 712.6479935820752], [491.66892263539415, 712.5352801497428], [491.87370026343575, 712.5615329572624], [492.48004821372905, 711.7357661744048]]]}, "properties": {"OBJECTID_12": 497, "SETTLEMENT": "07001", "SETTL_NAME": "Callan", "EAST": 641453.986774, "NORTH": 644038.805446, "GUID": "3B344D57-0120-4AAC-9859-DE7AAF65B0EF"}}, {"type": "Feature", "id": 498, "geometry": {"type": "Polygon", "coordinates": [[[513.283846880769, 708.9347961573903], [513.9760149887936, 709.0856004363869], [514.5395278124395, 709.1137933728106], [514.805537299583, 709.7866739665096], [514.6524053512576, 709.8006138019044], [514.7641170099744, 709.9252509079035], [514.5986857850016, 710.0162828577392], [513.9599365986954, 709.784349802552], [513.1228155421974, 709.5355476629436], [512.5022804891926, 709.527130779703], [512.5494401655606, 709.5100548855302], [513.1414313613856, 709.3329917220965], [513.283846880769, 708.9347961573903]]]}, "properties": {"OBJECTID_12": 498, "SETTLEMENT": "07012", "SETTL_NAME": "Bennettsbridge", "EAST": 655366.454426, "NORTH": 649188.943052, "GUID": "76C6CD68-1FAD-4075-A9D4-E7E525F9A3B7"}}, {"type": "Feature", "id": 499, "geometry": {"type": "Polygon", "coordinates": [[[517.7785192124651, 667.639674681065], [518.3807467204182, 667.7013235512619], [518.0984247654432, 667.883622668446], [517.8023507718048, 667.8698940946201], [517.778623587425, 668.1013530756444], [517.8014519960778, 668.3300896874778], [517.5654506694752, 668.485096212773], [517.2053422545238, 668.3172648984865], [516.812989482353, 667.8816832914533], [517.0537089313162, 667.9453686556448], [517.1363322795958, 667.8116486563222], [517.6858646887605, 667.6421117509855], [517.7785192124651, 667.639674681065]]]}, "properties": {"OBJECTID_12": 499, "SETTLEMENT": "08020", "SETTL_NAME": "Killenard", "EAST": 656958.614096, "NORTH": 709746.184754, "GUID": "5639A0C8-5BC7-4023-B7B9-C5F4CEF099F8"}}, {"type": "Feature", "id": 500, "geometry": {"type": "Polygon", "coordinates": [[[574.8491876192267, 654.156320630174], [575.5492042300214, 654.266332943705], [575.1461959757409, 654.5966376185212], [575.0097420380694, 654.6391942241831], [574.98717899568, 654.8572037491659], [574.5270280772266, 654.8608849151545], [574.1372268967178, 654.1659814700763], [574.1236214503969, 654.2240028474109], [573.8291148113824, 654.2020361734599], [573.8680120001248, 653.9726370786003], [573.3969011865898, 653.9083340086107], [574.6475055332746, 653.7609900250036], [574.8491876192267, 654.156320630174]]]}, "properties": {"OBJECTID_12": 500, "SETTLEMENT": "06012", "SETTL_NAME": "Straffan", "EAST": 692374.488072, "NORTH": 730199.422718, "GUID": "5783299D-1BE3-4A6F-A15F-67E6063EB4F4"}}, {"type": "Feature", "id": 501, "geometry": {"type": "Polygon", "coordinates": [[[552.2902160399755, 657.4502056985766], [553.3930371094741, 657.6893118249596], [553.3861112199808, 657.8135566578518], [553.2129670025579, 657.7631986763117], [553.0496184977899, 657.8642441055227], [552.9502399087702, 657.8841617391091], [552.5138786504704, 658.0048406908734], [552.1609000068811, 657.9626161160437], [552.4486116923083, 657.8693710118661], [551.6266832804054, 657.622783156665], [552.0557283980054, 657.4352124886266], [552.2617109009557, 657.4129689031138], [552.2902160399755, 657.4502056985766]]]}, "properties": {"OBJECTID_12": 501, "SETTLEMENT": "06025", "SETTL_NAME": "Robertstown", "EAST": 678715.813467, "NORTH": 725036.753238, "GUID": "E6F76C83-635F-4AF0-88EA-7D786EDEEB3C"}}, {"type": "Feature", "id": 502, "geometry": {"type": "Polygon", "coordinates": [[[535.8863388876725, 660.3129174829675], [536.0607386744769, 660.4022813229199], [535.4643005295925, 660.7466503647147], [534.6455785467936, 660.9347065863203], [534.6009597222358, 661.9322181310168], [534.1137705571947, 661.7690518820154], [534.0690720190591, 661.965742978673], [533.1421999727445, 661.9665991152948], [533.0742867412149, 661.7916810013205], [532.5810426147382, 661.5079874666055], [531.531621294465, 661.3845029133148], [534.1630093229088, 660.7456591416336], [535.8863388876725, 660.3129174829675]]]}, "properties": {"OBJECTID_12": 502, "SETTLEMENT": "06014", "SETTL_NAME": "Rathangan", "EAST": 667150.892288, "NORTH": 719602.767023, "GUID": "6A77BC92-1B1D-467B-A467-F84FEE202E64"}}, {"type": "Feature", "id": 503, "geometry": {"type": "Polygon", "coordinates": [[[460.9606878856, 688.91307584522], [460.9696050188704, 688.9465196931488], [461.061168817792, 688.9456141629158], [461.04906650594774, 689.1253983460294], [460.96241919460584, 689.2611149044398], [459.9656076889045, 689.4273918614415], [459.6805631718016, 689.2280108160136], [460.06219508428376, 689.194368656407], [459.93788612897384, 689.0942741476018], [460.8665470349312, 688.9739667633878], [460.8687528776544, 688.8788709241838], [460.86401177922454, 688.8543167979828], [460.9606878856, 688.91307584522]]]}, "properties": {"OBJECTID_12": 503, "SETTLEMENT": "08019", "SETTL_NAME": "Errill", "EAST": 621370.723488, "NORTH": 678667.495711, "GUID": "C6A89721-3893-4E96-A59E-1FF4DC19CEE4"}}, {"type": "Feature", "id": 504, "geometry": {"type": "Polygon", "coordinates": [[[497.411577270672, 694.0683367765176], [497.95996976964375, 694.6398152957705], [498.2850823085728, 694.7928852533138], [498.076086701024, 695.501524067835], [497.7097107771712, 695.3469753368324], [497.411735601248, 695.3539618684799], [497.4300063228896, 695.2035492884754], [497.2384160265835, 694.6879434617318], [496.6523305184299, 694.7187126641447], [496.8178244840864, 694.4981960552722], [496.90668965805975, 694.5688971639091], [497.4520562486101, 694.0000014145932], [497.411577270672, 694.0683367765176]]]}, "properties": {"OBJECTID_12": 504, "SETTLEMENT": "07004", "SETTL_NAME": "Ballyragget", "EAST": 644894.923262, "NORTH": 670755.160653, "GUID": "D6D866C4-E322-4476-8223-6758E80A23DE"}}, {"type": "Feature", "id": 505, "geometry": {"type": "Polygon", "coordinates": [[[497.9807985390827, 726.9017785519326], [498.25537266973015, 726.952862613728], [498.4312158439467, 727.1828684773764], [499.1892129537995, 727.8827526871349], [499.1333129293216, 727.9150323514137], [499.2639320720277, 727.9821765492061], [499.17475880162027, 728.2052127264295], [499.24343811948586, 728.1727599801804], [498.65669649595947, 728.0847493698942], [498.6191995420032, 727.9175164899424], [498.4359424205632, 727.8735664325991], [498.4847444525216, 727.8428819481887], [497.9807985390827, 726.9017785519326]]]}, "properties": {"OBJECTID_12": 505, "SETTLEMENT": "07003", "SETTL_NAME": "Piltown", "EAST": 645743.755955, "NORTH": 622368.141941, "GUID": "FB9C0556-7B11-4A59-91F5-2D69E39000F7"}}, {"type": "Feature", "id": 506, "geometry": {"type": "Polygon", "coordinates": [[[519.4886295771189, 669.9134605320985], [519.6124604921888, 670.016166304136], [519.4750717690486, 670.1194424466563], [519.3027201892213, 670.0695606635719], [518.4858344045995, 670.1545466966884], [518.3298751402325, 670.0801221822029], [518.3797716758314, 670.0460975329479], [518.3651368586624, 670.0408155854375], [518.5386600113984, 669.9027510610574], [518.8307721763573, 669.9113889115067], [518.9672782825205, 669.951862394328], [519.4428289627509, 669.8148289329325], [519.4886295771189, 669.9134605320985]]]}, "properties": {"OBJECTID_12": 506, "SETTLEMENT": "08021", "SETTL_NAME": "Ballybrittas", "EAST": 657967.783289, "NORTH": 706900.962027, "GUID": "623CD25C-ADB1-44D7-99B4-E85DE8DD4E47"}}, {"type": "Feature", "id": 507, "geometry": {"type": "Polygon", "coordinates": [[[530.0833419080427, 702.4451652986859], [530.1712548693258, 702.5477705010841], [531.5413908009472, 702.9772229205142], [531.1590915144853, 702.9219091511357], [530.9071299931659, 703.0429287085776], [530.9690979267115, 703.1418378653445], [530.7477711798527, 702.9331997790091], [530.0038663948033, 702.8673753676356], [530.0646306913025, 702.7921869009949], [529.4368970025536, 702.9002035672929], [529.9222780210474, 702.636232557564], [529.6885251339829, 702.4476586644338], [530.0833419080427, 702.4451652986859]]]}, "properties": {"OBJECTID_12": 507, "SETTLEMENT": "07024", "SETTL_NAME": "Paulstown", "EAST": 665837.389749, "NORTH": 659192.565243, "GUID": "C421749C-0B87-45EB-8F57-1EBCE6EB83F3"}}, {"type": "Feature", "id": 508, "geometry": {"type": "Polygon", "coordinates": [[[515.2039941450208, 725.9537759568615], [514.7866624217461, 726.5512127277248], [514.0896776731531, 726.5135620307386], [513.94324103448, 726.5276792610538], [513.8010741586187, 726.4905501829328], [514.1379795297547, 726.1495388572382], [514.1427860552053, 726.0488924956665], [514.7309749032502, 726.2539355339865], [514.7323147570635, 726.2045434586233], [515.0633561552469, 726.2005876621504], [514.9596046824352, 725.9509119193109], [515.0865658123392, 725.951146466912], [515.2039941450208, 725.9537759568615]]]}, "properties": {"OBJECTID_12": 508, "SETTLEMENT": "07021", "SETTL_NAME": "Mullinavat", "EAST": 656216.705234, "NORTH": 624394.117637, "GUID": "A029A0D9-2C29-423B-B5DB-485DB2F87291"}}, {"type": "Feature", "id": 509, "geometry": {"type": "Polygon", "coordinates": [[[510.15466964058453, 670.7361009349795], [510.7894236704277, 670.690952031892], [511.29866292380905, 671.1540092873441], [511.08457718643734, 671.1853256156588], [511.02851302949864, 671.120991904419], [510.84398367891094, 671.153469806572], [510.2531196224064, 671.5898532505358], [509.99533309258345, 671.7190809980686], [509.5336473076117, 671.1377073494874], [509.8094174602197, 671.0987288646793], [509.6799596554752, 670.94498097667], [510.2618411834123, 670.6926730267651], [510.15466964058453, 670.7361009349795]]]}, "properties": {"OBJECTID_12": 509, "SETTLEMENT": "08017", "SETTL_NAME": "Emo", "EAST": 652506.094628, "NORTH": 705154.061998, "GUID": "078870C3-92E8-43C5-8F7F-34DCBB127293"}}, {"type": "Feature", "id": 510, "geometry": {"type": "Polygon", "coordinates": [[[491.2914637447552, 689.6918037680887], [491.5371770373013, 689.8626879314656], [492.22095425760426, 689.818951926808], [492.6577350181344, 689.9210956149655], [491.7675305580587, 690.3454262289866], [492.1290725702069, 690.5916609429606], [491.36929678472745, 690.8502193256767], [491.27095254898984, 690.6954613218527], [490.66103544460054, 690.5570656983617], [490.4196693336704, 690.513021858807], [490.4519042068352, 690.60101289602], [490.0464874823765, 690.423243662364], [491.2914637447552, 689.6918037680887]]]}, "properties": {"OBJECTID_12": 510, "SETTLEMENT": "08004", "SETTL_NAME": "Durrow", "EAST": 640814.417353, "NORTH": 677220.954621, "GUID": "2D6C8764-8D24-40CD-9180-DEC0E11F3826"}}, {"type": "Feature", "id": 511, "geometry": {"type": "Polygon", "coordinates": [[[585.085088846513, 660.0900605150509], [584.9883982661718, 660.2144473724422], [585.0744278617216, 660.3194998946863], [584.0995379745899, 660.4654030801685], [583.4469002399552, 660.5629680532879], [583.7197863830144, 660.467720506798], [583.6349692071211, 660.4473884109447], [583.770835581024, 660.4457937369505], [583.9237675112107, 660.3617543630354], [584.035442856353, 660.189250255785], [584.229719432128, 660.2389434649399], [584.2797293815104, 660.1320148559439], [585.085088846513, 660.0900605150509]]]}, "properties": {"OBJECTID_12": 511, "SETTLEMENT": "06041", "SETTL_NAME": "Kilteel", "EAST": 698625.027325, "NORTH": 721608.367471, "GUID": "28268342-6245-4DB6-AB33-3D9A8115C9B2"}}, {"type": "Feature", "id": 512, "geometry": {"type": "Polygon", "coordinates": [[[304.2253018928789, 758.457452372872], [305.12554655300374, 758.5645280377207], [305.27917472101865, 758.6150809570742], [305.2977001636448, 758.6783665281846], [306.0766238196331, 758.8910558651814], [305.46276947139734, 758.872375340176], [305.482577670304, 758.8086417453568], [305.13602278391573, 758.7999141198472], [302.96487050761175, 758.3628631514467], [302.86863204794776, 758.0575925645322], [302.9411868922944, 758.0208594934335], [302.847621701744, 757.9874907779808], [304.2253018928789, 758.457452372872]]]}, "properties": {"OBJECTID_12": 512, "SETTLEMENT": "18048", "SETTL_NAME": "Baile Mhic Íre", "EAST": 521145.909643, "NORTH": 576802.767993, "GUID": "A2576257-DF26-4EE0-A7FF-65D7127D0B15"}}, {"type": "Feature", "id": 513, "geometry": {"type": "Polygon", "coordinates": [[[565.1026915377664, 686.9521017291376], [565.8076208813696, 687.1098506913208], [565.9648060595264, 687.0630435495106], [565.6311967234059, 687.6694028741869], [565.8435969408246, 687.835265611761], [565.6922322225952, 688.0252539403778], [564.9580985605664, 687.7976848653492], [565.2601243213685, 687.5882617160332], [565.3109900167659, 687.6214842610365], [564.5288442222326, 687.4003386632371], [564.2788645983819, 687.2355172821229], [564.5849444258272, 686.9894585978689], [565.1026915377664, 686.9521017291376]]]}, "properties": {"OBJECTID_12": 513, "SETTLEMENT": "01002", "SETTL_NAME": "Rathvilly", "EAST": 687573.870305, "NORTH": 681954.204459, "GUID": "D9F335F1-1F27-4117-AB80-8666671587D2"}}, {"type": "Feature", "id": 514, "geometry": {"type": "Polygon", "coordinates": [[[531.3044619493546, 674.829223971179], [531.6296031613568, 674.9973868746872], [532.0964273497771, 675.0429633627623], [531.7296453292181, 675.1883859722764], [531.5263356714197, 675.32679909146], [531.6774205797354, 675.4257494360469], [531.7966192209419, 675.6781778691197], [532.0203030900939, 676.0421642946648], [531.7008747530069, 676.068916059469], [530.7824179572672, 675.7527094083197], [531.0481619140064, 675.4265413179684], [531.2030507692117, 675.4077741921999], [531.3044619493546, 674.829223971179]]]}, "properties": {"OBJECTID_12": 514, "SETTLEMENT": "06004", "SETTL_NAME": "Kilberry", "EAST": 665857.594552, "NORTH": 699091.769829, "GUID": "E005B83D-2A98-407D-A17F-3D54CF86325A"}}, {"type": "Feature", "id": 515, "geometry": {"type": "Polygon", "coordinates": [[[294.8924473936832, 740.132782845043], [295.3050538492171, 740.1477705634359], [295.3291996788917, 740.2265409513504], [295.61226694873704, 740.1599245288628], [295.687287492288, 740.1805714219231], [295.63410673399255, 740.1982724259227], [295.6484831479723, 740.5074643180387], [295.5733474442667, 740.5384994124638], [295.6657858064768, 740.5799624660776], [295.52690914426773, 740.6922264804289], [295.24263686831574, 740.6251317005473], [294.6438432763168, 740.1377989104], [294.8924473936832, 740.132782845043]]]}, "properties": {"OBJECTID_12": 515, "SETTLEMENT": "18035", "SETTL_NAME": "Ballydesmond", "EAST": 515619.075603, "NORTH": 603885.276073, "GUID": "77A72E7E-2849-4932-B516-1DB4AEC7CD91"}}, {"type": "Feature", "id": 516, "geometry": {"type": "Polygon", "coordinates": [[[270.6214274077728, 786.2253664754521], [271.16490983391145, 786.4207886776123], [271.12874057042984, 786.4283437855453], [271.1485383344704, 786.4437983643238], [270.90044495494186, 786.6516492654952], [271.1949985783307, 786.7390549791294], [270.8788103089344, 786.7369302934079], [270.5682263238517, 786.6542116372783], [270.4492041966923, 786.6920218963709], [270.2299532618688, 786.6809936721188], [270.2817586812469, 786.6382011459528], [270.32484440112535, 786.2862420068826], [270.6214274077728, 786.2253664754521]]]}, "properties": {"OBJECTID_12": 516, "SETTLEMENT": "18078", "SETTL_NAME": "Ballydehob", "EAST": 498614.420499, "NORTH": 535296.781313, "GUID": "75397936-23B2-458B-94C4-EA7695CC5B11"}}, {"type": "Feature", "id": 517, "geometry": {"type": "Polygon", "coordinates": [[[424.20930580088856, 766.3768086378984], [426.5530920971733, 766.7515844921951], [426.5892943664096, 766.6723553963532], [426.6180116890784, 766.7155195548323], [425.68960150826024, 766.7899771125717], [424.1845542996085, 766.545829898674], [424.2540156151755, 766.5069181204238], [423.9561410775701, 766.4008127165527], [423.97655648783893, 766.3856450629977], [423.9110846131125, 766.3695268359157], [424.07723192928535, 766.322034641117], [424.2493339737557, 766.2879760536525], [424.20930580088856, 766.3768086378984]]]}, "properties": {"OBJECTID_12": 517, "SETTLEMENT": "18061", "SETTL_NAME": "Ballycotton", "EAST": 599164.732197, "NORTH": 564069.819107, "GUID": "C452012B-A09D-4016-BD49-FFD2513C6E68"}}, {"type": "Feature", "id": 518, "geometry": {"type": "Polygon", "coordinates": [[[347.2632431024427, 741.2874556859873], [347.3215346193472, 741.316496604936], [347.6162106863904, 741.139571907243], [348.07266809354985, 741.2687003972369], [348.23204442757975, 741.4319060135522], [347.97403930415254, 741.4686181312047], [347.67212561215786, 741.4358015358781], [347.57811625528427, 741.5672183386466], [347.25382388857815, 741.6242928821201], [347.2790887320203, 741.508544926514], [346.59450817867304, 741.2737225079541], [346.5458651557056, 741.0492172081101], [347.2632431024427, 741.2874556859873]]]}, "properties": {"OBJECTID_12": 518, "SETTLEMENT": "18052", "SETTL_NAME": "Ballyclogh", "EAST": 549142.309936, "NORTH": 602042.609354, "GUID": "80CCB2F8-F931-447C-9B6E-53A5FAFAC412"}}, {"type": "Feature", "id": 519, "geometry": {"type": "Polygon", "coordinates": [[[327.44852695939096, 772.9863250358734], [327.55316020400744, 773.1406556632691], [328.37427004888747, 773.147790856739], [324.8387351751616, 773.541704572682], [324.94965133807256, 773.5283094186998], [324.92517204039893, 773.4290730339212], [325.1688483925707, 773.5256025788026], [325.7462902235264, 773.4685574330546], [327.27467415948587, 773.3324432372665], [327.13931362416105, 773.1416515278441], [327.20933912388693, 773.061525378088], [327.2462562436512, 772.9581515756546], [327.44852695939096, 772.9863250358734]]]}, "properties": {"OBJECTID_12": 519, "SETTLEMENT": "18001", "SETTL_NAME": "Ballineen-Enniskean", "EAST": 535275.199089, "NORTH": 554344.309841, "GUID": "4779C0F8-6CE6-4A5F-A856-1A7F74C9BEB0"}}, {"type": "Feature", "id": 520, "geometry": {"type": "Polygon", "coordinates": [[[559.3626471650795, 655.480261267401], [559.951059106848, 655.9818830453569], [560.2161446562923, 656.4467030975935], [560.0080528446165, 656.5247166411003], [558.7186504708864, 656.7424643401134], [558.2900701338517, 656.6416401990685], [558.1024240077248, 656.6119640819244], [558.2185791581098, 656.5904852270584], [558.5217533210666, 656.3801935344077], [558.5029261418485, 656.3169094505907], [558.759248215009, 655.9684772889756], [559.3164389824192, 655.6306069692359], [559.3626471650795, 655.480261267401]]]}, "properties": {"OBJECTID_12": 520, "SETTLEMENT": "06024", "SETTL_NAME": "Prosperous", "EAST": 682978.470281, "NORTH": 727271.447424, "GUID": "32D79DEA-6D09-4A91-A3B7-7D034A8AFB9D"}}, {"type": "Feature", "id": 521, "geometry": {"type": "Polygon", "coordinates": [[[538.8833025909728, 670.9497601749415], [539.6201977490368, 671.215878353205], [539.402175193249, 671.2155367528145], [539.4456228154272, 671.3081805533976], [539.2080183585269, 671.3001863334532], [539.1575690450709, 671.3970696815279], [539.0252675703872, 671.3804910492903], [539.0558620823765, 671.4260469464185], [539.2222184626667, 671.4493225616376], [539.1331448053589, 671.5478073145191], [538.5968270964864, 671.4566007188778], [538.8108059102432, 670.8701122686638], [538.8833025909728, 670.9497601749415]]]}, "properties": {"OBJECTID_12": 521, "SETTLEMENT": "06032", "SETTL_NAME": "Nurney", "EAST": 670506.343644, "NORTH": 705366.18761, "GUID": "1F37A46F-5BB4-4FAD-BEE5-D6B0C5E9BC58"}}, {"type": "Feature", "id": 522, "geometry": {"type": "Polygon", "coordinates": [[[526.931796033648, 666.6128034950308], [527.5374831571627, 666.7135411519648], [528.8308641603649, 667.2698032445976], [528.730042325889, 667.4314001390422], [528.7636592340971, 667.5201806521078], [528.8017825040256, 667.9683111229599], [528.7356610085473, 668.1134376625118], [527.9207109985622, 668.26525360732], [525.6312469201376, 668.1658479696982], [525.4194340531445, 668.231812859793], [525.3687766797568, 668.267981948972], [526.2208954077653, 667.0450039671182], [526.931796033648, 666.6128034950308]]]}, "properties": {"OBJECTID_12": 522, "SETTLEMENT": "06005", "SETTL_NAME": "Monasterevan", "EAST": 663051.862667, "NORTH": 710481.576575, "GUID": "C4AC581D-BA53-4C28-8AF6-98BAB20E8534"}}, {"type": "Feature", "id": 523, "geometry": {"type": "Polygon", "coordinates": [[[532.2697104979306, 670.1393459542066], [532.5867486037365, 670.1883881568818], [532.3126821874389, 670.3838661542228], [532.2364250594219, 670.4122967937717], [532.0867442653547, 670.3991381548317], [532.0246065553258, 670.6119318399544], [531.627282064448, 670.4695465982326], [531.4222898107403, 670.4307548536937], [531.3068797916224, 670.3764126749494], [531.579118607552, 670.273232948918], [531.5654729634517, 670.2535376262715], [532.176520421008, 670.0867737125428], [532.2697104979306, 670.1393459542066]]]}, "properties": {"OBJECTID_12": 523, "SETTLEMENT": "06043", "SETTL_NAME": "Kildangan", "EAST": 666125.872469, "NORTH": 706534.787039, "GUID": "7BCD69B6-8EEF-4D87-A940-6B4ED36CA986"}}, {"type": "Feature", "id": 524, "geometry": {"type": "Polygon", "coordinates": [[[568.8427791643104, 658.6407819251265], [568.8491600847328, 658.6806477194665], [569.5860215821056, 658.7670176048941], [569.4887237372822, 658.8677029544226], [569.6693599924714, 658.89049350767], [569.5749163518848, 658.9965862754357], [570.0381638521962, 659.1554617274705], [569.3929966728256, 659.7817443744043], [569.0510652506111, 659.8824966794191], [568.4068226516928, 659.9604122854892], [568.1037055508416, 659.7648060507767], [568.5902281532245, 658.6883830900109], [568.8427791643104, 658.6407819251265]]]}, "properties": {"OBJECTID_12": 524, "SETTLEMENT": "06026", "SETTL_NAME": "Sallins", "EAST": 688984.710776, "NORTH": 722988.839353, "GUID": "EC0D9788-100E-4582-8C93-A59215DCC310"}}, {"type": "Feature", "id": 525, "geometry": {"type": "Polygon", "coordinates": [[[486.4167126639755, 516.3388212547227], [487.0058201974091, 516.4260430374584], [488.423886454192, 516.8396543686184], [488.3483992825056, 516.8684403276061], [488.9855681787573, 517.0654451019726], [488.9523840736064, 517.1860030601404], [487.76077150156055, 516.8704299791143], [487.5245213152896, 516.9220953400788], [487.16296424774293, 516.9510136377407], [486.4060966105995, 516.6542722903157], [486.3345979047115, 516.6083492362487], [485.8598995251168, 516.2386940228077], [486.4167126639755, 516.3388212547227]]]}, "properties": {"OBJECTID_12": 525, "SETTLEMENT": "33036", "SETTL_NAME": "Tievebane", "EAST": 636207.373562, "NORTH": 924318.535535, "GUID": "BBEE85D1-4DD2-48FC-9D92-DE123C9B1E3E"}}, {"type": "Feature", "id": 526, "geometry": {"type": "Polygon", "coordinates": [[[246.83744690491733, 727.5727484647551], [247.11745015599786, 727.7721146230701], [247.2119289796832, 727.7469237274569], [247.288445669632, 727.799929276374], [246.75927248029546, 727.9253307447328], [246.93102087902935, 728.1295266203706], [247.04886760771413, 728.2232906631912], [246.90976804134826, 728.240200581044], [246.976729461248, 728.314042980854], [246.72647204088, 728.1554125402515], [246.23537803083306, 728.0412698183867], [246.28809711568854, 727.8538140214526], [246.83744690491733, 727.5727484647551]]]}, "properties": {"OBJECTID_12": 526, "SETTLEMENT": "19026", "SETTL_NAME": "Abbeydorney", "EAST": 485052.981423, "NORTH": 622971.487689, "GUID": "26887208-F676-467A-9F34-9C2D82A18ACE"}}, {"type": "Feature", "id": 527, "geometry": {"type": "Polygon", "coordinates": [[[364.72483871818133, 626.1194749512546], [365.1939126163317, 626.2108090479239], [365.2201010526368, 626.347322908827], [365.0132708024448, 626.5111025357236], [364.88806266311894, 626.378272890811], [364.5150362772064, 626.340046406642], [364.50985409522985, 626.287372683223], [364.4428826406933, 626.2886095574797], [364.42315424060905, 626.2144907156211], [364.5411078072288, 626.2077683635985], [364.5302338922933, 626.1421114650326], [364.65433530056856, 626.1371889117684], [364.72483871818133, 626.1194749512546]]]}, "properties": {"OBJECTID_12": 527, "SETTLEMENT": "27038", "SETTL_NAME": "Williamstown", "EAST": 561736.033567, "NORTH": 769797.940425, "GUID": "B6BD5910-2661-4535-88CB-E2A2D9CFB30D"}}, {"type": "Feature", "id": 528, "geometry": {"type": "Polygon", "coordinates": [[[556.9845047889334, 666.3349544993143], [557.6332735115872, 666.489619918119], [557.4154452471307, 666.8726620190735], [557.0821613417877, 666.9549178700267], [556.458557764256, 666.803444076499], [556.4171816967861, 666.766151455492], [555.7651570356683, 666.8590923936309], [555.8168714715093, 667.0002930360106], [555.5801693386901, 666.7557021608716], [556.2884890687957, 666.6502714870742], [556.7306069063712, 666.6240610033257], [556.6960246824117, 666.5924177929098], [556.9845047889334, 666.3349544993143]]]}, "properties": {"OBJECTID_12": 528, "SETTLEMENT": "06042", "SETTL_NAME": "Athgarvan", "EAST": 681486.808579, "NORTH": 712002.879007, "GUID": "7EAF7179-87C9-461A-A8F6-F2D9B6EFE441"}}, {"type": "Feature", "id": 529, "geometry": {"type": "Polygon", "coordinates": [[[548.7298727945323, 669.679567329765], [548.6105238932203, 669.7907500897041], [548.6226469236459, 669.9067013780887], [548.3630075369898, 670.2751412984268], [547.9786342469856, 670.3423761643865], [547.488718509025, 670.4168043779971], [547.3757307199306, 670.0454440741886], [547.9593228600789, 669.879622571734], [548.2823732042112, 669.8423883032356], [548.3430756507914, 669.7322623640665], [548.1987754707093, 669.5958299578252], [548.5249334203029, 669.6090762087099], [548.7298727945323, 669.679567329765]]]}, "properties": {"OBJECTID_12": 529, "SETTLEMENT": "06027", "SETTL_NAME": "Suncroft", "EAST": 676267.282975, "NORTH": 707083.466068, "GUID": "B5553CCC-764F-460C-8224-1665E53B3CA9"}}, {"type": "Feature", "id": 530, "geometry": {"type": "Polygon", "coordinates": [[[290.94852082454184, 730.3690896877706], [290.94627617746664, 730.3979699947994], [291.909458757616, 730.4682341427114], [291.87625626502506, 730.501503911655], [291.94005608300375, 730.5147792720556], [291.9752311132843, 730.4816160066626], [292.2833649101813, 730.5805046124196], [292.0023345776075, 730.5523755348257], [291.33429603865386, 730.6121225171479], [291.0681592856512, 730.6444988342273], [291.0122418727499, 730.6468663269955], [290.7740972061003, 730.4963091084801], [290.94852082454184, 730.3690896877706]]]}, "properties": {"OBJECTID_12": 530, "SETTLEMENT": "19029", "SETTL_NAME": "Brosna", "EAST": 513504.342325, "NORTH": 618549.7542, "GUID": "3955FFC6-1E8A-4470-8E28-CF53C5F857B1"}}, {"type": "Feature", "id": 531, "geometry": {"type": "Polygon", "coordinates": [[[453.45455084846185, 532.3917834867854], [453.56853565171946, 532.3885866986479], [453.6720720884256, 532.3596305714419], [453.5703882386144, 532.4687726690833], [453.55175627135895, 532.4749575093438], [453.6006530844843, 532.5005202758265], [452.5971571738411, 532.6503453790593], [452.3763886509504, 532.5687292019413], [452.44664627425385, 532.5526468409098], [452.4194603395019, 532.5354670239482], [452.86387173077225, 532.5238936277194], [453.22545760225705, 532.276186336991], [453.45455084846185, 532.3917834867854]]]}, "properties": {"OBJECTID_12": 531, "SETTLEMENT": "33060", "SETTL_NAME": "Drumkeen", "EAST": 615908.901748, "NORTH": 902255.718584, "GUID": "F3CF5AF2-3EE9-4474-80BA-56E9322AC96E"}}, {"type": "Feature", "id": 532, "geometry": {"type": "Polygon", "coordinates": [[[330.71827980517014, 630.8267033601395], [330.7835219363552, 630.9761702303105], [330.7913135382155, 631.0214088407173], [330.91518182445225, 631.0597989105963], [330.79927799086505, 631.0630935119584], [331.13748676731944, 631.4225594221434], [330.8467338630976, 631.3496555720081], [330.91344269660055, 631.3244039874711], [330.73465597113176, 631.205935625564], [330.39127909370455, 631.1014746444162], [329.8859516569515, 630.859001524404], [330.6166688111264, 630.7975308239346], [330.71827980517014, 630.8267033601395]]]}, "properties": {"OBJECTID_12": 532, "SETTLEMENT": "27039", "SETTL_NAME": "Milltown", "EAST": 540346.849045, "NORTH": 763179.544437, "GUID": "758A89B4-D2CE-446F-98BB-D95880372A44"}}, {"type": "Feature", "id": 533, "geometry": {"type": "Polygon", "coordinates": [[[303.22792611079575, 658.3255831554796], [303.90055145002987, 658.7470198728203], [304.5858019253259, 659.2047686674914], [302.2366186598112, 659.3554184222494], [301.0564902431712, 659.419568502243], [301.0471866929376, 659.3536455786957], [301.13141903912214, 659.3369107400274], [300.8592502622464, 658.7313182557104], [301.2992390405632, 658.5496617996519], [302.0194494474667, 658.8651153751983], [303.3826983441323, 658.7266380812939], [303.14155887321385, 658.3929054179525], [303.22792611079575, 658.3255831554796]]]}, "properties": {"OBJECTID_12": 533, "SETTLEMENT": "27041", "SETTL_NAME": "Bearna", "EAST": 522407.038129, "NORTH": 723102.156317, "GUID": "9C942D6C-74F7-4DE6-8C32-B9D064178530"}}, {"type": "Feature", "id": 534, "geometry": {"type": "Polygon", "coordinates": [[[221.9985695675168, 647.6031424333972], [222.28161352247147, 648.2420528864559], [222.33760182546666, 648.3548669935591], [222.14710415104747, 648.3706214616753], [221.05627358774507, 648.3412692314567], [221.02996145714988, 648.2932453162439], [221.44318678523734, 648.1083872429675], [221.52668339310293, 648.1046585904895], [221.51707134879254, 648.0469594602102], [220.71912151296746, 648.0307149545604], [221.75514149728747, 647.6310093932138], [221.95910687297388, 647.4417668929844], [221.9985695675168, 647.6031424333972]]]}, "properties": {"OBJECTID_12": 534, "SETTLEMENT": "27004", "SETTL_NAME": "Roundstone", "EAST": 472105.527665, "NORTH": 740167.20611, "GUID": "162E711E-DAFA-424B-BF9F-03CAA1083079"}}, {"type": "Feature", "id": 535, "geometry": {"type": "Polygon", "coordinates": [[[403.41617931836373, 670.9993684602831], [405.49794078146346, 671.2398582316828], [404.0425572914709, 671.3501576813927], [403.889632123344, 671.5113674626152], [404.18939665813974, 671.7353971058549], [403.92946730966185, 671.6439770743218], [403.84606709171305, 671.6829721935691], [400.59234027694936, 671.5443888872865], [400.82758703303256, 671.3706320365018], [401.86393619084265, 671.2856898070364], [402.6645187004747, 670.8293333036437], [403.2839762717728, 670.8301402814943], [403.41617931836373, 670.9993684602831]]]}, "properties": {"OBJECTID_12": 535, "SETTLEMENT": "27024", "SETTL_NAME": "Portumna", "EAST": 585217.527472, "NORTH": 704750.64854, "GUID": "1E3C3ADE-6485-433D-8741-1989833EC359"}}, {"type": "Feature", "id": 536, "geometry": {"type": "Polygon", "coordinates": [[[286.44742984847574, 644.8630642268191], [286.8498895668096, 645.4767903830187], [284.89861928282664, 646.5071469767825], [285.1564364942496, 645.5984341575502], [284.2527317458112, 645.4751590438309], [284.7561368751723, 645.5162250236694], [284.9346173821621, 645.4960852836925], [284.52964006150825, 645.2801166661011], [284.95779833128535, 645.2800073011368], [285.3136564719392, 645.2236567873123], [285.44434037576104, 645.012032851091], [285.82167426737067, 645.0194555742095], [286.44742984847574, 644.8630642268191]]]}, "properties": {"OBJECTID_12": 536, "SETTLEMENT": "27021", "SETTL_NAME": "Oughterard", "EAST": 512106.963476, "NORTH": 742556.374155, "GUID": "5316686E-4A5F-4D6E-A449-593CA7F1ECB2"}}, {"type": "Feature", "id": 537, "geometry": {"type": "Polygon", "coordinates": [[[505.90855123802345, 731.5525663763401], [507.8645363130208, 731.9911358277244], [508.09297089829334, 732.0352437865886], [507.3817179503797, 732.2252640548795], [507.34738276125546, 732.1725641354652], [506.5419593579989, 732.3157223785327], [506.4003404952213, 732.1758582182348], [505.962793745376, 731.916917435526], [504.0200301767424, 732.3737923917198], [503.8374342242304, 732.2726844848415], [505.34698337353495, 731.7381711342555], [505.31645741021015, 731.5760545647879], [505.90855123802345, 731.5525663763401]]]}, "properties": {"OBJECTID_12": 537, "SETTLEMENT": "07020", "SETTL_NAME": "Mooncoin", "EAST": 650680.661462, "NORTH": 615893.907795, "GUID": "A202A7F9-76B7-46EB-999A-F961D4AAC3E2"}}, {"type": "Feature", "id": 538, "geometry": {"type": "Polygon", "coordinates": [[[516.3552574392417, 690.1220038958422], [517.5089696072736, 690.4797327428112], [517.3891897016448, 690.7263392480293], [515.6308597439861, 691.5905122065484], [515.2941689426432, 691.8736633365231], [514.594881888831, 691.876807070746], [514.6376020654986, 691.822555776526], [514.9937870414806, 691.1355754063019], [515.5567858319605, 690.9878378845493], [515.4835551679809, 690.8258907481712], [515.6974812549643, 690.7566536905789], [516.3398780803083, 690.4943587584135], [516.3552574392417, 690.1220038958422]]]}, "properties": {"OBJECTID_12": 538, "SETTLEMENT": "07007", "SETTL_NAME": "Moneenroe", "EAST": 656478.732208, "NORTH": 676252.015528, "GUID": "A3AA7637-B782-4257-9CD1-E319A42CFEE5"}}, {"type": "Feature", "id": 539, "geometry": {"type": "Polygon", "coordinates": [[[547.7891254677653, 667.3409368019484], [548.8993091687627, 667.5118006295944], [548.8588617740363, 667.5560414627762], [548.6636553918773, 667.5605506133485], [548.2290378545152, 667.5200614610632], [548.0116491353152, 667.5142293642659], [547.8613241324917, 667.4966160942737], [547.3765843462379, 667.4326727350833], [547.373824278496, 667.4544693932526], [547.3079402708576, 667.4510515726932], [547.3124911564768, 667.4251284671567], [547.3604506701942, 667.4270534983223], [547.7891254677653, 667.3409368019484]]]}, "properties": {"OBJECTID_12": 539, "SETTLEMENT": "06023", "SETTL_NAME": "Maddenstown", "EAST": 675996.615609, "NORTH": 710963.360157, "GUID": "01BDC940-74CE-4428-A964-3F50AE181B82"}}, {"type": "Feature", "id": 540, "geometry": {"type": "Polygon", "coordinates": [[[565.5852377601695, 665.0846994624292], [565.8927607660266, 665.6419529144516], [565.9821626926474, 665.6935888261124], [565.863416591311, 665.738581192655], [565.2901915232534, 665.4229768042145], [565.1221645373643, 665.4890790769947], [565.1892031546272, 665.5140606063057], [564.891059870207, 665.490574114101], [564.559328053407, 665.6623682193392], [563.7068164377312, 665.4257191116527], [564.5855562703584, 665.3490313092635], [564.5500105224288, 665.3296210594734], [565.5852377601695, 665.0846994624292]]]}, "properties": {"OBJECTID_12": 540, "SETTLEMENT": "06035", "SETTL_NAME": "Ladytown", "EAST": 686679.366659, "NORTH": 713968.049458, "GUID": "DAEDCAEC-AE55-41C6-B0F4-2B7050848C8E"}}, {"type": "Feature", "id": 541, "geometry": {"type": "Polygon", "coordinates": [[[416.0837975307509, 749.1897799448645], [416.10937638236265, 749.2193636645646], [416.2454982560096, 749.1977515053546], [416.509185731552, 749.336886043924], [416.45137230974933, 749.5929983473494], [416.15824594716054, 749.4796059299126], [415.92948882204695, 749.4411841890649], [415.96962562422505, 749.4740554238939], [415.821519364624, 749.507002631254], [415.81459886812587, 749.4351711775051], [415.87941830588267, 749.4159968484341], [415.846092088016, 749.393076358315], [416.0837975307509, 749.1897799448645]]]}, "properties": {"OBJECTID_12": 541, "SETTLEMENT": "18097", "SETTL_NAME": "Ballynoe", "EAST": 593284.474224, "NORTH": 589802.079007, "GUID": "B948E253-2B01-4F72-AD9F-6352AF9FCE2C"}}, {"type": "Feature", "id": 542, "geometry": {"type": "Polygon", "coordinates": [[[347.7762468127552, 762.669488825238], [348.01673365196905, 762.8350630113299], [348.1354773578069, 762.81416061396], [349.2078504222304, 763.4606190897952], [348.65761493180264, 763.5018781846845], [348.6292622876672, 763.6285063204363], [346.79678313253225, 763.5140520916025], [346.66378653397226, 763.3927931929211], [347.32124296693974, 763.2938689678751], [347.1249727515904, 763.2070460412265], [347.278356907968, 762.8339142364546], [347.64152281490135, 762.7775138248518], [347.7762468127552, 762.669488825238]]]}, "properties": {"OBJECTID_12": 542, "SETTLEMENT": "18050", "SETTL_NAME": "Farran", "EAST": 549130.103301, "NORTH": 569500.524593, "GUID": "93C1D6CC-F89B-4DD0-93D1-48C0F591E9FA"}}, {"type": "Feature", "id": 543, "geometry": {"type": "Polygon", "coordinates": [[[241.47837694283626, 722.491931977186], [241.7923343260544, 722.6240113727675], [242.12775098008214, 722.6613359761005], [242.36425519258134, 722.6313284120556], [242.40287545333226, 722.6826220380548], [241.96497289024853, 722.9685800605662], [241.89584707705066, 723.0594156898568], [241.72683206113814, 723.0415583742753], [241.65016849059307, 722.8831608775324], [240.74206956912533, 723.0345533753176], [240.51338615026452, 722.9532391316462], [241.41370249827628, 722.5101106419131], [241.47837694283626, 722.491931977186]]]}, "properties": {"OBJECTID_12": 543, "SETTLEMENT": "19021", "SETTL_NAME": "Causeway", "EAST": 482005.620579, "NORTH": 630650.946793, "GUID": "39550734-5EE0-425D-80AD-225B0B5094C5"}}, {"type": "Feature", "id": 544, "geometry": {"type": "Polygon", "coordinates": [[[375.8536451876267, 737.3845687908648], [376.0866918923339, 737.4041146914361], [376.0921884037771, 737.439051463537], [375.90836962707414, 737.47477938169], [376.0182545664107, 737.545596421379], [376.2285531972608, 737.5126329139649], [376.2581843736619, 737.5479847064147], [376.1297662627787, 737.6044436126325], [376.0140087076875, 737.6171302653362], [376.0180808990432, 737.697440567701], [375.929628510288, 737.6556717099451], [375.6729826372384, 737.345108406773], [375.8536451876267, 737.3845687908648]]]}, "properties": {"OBJECTID_12": 544, "SETTLEMENT": "18112", "SETTL_NAME": "Shanballymore", "EAST": 567513.196666, "NORTH": 607578.003574, "GUID": "D007739E-368F-4AA8-BA93-0170B8AA1A4B"}}, {"type": "Feature", "id": 545, "geometry": {"type": "Polygon", "coordinates": [[[331.2565024800651, 682.7495096285719], [331.1654512625568, 683.0291930037082], [331.2750722981941, 683.077201810954], [331.1014505628597, 683.3907539031753], [330.94170914993174, 683.2178577839466], [330.6037159371104, 683.1597398013571], [330.58326214390826, 683.1191634860268], [330.3523233148139, 683.0938423742961], [330.5143132409963, 683.0418309411041], [330.9118196838432, 683.0216266163173], [330.98098262957336, 682.9823541175857], [331.11011690679464, 682.8241557255966], [331.2565024800651, 682.7495096285719]]]}, "properties": {"OBJECTID_12": 545, "SETTLEMENT": "16036", "SETTL_NAME": "Crusheen", "EAST": 539763.462273, "NORTH": 687856.72929, "GUID": "8B76F8F6-D537-48E7-B129-17C9DBDDB8CB"}}, {"type": "Feature", "id": 546, "geometry": {"type": "Polygon", "coordinates": [[[384.58631478105707, 742.9383127930147], [384.5926942078923, 743.0007137283922], [384.6980531925984, 743.2527307985172], [384.14780774661546, 743.2933318884226], [384.05630520226345, 743.0967400281884], [384.09042669642025, 743.0780339979401], [384.09417085513815, 743.0477703680657], [384.03771145298026, 743.0455315920685], [384.04486071890136, 742.9978518339492], [383.8665836615947, 742.9862198246789], [383.873098279072, 742.951725763417], [384.59543453610024, 742.8889788315668], [384.58631478105707, 742.9383127930147]]]}, "properties": {"OBJECTID_12": 546, "SETTLEMENT": "18027", "SETTL_NAME": "Ballyhooly", "EAST": 572822.785729, "NORTH": 599354.908833, "GUID": "A77E9AD1-3521-435E-9067-FBEAB050D5E2"}}, {"type": "Feature", "id": 547, "geometry": {"type": "Polygon", "coordinates": [[[551.5938198489621, 668.6382930477628], [551.780058006928, 668.9370169622697], [551.6634597319488, 669.0519151464247], [551.767297459391, 669.0766178972845], [551.5964611111818, 669.2322369248812], [551.1275463263893, 669.2874435853572], [551.2399400258411, 669.1578006540464], [551.1175380027637, 669.1215292894951], [551.1491953763295, 669.0967396901177], [551.1177681611894, 669.0947026902145], [551.1166342649461, 668.94766274514], [550.9723657395573, 668.8023501915313], [551.5938198489621, 668.6382930477628]]]}, "properties": {"OBJECTID_12": 547, "SETTLEMENT": "06037", "SETTL_NAME": "Ballysax", "EAST": 678249.876652, "NORTH": 708685.632786, "GUID": "A9ED204E-B272-40DE-8B55-CF83C2BC7F77"}}, {"type": "Feature", "id": 548, "geometry": {"type": "Polygon", "coordinates": [[[395.5398776821739, 665.1084401735228], [395.92921828056427, 665.356439082273], [395.8597400429557, 665.5449259594706], [396.4109274080907, 665.4531178470492], [396.66562687572053, 665.5150941196385], [396.77665517547734, 665.7761415542665], [396.57025797367146, 665.9045559916899], [395.7005603571968, 665.9540295270348], [395.1571049995552, 665.6298269768391], [395.35671607834456, 665.039546994867], [395.34199170364053, 665.0103411772765], [395.48433081719253, 664.9870026329277], [395.5398776821739, 665.1084401735228]]]}, "properties": {"OBJECTID_12": 548, "SETTLEMENT": "27023", "SETTL_NAME": "Killimor", "EAST": 580673.498599, "NORTH": 712975.34037, "GUID": "60D34BE5-51C6-4877-ACE8-34FB5C7F2BA6"}}, {"type": "Feature", "id": 549, "geometry": {"type": "Polygon", "coordinates": [[[297.2243480641333, 747.0329153363152], [297.5893635796085, 747.1702408477818], [297.507017807664, 747.1842933535811], [298.1524689311552, 747.7058094078259], [298.23345815373546, 747.7658088757387], [297.9660765021632, 747.7373590127341], [297.0134022355936, 747.802134982144], [296.42398249296104, 747.6646858199999], [296.4399749644757, 747.762345705667], [296.12253183437224, 747.7610523086819], [296.17326838664, 747.6985725046848], [296.98991728552, 747.3116104908796], [297.2243480641333, 747.0329153363152]]]}, "properties": {"OBJECTID_12": 549, "SETTLEMENT": "19016", "SETTL_NAME": "Rathmore", "EAST": 516840.220238, "NORTH": 593209.679286, "GUID": "1C9C5BA1-2BB4-4FEA-B505-BA0B166B1CEF"}}, {"type": "Feature", "id": 550, "geometry": {"type": "Polygon", "coordinates": [[[269.7524233094848, 746.2816899700339], [270.21286005065707, 746.4422909040733], [270.3756258499008, 746.5036225915063], [270.38228361968, 746.5478305387395], [270.13804300985174, 746.5674447224574], [269.66415646991464, 746.6620288261723], [269.7064918028843, 746.7472831946116], [269.670786821344, 746.7514020673714], [269.0973410899019, 746.8594282564721], [269.2409579368939, 746.7409561681004], [269.3962852770219, 746.4265907734218], [269.426509983584, 746.3410266331739], [269.7524233094848, 746.2816899700339]]]}, "properties": {"OBJECTID_12": 550, "SETTLEMENT": "19034", "SETTL_NAME": "Kilcummin", "EAST": 499127.954953, "NORTH": 594936.980742, "GUID": "DA4636C5-A802-4357-A9E3-B2F2EF855777"}}, {"type": "Feature", "id": 551, "geometry": {"type": "Polygon", "coordinates": [[[340.8552433311552, 734.3448920312802], [341.2484411438144, 734.4232490878759], [341.9584721274304, 734.7998721076833], [341.8635513507744, 734.8383706460188], [341.92845163678186, 734.8632855450749], [341.3557127084565, 734.8368222127444], [341.1323225520341, 734.6189116722891], [341.08413949887256, 734.42751395329], [339.8277775684971, 734.4455870462288], [340.4416825990933, 734.2233182859792], [340.78177632928856, 734.2779639518742], [340.72815532127464, 734.3015344499634], [340.8552433311552, 734.3448920312802]]]}, "properties": {"OBJECTID_12": 551, "SETTLEMENT": "18057", "SETTL_NAME": "Liscarroll", "EAST": 545115.254813, "NORTH": 612252.883261, "GUID": "00391027-5A54-41D3-B683-3F8413F72A7A"}}, {"type": "Feature", "id": 552, "geometry": {"type": "Polygon", "coordinates": [[[390.34842795625707, 756.7488959973529], [390.88206382041176, 756.7972661078783], [390.6334995187701, 757.1464989327883], [390.35112352324904, 757.1298254780507], [390.3234999159883, 757.2111617129785], [390.2037813831104, 757.2110963250822], [390.22923743543896, 757.127301414128], [390.1607673975008, 757.1218984784056], [390.17910465555735, 757.0387310837762], [390.0045426052896, 756.9441001502413], [390.183192277024, 756.8574928866769], [390.1928531447979, 756.7299654578941], [390.34842795625707, 756.7488959973529]]]}, "properties": {"OBJECTID_12": 552, "SETTLEMENT": "18086", "SETTL_NAME": "Knockraha", "EAST": 576621.539584, "NORTH": 578595.374239, "GUID": "F92D46BF-DD08-4136-9AA5-DE032D2D2FF2"}}, {"type": "Feature", "id": 553, "geometry": {"type": "Polygon", "coordinates": [[[287.6925184482272, 659.1921088080362], [288.0498011347253, 659.2658674706105], [288.0482093893493, 659.3073109066765], [287.5987076355104, 659.3068776846603], [287.5988955607733, 659.4713214862827], [287.6354603765408, 659.5870368563342], [287.694495928336, 659.5917851283984], [287.71847204634025, 659.5521694626409], [287.82132553314347, 659.5585290359784], [287.8198708220448, 659.5240002205262], [287.49713566286295, 659.7228835791359], [287.72390291569064, 659.1531181492535], [287.6925184482272, 659.1921088080362]]]}, "properties": {"OBJECTID_12": 553, "SETTLEMENT": "27034", "SETTL_NAME": "An Spidéal", "EAST": 512939.776345, "NORTH": 722518.644813, "GUID": "A42EF9AD-955D-4851-A976-B01A8DBE1747"}}, {"type": "Feature", "id": 554, "geometry": {"type": "Polygon", "coordinates": [[[256.6301193724608, 656.6963598390823], [256.04234521969175, 657.6559105690945], [256.6919552881536, 658.3396441990145], [256.4082239530752, 658.4816857712639], [256.1732060341536, 658.4017098498581], [256.12401860197974, 658.3436229408759], [254.94659365858988, 658.5898460243977], [254.99969781778134, 658.9069126088955], [255.6255486491264, 657.6923026139333], [256.5141164391861, 656.6919582783861], [256.50717429376107, 656.656715850014], [256.6803249305024, 656.6483503558519], [256.6301193724608, 656.6963598390823]]]}, "properties": {"OBJECTID_12": 554, "SETTLEMENT": "27019", "SETTL_NAME": "An Cheathrú Rua", "EAST": 493066.509666, "NORTH": 725211.752425, "GUID": "7D2B1C2A-B07E-4FC2-92C2-9E03DA5F3024"}}, {"type": "Feature", "id": 555, "geometry": {"type": "Polygon", "coordinates": [[[396.8978023068512, 511.3259675885463], [397.62720414396375, 511.54421507768546], [397.4964305445536, 511.62825065511663], [397.8486603045792, 511.6427186651332], [397.7812346057077, 511.68449779954256], [397.95285166248, 511.718463265287], [397.81449550810987, 511.7761538840362], [398.0395712199701, 511.96871213757083], [397.8861915796928, 512.250177050065], [397.2512597237792, 512.8737647387759], [396.42423936120105, 512.9146381163881], [395.50345442724694, 512.4776506544374], [396.8978023068512, 511.3259675885463]]]}, "properties": {"OBJECTID_12": 555, "SETTLEMENT": "33055", "SETTL_NAME": "Bun Na Leaca", "EAST": 582104.997612, "NORTH": 930508.922505, "GUID": "5AD9EBD5-634B-48B1-AAD6-DFF037483AC4"}}, {"type": "Feature", "id": 556, "geometry": {"type": "Polygon", "coordinates": [[[395.2229073487552, 769.2153018284918], [394.9678833851616, 770.3470691688707], [392.7220208874219, 770.8900168564303], [392.64189549620056, 770.9027066093281], [392.27546089570666, 770.8104377484748], [393.0725157984331, 770.6012919264344], [394.2115778247851, 770.3791965625667], [394.33368190691624, 770.3474081230522], [394.76767675195094, 770.2030255240852], [394.0635378955701, 769.7057790253054], [394.2610714213952, 769.5816022735269], [393.9621584828907, 769.4530038103729], [395.2229073487552, 769.2153018284918]]]}, "properties": {"OBJECTID_12": 556, "SETTLEMENT": "18046", "SETTL_NAME": "Fountainstown", "EAST": 579233.964959, "NORTH": 559112.827907, "GUID": "1BFD7DA5-20A8-432C-BF57-9734558E8CBC"}}, {"type": "Feature", "id": 557, "geometry": {"type": "Polygon", "coordinates": [[[396.41725318253015, 768.0148865737704], [396.4930817192096, 769.3586360434658], [396.4178337806421, 769.3329558598821], [396.3273418068864, 769.1937877634188], [396.8526020016608, 768.9120807057234], [396.7860411835968, 768.721533752293], [394.76248047951145, 769.0705402330397], [394.4882914408171, 768.7609850813276], [394.4364196838123, 768.778024748423], [394.3392790366955, 768.6690984474254], [393.7053006216864, 768.7163310931509], [395.33222206749656, 768.4095085377953], [396.41725318253015, 768.0148865737704]]]}, "properties": {"OBJECTID_12": 557, "SETTLEMENT": "18045", "SETTL_NAME": "Crosshaven-Churchbay", "EAST": 579905.762394, "NORTH": 561012.28804, "GUID": "67689ECA-4FB7-42AD-BF70-715E8B3E89A5"}}, {"type": "Feature", "id": 558, "geometry": {"type": "Polygon", "coordinates": [[[352.2483266339499, 780.9423449720937], [352.27843080492266, 781.1784837772426], [351.84134508096855, 781.4907047894038], [351.86409051240213, 781.5167890741826], [351.7649361602496, 781.5306754487722], [351.81448891941227, 781.5741589767346], [351.29262154918615, 781.4274917792554], [351.3573625516299, 781.3440827656445], [351.4087703616672, 781.2296188013257], [350.9217804569568, 781.1602615510917], [350.5256029617173, 781.0502606521374], [349.5116413514197, 781.0398428549815], [352.2483266339499, 780.9423449720937]]]}, "properties": {"OBJECTID_12": 558, "SETTLEMENT": "18010", "SETTL_NAME": "Courtmacsherry", "EAST": 551181.41034, "NORTH": 542525.474415, "GUID": "CD69B743-B9A8-45E7-8242-5938572853FA"}}, {"type": "Feature", "id": 559, "geometry": {"type": "Polygon", "coordinates": [[[339.5921713375584, 701.1381154320177], [339.70831999340055, 701.1710856169251], [339.84744519907093, 701.1206061237826], [340.1222893267915, 701.2489321844555], [340.1648791713344, 701.2475724745191], [339.8748541282144, 701.5596081420174], [339.4363221158645, 701.4085298038252], [339.39054062252904, 701.3967798189925], [339.0726518695232, 701.4377421966464], [339.1728856573685, 701.2347904330489], [339.27625188016856, 701.2402467890697], [339.4899333513216, 701.1204409177664], [339.5921713375584, 701.1381154320177]]]}, "properties": {"OBJECTID_12": 559, "SETTLEMENT": "16038", "SETTL_NAME": "Bunratty", "EAST": 544892.0284, "NORTH": 661103.132059, "GUID": "DC1525CA-8628-4A69-BE2B-9E0EE8BA228B"}}, {"type": "Feature", "id": 560, "geometry": {"type": "Polygon", "coordinates": [[[557.8001949668992, 697.6867826792969], [558.461759520496, 698.4076412469695], [558.473753706241, 698.5200399960395], [558.6824720322346, 698.6476103865634], [557.6500012085322, 698.6492005983062], [557.8358348194143, 698.6137028549433], [556.3623292259755, 698.3319627559715], [556.6294105979136, 698.043166471608], [557.4211074039755, 698.1028685096697], [557.5190039475594, 697.9631207868764], [557.4380183449045, 697.7144260524552], [557.64117530136, 697.6271943396838], [557.8001949668992, 697.6867826792969]]]}, "properties": {"OBJECTID_12": 560, "SETTLEMENT": "01012", "SETTL_NAME": "Ballon", "EAST": 682818.567582, "NORTH": 666064.006557, "GUID": "BBD5225E-5B71-41A7-AAFC-55429920F728"}}, {"type": "Feature", "id": 561, "geometry": {"type": "Polygon", "coordinates": [[[341.62931002323734, 603.3796161233383], [341.9665096128203, 603.8397260019399], [343.30608834917655, 603.9237494673808], [343.35771969234986, 604.0160880530027], [343.4773590941792, 604.1194213454005], [342.73545606679465, 604.088893338687], [342.4633278842741, 604.2102939137452], [342.2775001798784, 604.0648303656241], [341.1458773735136, 604.238856185013], [341.0221651155488, 604.2903653791958], [340.6170247758208, 604.2027144606358], [340.62451635684585, 603.927230847197], [341.62931002323734, 603.3796161233383]]]}, "properties": {"OBJECTID_12": 561, "SETTLEMENT": "35023", "SETTL_NAME": "Charlestown-Bellahy", "EAST": 547756.967635, "NORTH": 801834.541902, "GUID": "C5FBDF82-9018-4515-A4D9-4F70245012B2"}}, {"type": "Feature", "id": 562, "geometry": {"type": "Polygon", "coordinates": [[[359.7871514671776, 548.9036020574157], [359.6318477206261, 549.4586521353068], [359.1211228696811, 549.3769650496421], [358.66071629887466, 549.5422007625524], [358.0261516306496, 549.4356061166014], [357.9767190142549, 549.3605843098753], [357.93271331374933, 549.4541669341593], [357.8359633524, 549.4449784906459], [357.9280385349888, 549.3277148626821], [357.8497262311008, 549.2827595734979], [358.2226872912597, 549.2474962154703], [359.26478925653225, 548.6585905003269], [359.7871514671776, 548.9036020574157]]]}, "properties": {"OBJECTID_12": 562, "SETTLEMENT": "33017", "SETTL_NAME": "An Charraig", "EAST": 559061.989612, "NORTH": 879137.390195, "GUID": "73D63838-0908-454B-815A-2E09AB311504"}}, {"type": "Feature", "id": 563, "geometry": {"type": "Polygon", "coordinates": [[[609.8121369249643, 633.1205533142479], [609.6591732156778, 633.5285295271431], [609.7650499976885, 633.8210547365414], [609.8984668298943, 634.0897999811631], [609.9132159725131, 634.1999355927222], [609.5850866555126, 634.1031337602748], [609.664333839231, 634.0861647812777], [609.2711612523509, 633.5785922049695], [608.7934081408395, 633.4684120979861], [608.8537575586442, 633.4696084978514], [608.9091813067712, 633.2650729442843], [609.6578463776885, 633.0627002111369], [609.8121369249643, 633.1205533142479]]]}, "properties": {"OBJECTID_12": 563, "SETTLEMENT": "04017", "SETTL_NAME": "Naul", "EAST": 713485.915772, "NORTH": 760459.429092, "GUID": "914DDDCE-C7C6-47D2-A383-ED8150191FC1"}}, {"type": "Feature", "id": 564, "geometry": {"type": "Polygon", "coordinates": [[[382.0985270359232, 749.9327425943912], [381.55111627398827, 750.3020683787831], [381.988434193536, 750.3304202591532], [381.69487336653015, 750.4547492903093], [381.6455118838837, 750.5376131867798], [381.44336964421547, 750.5475937347219], [381.36656367717336, 750.6976844723321], [381.6271821706624, 750.7401613496652], [380.9855997628213, 750.8196459565332], [381.13395133977065, 750.5011045906857], [381.3201781427168, 750.2514026241265], [381.5440856423776, 750.0916488906405], [382.0985270359232, 749.9327425943912]]]}, "properties": {"OBJECTID_12": 564, "SETTLEMENT": "18095", "SETTL_NAME": "Glenville", "EAST": 570964.763257, "NORTH": 588290.638, "GUID": "13592D05-2A02-47D9-B730-2F9BE2DF79D3"}}, {"type": "Feature", "id": 565, "geometry": {"type": "Polygon", "coordinates": [[[409.52932411032106, 763.6358904241438], [409.1678274368416, 764.0955958611555], [409.0437446609237, 764.105102352508], [408.9444238199115, 764.1065660122172], [408.95361208297385, 764.1344225263388], [409.3810877702101, 763.9332831319183], [409.4490169010955, 763.7797294000175], [409.01864149997334, 763.7095542974845], [409.2793350587584, 763.6716266513923], [409.3051361945952, 763.642325132073], [409.4099181494624, 763.661473370645], [409.60193095754664, 763.5340986060071], [409.52932411032106, 763.6358904241438]]]}, "properties": {"OBJECTID_12": 565, "SETTLEMENT": "18100", "SETTL_NAME": "Saleen", "EAST": 588743.601108, "NORTH": 568178.655132, "GUID": "7224DC46-D154-45D7-940F-997DCBCEB86B"}}, {"type": "Feature", "id": 566, "geometry": {"type": "Polygon", "coordinates": [[[351.42258248865386, 649.2720421711324], [352.2232511633899, 649.6313158279786], [352.1055379204043, 649.6393662328344], [352.0579755601344, 649.7706486129701], [352.0602947694464, 649.8236861234974], [352.3093083344032, 650.0039459429493], [352.20153763872105, 649.9695913266927], [352.15500135457705, 650.0092509947998], [352.0403812011829, 650.1942547237064], [351.87502286394664, 650.1472568720856], [351.51631729018345, 649.9362507411583], [351.2796476818517, 649.8443364823663], [351.42258248865386, 649.2720421711324]]]}, "properties": {"OBJECTID_12": 566, "SETTLEMENT": "27027", "SETTL_NAME": "Monivea", "EAST": 553109.229297, "NORTH": 736226.713529, "GUID": "517311B6-B7E6-46E1-BE66-BE74AB1393A2"}}, {"type": "Feature", "id": 567, "geometry": {"type": "Polygon", "coordinates": [[[279.521887340224, 710.7330376897518], [280.7255540247872, 710.7831537923893], [281.9537422658688, 711.168480498323], [280.52588695897066, 711.0010019986266], [280.35567807334616, 711.0344417545945], [280.12709844626454, 711.287784935574], [279.9408495528821, 711.3508476459867], [279.69698130591786, 711.3457970799606], [279.7315425295456, 711.2827375670847], [279.5285959095403, 711.2583445841437], [279.69845699088, 711.1570434901417], [279.8009178306176, 711.1773567408617], [279.521887340224, 710.7330376897518]]]}, "properties": {"OBJECTID_12": 567, "SETTLEMENT": "19024", "SETTL_NAME": "Tarbert", "EAST": 506745.507302, "NORTH": 647576.983158, "GUID": "078A7805-640C-460C-B700-7482E1507A51"}}, {"type": "Feature", "id": 568, "geometry": {"type": "Polygon", "coordinates": [[[238.9095559363392, 732.7017080353484], [237.50319524389226, 733.2409885622495], [237.32200040226667, 733.2020378835543], [237.4014450143264, 733.1074781289213], [234.88335089348053, 733.4326625636148], [234.62532985192215, 733.3285397218468], [234.43891277338133, 733.0800439593935], [234.2470431150656, 733.1015006571048], [236.6695858156448, 733.0604150694053], [237.7400840856896, 732.8784346085298], [237.68158757647572, 732.8329033682784], [238.155643061632, 732.7748120122573], [238.9095559363392, 732.7017080353484]]]}, "properties": {"OBJECTID_12": 568, "SETTLEMENT": "19032", "SETTL_NAME": "Spa", "EAST": 478191.546697, "NORTH": 615463.482826, "GUID": "BE8ED95A-38FF-4191-B674-57BB5130AF81"}}, {"type": "Feature", "id": 569, "geometry": {"type": "Polygon", "coordinates": [[[614.9753435678666, 641.8897910880729], [618.8620876569653, 643.7971971571108], [615.869144377264, 644.4915901867928], [613.6882417520586, 644.4230347802206], [613.1605106957717, 644.4146261520102], [612.7576362314358, 643.9619848603667], [612.4152653185611, 643.9897857814466], [612.0894369164117, 643.9866578190272], [611.4141794310901, 643.3975736097314], [613.7628909140128, 642.0744927620857], [613.7626896319989, 641.9972109062529], [613.9556785329867, 641.8481979787188], [614.9753435678666, 641.8897910880729]]]}, "properties": {"OBJECTID_12": 569, "SETTLEMENT": "04014", "SETTL_NAME": "Swords", "EAST": 717496.369117, "NORTH": 746722.303738, "GUID": "2B32F09A-1EA9-40C7-8EB5-9709E33C2983"}}, {"type": "Feature", "id": 570, "geometry": {"type": "Polygon", "coordinates": [[[624.9138756588928, 633.2612512030762], [624.9955146538218, 633.3172929064443], [625.1935798377344, 633.3147303212463], [625.229281460576, 633.269514282545], [629.1472429904213, 633.318400792621], [628.6260191192117, 635.4721588583894], [628.7851075061856, 635.1502649518376], [625.0057297037984, 633.4228479392891], [624.9813310785664, 633.3450909096615], [624.9212514693738, 633.3318578851215], [624.9563000104331, 633.2717431423365], [624.7265395100928, 633.2388676606405], [624.9138756588928, 633.2612512030762]]]}, "properties": {"OBJECTID_12": 570, "SETTLEMENT": "04013", "SETTL_NAME": "Skerries", "EAST": 724869.511084, "NORTH": 760011.211103, "GUID": "78FCB2DD-0C21-4F5C-BAF9-449EA592F76E"}}, {"type": "Feature", "id": 571, "geometry": {"type": "Polygon", "coordinates": [[[348.364043050992, 630.4364630291071], [347.53639598108055, 631.0469664800153], [347.53708595652694, 630.9762058120082], [347.49566980915307, 630.9527311124945], [347.0083535152427, 631.1265314866321], [346.47439431512214, 631.2561454268518], [346.44412673614613, 631.036038054063], [346.4168309849781, 631.019158516073], [346.88971432524056, 630.6296142898385], [347.048447875104, 630.6713522768055], [348.09074650899305, 630.6228539319153], [348.179610683216, 630.5551024076858], [348.364043050992, 630.4364630291071]]]}, "properties": {"OBJECTID_12": 571, "SETTLEMENT": "27025", "SETTL_NAME": "Dunmore", "EAST": 550898.897045, "NORTH": 763383.652485, "GUID": "614C4E4C-698F-4F87-977A-022D90F80CFC"}}, {"type": "Feature", "id": 572, "geometry": {"type": "Polygon", "coordinates": [[[554.7644071056469, 694.826870235942], [554.75389692184, 694.8265390208218], [554.7522251360053, 694.7902654071115], [554.7445795530773, 694.7891394681409], [554.6149344003647, 694.6501649360572], [554.4410717128949, 694.5544325962189], [554.5936266678059, 694.5240302911989], [554.8560270106271, 694.4864431054845], [555.2553612211904, 694.5834085547563], [555.4018886109322, 694.6477274028018], [555.3683483207701, 694.6727719961722], [555.2231430818165, 694.70361024479], [554.7644071056469, 694.826870235942]]]}, "properties": {"OBJECTID_12": 572, "SETTLEMENT": "01018", "SETTL_NAME": "Rathtoe", "EAST": 681092.999488, "NORTH": 671281.541658, "GUID": "6AD5100D-3FF0-460F-B3AF-6DA9E0E9B926"}}, {"type": "Feature", "id": 573, "geometry": {"type": "Polygon", "coordinates": [[[535.3854194251915, 698.160341871869], [535.7874867398378, 698.3433771023974], [536.4621122170955, 698.4535747743395], [536.40749519944, 698.5193452856232], [536.5849227283051, 698.5876811751906], [536.5303561457195, 698.6579773073838], [536.5073825733087, 698.7897669171838], [536.1685820180778, 698.5169175080567], [535.6614538090379, 698.5647530358546], [535.6222059910709, 698.805283505763], [534.7225254591093, 698.1883552016284], [534.9983110717696, 698.1618072044715], [535.3854194251915, 698.160341871869]]]}, "properties": {"OBJECTID_12": 573, "SETTLEMENT": "01007", "SETTL_NAME": "Leighlinbridge", "EAST": 668864.760766, "NORTH": 665452.434169, "GUID": "76DA4DC6-8947-4022-9991-872A7F677819"}}, {"type": "Feature", "id": 574, "geometry": {"type": "Polygon", "coordinates": [[[599.1454973256139, 645.8415426825912], [632.7482904411605, 648.0923193222903], [619.0913948736758, 651.2818311131896], [624.5282323014923, 659.9425826589228], [598.4305755546059, 655.603436047229], [599.6617361966613, 655.2133438886655], [596.7288648298357, 653.1103431688078], [597.3731999646272, 652.9532032435941], [596.4044720281771, 652.4595214240505], [593.4074705744811, 652.5013472100436], [590.793859778176, 651.6911165681141], [596.4752416117834, 650.5565461918709], [599.1454973256139, 645.8415426825912]]]}, "properties": {"OBJECTID_12": 574, "SETTLEMENT": "35001", "SETTL_NAME": "Dublin city and suburbs", "EAST": 715063.868385, "NORTH": 732869.556852, "GUID": "EED4C2E4-43BA-428E-96FC-1C65CC0A4340"}}, {"type": "Feature", "id": 575, "geometry": {"type": "Polygon", "coordinates": [[[492.6755646818976, 518.3041721240401], [492.8415893640896, 518.3322622004725], [493.1518216139872, 518.4033420796052], [492.986929556368, 518.5339241327829], [493.77648383685334, 518.7748070090215], [493.5775860018645, 518.8657321895777], [493.4452975247872, 519.0357845879759], [492.46557881415464, 519.180171099414], [492.11352072808745, 519.0221309093954], [492.04203358648107, 518.856913988074], [492.322527348, 518.6320268452508], [492.47141369325016, 518.5189450281626], [492.6755646818976, 518.3041721240401]]]}, "properties": {"OBJECTID_12": 575, "SETTLEMENT": "33053", "SETTL_NAME": "Bridge End", "EAST": 639632.596774, "NORTH": 921484.76585, "GUID": "B322B30F-9EFE-4682-A340-7B36E4A49FDD"}}, {"type": "Feature", "id": 576, "geometry": {"type": "Polygon", "coordinates": [[[566.7357029232469, 702.2484173828971], [566.8808749946528, 702.345183988458], [567.698923119904, 702.3546627782265], [567.1366819359466, 702.4593253898806], [567.0860176926122, 702.4632876733607], [567.0943932486816, 702.4770769194095], [566.9420174732277, 702.4932024751644], [566.9919067875647, 702.6346397678866], [566.1949765672096, 702.3750116403676], [566.3158584214304, 702.2764319017266], [566.7039429201398, 702.2771967316941], [566.6840928455584, 702.2553999674913], [566.7357029232469, 702.2484173828971]]]}, "properties": {"OBJECTID_12": 576, "SETTLEMENT": "01014", "SETTL_NAME": "Kildavin", "EAST": 688863.035008, "NORTH": 660053.462809, "GUID": "D80FEB90-9746-41DF-ABB0-55227C58125E"}}, {"type": "Feature", "id": 577, "geometry": {"type": "Polygon", "coordinates": [[[353.3142588347243, 745.625932840977], [353.2301154732949, 745.9769698111704], [353.5651037430304, 746.4832333430793], [353.2647732350976, 746.5023856684512], [352.79311440055466, 746.4036845433036], [352.4867564649653, 746.1982832351456], [352.3695750960213, 746.2631451174944], [352.377714205696, 746.3635063362174], [352.2214684174176, 746.2858760954068], [352.1581821978293, 746.2528243803746], [352.68579668053655, 746.0460339631554], [352.60647439504424, 745.9837122908368], [353.3142588347243, 745.625932840977]]]}, "properties": {"OBJECTID_12": 577, "SETTLEMENT": "18055", "SETTL_NAME": "Drommahane", "EAST": 552839.572213, "NORTH": 595054.809093, "GUID": "B86E64CE-06B9-4783-BFE6-1F585448232C"}}, {"type": "Feature", "id": 578, "geometry": {"type": "Polygon", "coordinates": [[[553.5032580986305, 607.7562919215741], [553.8500710161813, 607.8805434856222], [554.6301426563083, 608.6598856655276], [554.4991982803882, 609.0198361216011], [554.3448325816779, 609.0083656546344], [553.2919658139893, 608.9971935782111], [552.2801756050176, 608.758310953628], [552.956771542577, 608.3655648867846], [552.6544535346774, 608.1947126984943], [553.1447018076618, 608.1374172789398], [553.162612097616, 608.07770143806], [553.6198445458891, 608.100123143861], [553.5032580986305, 607.7562919215741]]]}, "properties": {"OBJECTID_12": 578, "SETTLEMENT": "32002", "SETTL_NAME": "Kingscourt", "EAST": 678261.973913, "NORTH": 795725.490465, "GUID": "F50C522A-9E9F-44B9-B084-58D8E52367A2"}}, {"type": "Feature", "id": 579, "geometry": {"type": "Polygon", "coordinates": [[[549.523964819184, 658.8079695873731], [551.4610652416651, 658.897532343307], [550.5784872338859, 659.1574674694133], [550.1127331296065, 659.3542517894548], [550.198920266161, 659.3862788859212], [550.0098752844032, 659.7520276468485], [549.5638021520128, 659.6802972760145], [549.339016672816, 659.7128911161961], [549.0784095182133, 659.4295563693111], [549.1333690001856, 659.4898854740553], [549.7023321208683, 659.4831053046884], [549.9719260418027, 659.4331910706957], [549.523964819184, 658.8079695873731]]]}, "properties": {"OBJECTID_12": 579, "SETTLEMENT": "06029", "SETTL_NAME": "Kilmeage", "EAST": 677158.365409, "NORTH": 722784.45162, "GUID": "80E73834-993C-45BA-A937-B309F5A2BC51"}}, {"type": "Feature", "id": 580, "geometry": {"type": "Polygon", "coordinates": [[[626.7468430499381, 639.249295140147], [629.1551628551402, 641.066595081842], [627.4036821602496, 640.8874480818027], [626.651951792608, 640.9123590508998], [626.6590640047499, 640.9025643577144], [626.639140219775, 640.8991068632017], [626.6801943886122, 640.7387841789161], [627.0211216914817, 640.7367011104487], [627.0397594293792, 640.6598333571764], [627.2709619777258, 640.4443903663495], [627.4658763149248, 640.3256048842536], [627.5878912017803, 640.3450223216695], [626.7468430499381, 639.249295140147]]]}, "properties": {"OBJECTID_12": 580, "SETTLEMENT": "04010", "SETTL_NAME": "Portrane", "EAST": 725125.905388, "NORTH": 751145.15521, "GUID": "3452504B-8FD0-41EB-A014-EB0EB1149447"}}, {"type": "Feature", "id": 581, "geometry": {"type": "Polygon", "coordinates": [[[626.9460567850826, 644.789540310166], [625.5153183070133, 646.3067784717754], [625.4529902738229, 646.9576677339921], [624.7236941195275, 646.8771291646292], [625.215579559553, 646.8984485501704], [625.2075936403808, 646.6905936538519], [623.9970009567296, 646.2742428997207], [623.0305221954752, 645.9543862332984], [624.8004816533952, 644.8054212409486], [626.8095660407222, 644.5775241768379], [626.7385297870272, 644.5536907814623], [626.8917186012395, 644.550496448956], [626.9460567850826, 644.789540310166]]]}, "properties": {"OBJECTID_12": 581, "SETTLEMENT": "04009", "SETTL_NAME": "Portmarnock", "EAST": 723877.284016, "NORTH": 743293.626803, "GUID": "D1BBA3AA-4BE1-4098-BFA2-657CB4CC6674"}}, {"type": "Feature", "id": 582, "geometry": {"type": "Polygon", "coordinates": [[[612.3031721644, 638.0075622278989], [611.9774149341472, 638.3043413493858], [611.9341801240704, 638.4410232810999], [611.8185557582176, 638.6921191065477], [611.9993689378987, 638.7500511833624], [611.9024060225653, 638.8374082386697], [611.7059909674198, 638.7928334600224], [611.6737571698923, 639.267502460008], [611.3899169691222, 638.9843966707], [611.2621439161738, 638.842590710534], [611.3200052728577, 638.6709969368989], [611.2013190436619, 637.9948110353425], [612.3031721644, 638.0075622278989]]]}, "properties": {"OBJECTID_12": 582, "SETTLEMENT": "04002", "SETTL_NAME": "Ballyboghil", "EAST": 714956.490228, "NORTH": 753307.461706, "GUID": "594651D7-FDAC-47AA-90F6-0D268FF4B330"}}, {"type": "Feature", "id": 583, "geometry": {"type": "Polygon", "coordinates": [[[476.76522294116694, 513.2946065175402], [476.93124756179094, 513.8186743429463], [474.9105414133184, 514.4858385333398], [474.7951438796288, 514.3501034170063], [475.467355357824, 514.3566861765321], [475.3078226308768, 514.3138334133583], [475.30186742423894, 514.2714216413096], [475.2547401134528, 514.1442322229226], [475.19454595692696, 514.104071864546], [475.6192029926912, 514.1214099721781], [476.2886519915307, 513.7860401982251], [476.32214391940266, 513.4519702933226], [476.76522294116694, 513.2946065175402]]]}, "properties": {"OBJECTID_12": 583, "SETTLEMENT": "33044", "SETTL_NAME": "Rathmullen", "EAST": 629555.792951, "NORTH": 928014.542023, "GUID": "C38A4802-FD4C-4673-A323-AAD954A0EDB1"}}, {"type": "Feature", "id": 584, "geometry": {"type": "Polygon", "coordinates": [[[471.1946731522688, 531.6960312839925], [471.2950722657184, 531.80299675481], [470.9257464622848, 532.0841708308559], [469.0333623623371, 532.4401267035772], [468.8011247618048, 532.3260268167662], [468.4115894638667, 532.208365750709], [468.35279920472533, 532.1439218087369], [468.285807841232, 532.0446550376633], [468.73711783242135, 531.8969874969526], [471.0762506548064, 531.6506791938034], [471.10912596523946, 531.6282051173549], [471.2359887922165, 531.6709717631403], [471.1946731522688, 531.6960312839925]]]}, "properties": {"OBJECTID_12": 584, "SETTLEMENT": "33049", "SETTL_NAME": "Raphoe", "EAST": 625854.408398, "NORTH": 902913.791376, "GUID": "B8BED9B6-632A-48A2-830B-9CCAE83BB93A"}}, {"type": "Feature", "id": 585, "geometry": {"type": "Polygon", "coordinates": [[[301.09166271271147, 687.5997117078531], [301.32693279682775, 687.723089769607], [301.4561041739253, 687.7087287332504], [301.6026369932683, 687.8302372381945], [301.8171302869568, 687.8378528894959], [300.9058691874027, 688.0126102553129], [300.24547058918824, 687.9588522732198], [300.3032213536128, 687.9180613414372], [300.11030124487786, 687.8292058948248], [300.23107290518504, 687.7843432699127], [300.56497441345175, 687.7360151477865], [300.61487673783785, 687.6412482837371], [301.09166271271147, 687.5997117078531]]]}, "properties": {"OBJECTID_12": 585, "SETTLEMENT": "16035", "SETTL_NAME": "Inagh", "EAST": 520618.590462, "NORTH": 681227.28453, "GUID": "44607BE4-475F-4ED2-A069-0550BE982B84"}}, {"type": "Feature", "id": 586, "geometry": {"type": "Polygon", "coordinates": [[[331.5074875313664, 649.9044906824803], [332.4683153101632, 649.9694140493812], [332.8107450007797, 650.0282581654719], [332.71945550037015, 650.0834404399893], [333.1799690343648, 650.2554538709361], [332.0630207766005, 650.1660431192057], [331.54054191596373, 650.3412871222142], [331.5272916151125, 650.1786401539096], [331.26941031914987, 650.0597915547304], [331.3484443736192, 650.0427380682481], [331.42731839563095, 649.963477592342], [331.31305141285867, 649.8668519930685], [331.5074875313664, 649.9044906824803]]]}, "properties": {"OBJECTID_12": 586, "SETTLEMENT": "27031", "SETTL_NAME": "Lackaghbeg", "EAST": 541022.794837, "NORTH": 735740.963514, "GUID": "EEB59706-C29A-4864-B29C-A68D0EAADAF5"}}, {"type": "Feature", "id": 587, "geometry": {"type": "Polygon", "coordinates": [[[354.7008679158805, 736.0703456500127], [355.225705699648, 736.1909676967057], [355.6309109979584, 736.3178624680041], [356.62307199495893, 736.4866163563105], [356.6500426856832, 736.4531988922512], [354.71838448513705, 736.9398506773333], [353.95856452550186, 736.9216902720841], [353.43532724159576, 737.0834942086345], [353.47097095020905, 737.1083567918008], [354.11871250590184, 736.8505390184373], [354.3630941874592, 736.7517826021126], [354.3185397107659, 736.6727015278309], [354.7008679158805, 736.0703456500127]]]}, "properties": {"OBJECTID_12": 587, "SETTLEMENT": "18053", "SETTL_NAME": "Buttevant", "EAST": 554035.775345, "NORTH": 609023.900424, "GUID": "157EED36-7D2D-4FA7-9369-092D70F04122"}}, {"type": "Feature", "id": 588, "geometry": {"type": "Polygon", "coordinates": [[[405.50654019510824, 549.6233838907019], [405.8242379033472, 550.0271038024456], [405.7635368383136, 550.0489304236498], [405.56112527773547, 550.5208021728388], [404.67926264311785, 550.7170926321246], [404.8133089148896, 550.3766569709088], [404.1247699819456, 550.0956075100225], [403.92976304415254, 550.0248379209282], [403.83133032945386, 549.9749133256632], [404.29492730069336, 550.0100771984901], [404.8042975248768, 550.0065304334729], [404.84080594117336, 549.9459518998523], [405.50654019510824, 549.6233838907019]]]}, "properties": {"OBJECTID_12": 588, "SETTLEMENT": "33007", "SETTL_NAME": "Mountcharles", "EAST": 587018.765805, "NORTH": 877537.374173, "GUID": "DBC6B5F1-EA7F-4351-8C8C-76944236C32A"}}, {"type": "Feature", "id": 589, "geometry": {"type": "Polygon", "coordinates": [[[549.3682036722038, 699.786421804358], [549.5300200904928, 699.8057343230419], [549.6263642229526, 699.900310984811], [549.7013159024224, 699.881406859949], [549.8060056027616, 699.998337080035], [550.3145015128779, 700.1010994343743], [549.8433378488278, 700.1087184428022], [549.7247103783403, 700.2547187539428], [549.7157001430805, 700.3803893070941], [549.286957045824, 700.473438346441], [549.3103801304, 700.3781780273855], [549.3217039232203, 700.3501044284955], [549.3682036722038, 699.786421804358]]]}, "properties": {"OBJECTID_12": 589, "SETTLEMENT": "01020", "SETTL_NAME": "Fennagh", "EAST": 677884.545947, "NORTH": 663211.227338, "GUID": "D9C916D2-34DE-465C-BAD2-E112E71F4C94"}}, {"type": "Feature", "id": 590, "geometry": {"type": "Polygon", "coordinates": [[[245.33524529360747, 740.7107378596979], [245.35635895044587, 740.7370369325115], [245.47119943629653, 740.7331222401976], [245.47948713073066, 740.7587480733735], [245.43276975996693, 740.759660066533], [245.58121186649706, 740.9626162539315], [245.08964693537067, 741.330982632047], [244.99164701677972, 741.3196403495839], [245.3182432597344, 740.7899703418383], [245.3180930941248, 740.7476529891645], [245.22273100787413, 740.7397051701362], [245.2205872863488, 740.6603438657017], [245.33524529360747, 740.7107378596979]]]}, "properties": {"OBJECTID_12": 590, "SETTLEMENT": "19035", "SETTL_NAME": "Castlemaine", "EAST": 483711.712658, "NORTH": 603506.215153, "GUID": "951C0676-9F2A-453B-870D-559436BBBF2D"}}, {"type": "Feature", "id": 591, "geometry": {"type": "Polygon", "coordinates": [[[348.76576220632, 750.2882416026141], [348.8030438626251, 750.3184546605706], [350.4065756261696, 750.7347050852326], [350.626543574032, 750.8022429371935], [349.93708801595625, 750.644120346114], [349.3102609791861, 750.6235914713443], [348.52077737096107, 750.5545784293812], [348.43905069275945, 750.585286720886], [348.4275391322912, 750.6634904753088], [348.0183599511381, 750.6080724688669], [348.30111541347304, 750.3766194811996], [348.2800199955371, 750.3438976417888], [348.76576220632, 750.2882416026141]]]}, "properties": {"OBJECTID_12": 591, "SETTLEMENT": "18093", "SETTL_NAME": "Bweeng", "EAST": 550181.573663, "NORTH": 588387.557935, "GUID": "3F34ADAD-87D3-4D5A-9434-73390AF25566"}}, {"type": "Feature", "id": 592, "geometry": {"type": "Polygon", "coordinates": [[[546.6146791319616, 691.6222388077676], [546.9792662406709, 691.8775442914234], [547.2394981065258, 691.9512252030015], [547.8930978775456, 691.9807300682597], [547.8707345571648, 692.1179915662266], [547.752113146225, 692.1952540695154], [547.7783759074325, 692.145018515818], [547.4460862145461, 692.1485509900402], [547.2272262904661, 692.1301273155151], [547.2036305589867, 692.1736084118195], [546.4484864340096, 692.1628288702001], [546.1155002105514, 691.7400126312725], [546.6146791319616, 691.6222388077676]]]}, "properties": {"OBJECTID_12": 592, "SETTLEMENT": "01013", "SETTL_NAME": "Kernanstown", "EAST": 676006.568379, "NORTH": 675101.017684, "GUID": "001F6659-DBBE-4275-ACF2-240CA89106DF"}}, {"type": "Feature", "id": 593, "geometry": {"type": "Polygon", "coordinates": [[[356.7368453147467, 770.8842419927133], [357.38546081405974, 771.1069935134981], [357.18950008663893, 771.0548362781195], [357.3803148320832, 771.29898214345], [357.3907612244907, 771.4113539701756], [357.3640343243563, 771.4567549482713], [355.6067399800544, 771.2692191313621], [355.4184913177397, 770.9318712553827], [355.4692153323755, 770.8703356846069], [355.8322058910421, 771.1064518268153], [355.9178033022208, 771.1650715210158], [356.27072953930025, 771.1173518661886], [356.7368453147467, 770.8842419927133]]]}, "properties": {"OBJECTID_12": 593, "SETTLEMENT": "18004", "SETTL_NAME": "Innishannon", "EAST": 554542.378661, "NORTH": 557452.848364, "GUID": "559F7EBF-88A1-4A55-8431-52E1A1FBA583"}}, {"type": "Feature", "id": 594, "geometry": {"type": "Polygon", "coordinates": [[[300.38787732015464, 652.2193445562348], [301.4727901674069, 652.1358829649141], [301.4871042112544, 652.2162221120941], [301.6583771911552, 653.095013095152], [301.35541385250986, 652.8740424500726], [301.1337771769664, 652.747780532099], [300.6103472102208, 652.7436270482284], [300.719056508144, 652.8422955107889], [300.399994550432, 652.7980881691658], [300.02110862898775, 653.1078868973783], [299.8424239109099, 652.0942505381835], [300.34913605748693, 652.192468655887], [300.38787732015464, 652.2193445562348]]]}, "properties": {"OBJECTID_12": 594, "SETTLEMENT": "27007", "SETTL_NAME": "Maigh Cuilinn", "EAST": 521319.374112, "NORTH": 732362.202809, "GUID": "30D4DE8E-1AC6-4CBC-8BD6-691988059D81"}}, {"type": "Feature", "id": 595, "geometry": {"type": "Polygon", "coordinates": [[[332.5626671067349, 732.9598611436194], [332.3852309566912, 733.0983103018974], [332.7735511253696, 733.1240925011638], [332.6873074246336, 733.1619575488737], [332.6899161121045, 733.1893557554753], [331.6716483031371, 733.3933070972471], [332.14830244272, 733.1913332091827], [331.91801048528, 733.0356161198602], [332.12746707257065, 732.94246693532], [332.2290281787136, 732.9825295255635], [332.5609648309344, 732.8690124559671], [332.6317286016704, 732.8808254673567], [332.5626671067349, 732.9598611436194]]]}, "properties": {"OBJECTID_12": 595, "SETTLEMENT": "18111", "SETTL_NAME": "Freemount", "EAST": 539587.91842, "NORTH": 614303.563239, "GUID": "2B2B791A-9E5F-40E7-92A4-A0A56B14A717"}}, {"type": "Feature", "id": 596, "geometry": {"type": "Polygon", "coordinates": [[[387.9981281587349, 739.3095077628959], [388.4276924361824, 739.3291594252239], [388.7888531336437, 739.5350618898517], [389.2644455141045, 740.2003101456673], [389.0137102078421, 740.3101142577701], [388.9629024925579, 740.275182885003], [388.4848309477056, 740.1864125002528], [388.0338400303328, 740.0921293050036], [388.40365692533334, 740.0281422113867], [388.3576214464235, 739.7221241671923], [387.95750209770773, 739.522585606213], [387.86768349510294, 739.3238819543064], [387.9981281587349, 739.3095077628959]]]}, "properties": {"OBJECTID_12": 596, "SETTLEMENT": "18032", "SETTL_NAME": "Glanworth", "EAST": 575554.286015, "NORTH": 604066.675634, "GUID": "17E5D208-070E-4519-8F75-8471F912AC15"}}, {"type": "Feature", "id": 597, "geometry": {"type": "Polygon", "coordinates": [[[390.5071558391531, 752.6289271280206], [391.24772402386776, 753.2207484856683], [391.21916770506454, 753.1632498192204], [390.46553542876904, 752.948700736644], [390.04254774778775, 753.1053842278084], [390.23240995340376, 753.2149885380718], [390.24917997362024, 753.3087907777617], [389.5961457705707, 753.3530719222342], [389.1615134982869, 753.2544268616724], [389.2506475076299, 752.9078894724489], [390.0733390675808, 752.612316550692], [390.3883541758069, 752.5829855043748], [390.5071558391531, 752.6289271280206]]]}, "properties": {"OBJECTID_12": 597, "SETTLEMENT": "18022", "SETTL_NAME": "Watergrasshill", "EAST": 576468.304267, "NORTH": 584427.54296, "GUID": "FD901B30-C45B-4F6A-BD92-959BCDDCE1F6"}}, {"type": "Feature", "id": 598, "geometry": {"type": "Polygon", "coordinates": [[[252.0381317415232, 748.483958969206], [252.4392666062656, 748.6116377844543], [252.19271456188693, 748.7887109364194], [251.5102430077184, 748.8879683348135], [250.4327218584352, 748.9081341399594], [250.55370846936106, 748.8888906961188], [250.7699128719872, 748.7691105571098], [251.05521938710294, 748.7873488342275], [251.80611757475734, 748.6687650166816], [251.8515613500704, 748.7128797190649], [251.99983771892906, 748.6866807782854], [251.8519800636768, 748.5079069633222], [252.0381317415232, 748.483958969206]]]}, "properties": {"OBJECTID_12": 598, "SETTLEMENT": "19033", "SETTL_NAME": "Beaufort", "EAST": 487571.89933, "NORTH": 591990.108785, "GUID": "9CF70A0F-6B88-492C-9A07-BEDADC59FF5C"}}, {"type": "Feature", "id": 599, "geometry": {"type": "Polygon", "coordinates": [[[367.125660380128, 759.2416936307894], [365.05639383307414, 759.0158491541533], [365.3107369902165, 758.5445628100681], [365.8667114612213, 758.267796342672], [365.6481428717152, 758.2008183635984], [365.5313205187563, 758.1549700326643], [366.50563772012265, 758.1370453789114], [366.74263952343466, 758.0309390132467], [366.9141600212544, 757.9218645159851], [367.49730288615575, 758.2890370263103], [367.10352718508267, 758.7615736748365], [367.43885543396584, 758.7760475958031], [367.125660380128, 759.2416936307894]]]}, "properties": {"OBJECTID_12": 599, "SETTLEMENT": "18014", "SETTL_NAME": "Blarney", "EAST": 561203.36683, "NORTH": 576189.853417, "GUID": "CC925335-1642-4E7D-8AF3-EE24AB3CB5CE"}}, {"type": "Feature", "id": 600, "geometry": {"type": "Polygon", "coordinates": [[[517.3857158592128, 502.0107585853787], [517.41531385856, 502.08514199865556], [517.4004545230101, 502.2569629856725], [517.5245518076181, 502.4838008419446], [517.8469362271925, 502.48994127460077], [517.8789382752256, 502.60330031447404], [517.8430612466773, 502.61335786041354], [517.9643020231222, 502.6370481914066], [517.6728191517578, 502.7597621663902], [516.7628884545195, 502.5780513450603], [517.2216569805066, 502.2521226716281], [517.221347740192, 502.16562191119596], [517.3857158592128, 502.0107585853787]]]}, "properties": {"OBJECTID_12": 600, "SETTLEMENT": "33059", "SETTL_NAME": "Gleneely", "EAST": 654006.831484, "NORTH": 944174.912776, "GUID": "F61B3208-F3A7-4F38-92EC-3A9F31F6A4A6"}}, {"type": "Feature", "id": 601, "geometry": {"type": "Polygon", "coordinates": [[[476.8856164482688, 599.7110309359065], [478.1143134548053, 600.3513110066599], [478.1734894171744, 600.5765699363162], [478.2728927160427, 600.7070552200164], [477.9244298245824, 600.5944520950072], [477.3522639140651, 600.9500554252797], [477.2605707022165, 600.7914100501799], [476.9279748526261, 600.5101431827438], [476.5562777310155, 600.1522509827845], [476.538211244464, 600.1204393714743], [476.5938391099776, 600.1161691722261], [476.55828090649175, 600.0585702960093], [476.8856164482688, 599.7110309359065]]]}, "properties": {"OBJECTID_12": 601, "SETTLEMENT": "32016", "SETTL_NAME": "Killeshandra", "EAST": 631052.132873, "NORTH": 806893.837652, "GUID": "606FA3BD-5E7E-4C4A-800E-9D81834D9A78"}}, {"type": "Feature", "id": 602, "geometry": {"type": "Polygon", "coordinates": [[[403.04153860818985, 743.0659594578005], [402.97084943749866, 743.0953956729244], [402.89541708056, 743.1402061313603], [403.5129876090293, 743.2438622431756], [403.73170044417066, 743.2387308871818], [403.5216044790432, 743.3073626867061], [403.4329127773067, 743.3966778092572], [403.6443256881707, 743.4954813331397], [402.5802188619232, 743.2247559242701], [402.9743463185131, 743.0508151874368], [402.94212093492587, 743.0192449674216], [403.0067878604256, 742.9990976596546], [403.04153860818985, 743.0659594578005]]]}, "properties": {"OBJECTID_12": 602, "SETTLEMENT": "18096", "SETTL_NAME": "Clondulane", "EAST": 584931.792666, "NORTH": 598909.251068, "GUID": "BE8BF939-30CB-4BE0-A185-02125017D7E0"}}, {"type": "Feature", "id": 603, "geometry": {"type": "Polygon", "coordinates": [[[317.4955003637323, 759.0212147102733], [317.582670454576, 759.0582723896996], [317.5397204771189, 759.0738839478792], [317.9282951481856, 759.0652939788251], [317.7125809877077, 759.2620949976831], [317.65555271494827, 759.253518197625], [317.4888409420928, 759.224106138763], [317.4563538418464, 759.2136229286972], [317.20010141042985, 759.0070315069255], [317.52771739556374, 758.9422679426834], [317.49419255064, 758.9567690636894], [317.46480408110614, 759.0000990176318], [317.4955003637323, 759.0212147102733]]]}, "properties": {"OBJECTID_12": 603, "SETTLEMENT": "18092", "SETTL_NAME": "Clondrohid", "EAST": 529711.286454, "NORTH": 575751.309966, "GUID": "9F4212B9-8ECE-487B-BA29-E185CBF7C810"}}, {"type": "Feature", "id": 604, "geometry": {"type": "Polygon", "coordinates": [[[469.40117432478826, 537.279741008906], [470.7163865206208, 537.3772455008556], [470.71831606268375, 537.5231610358734], [471.30606469042453, 537.5591221904738], [471.01971711137816, 537.7490645073374], [470.623295676608, 537.8168671505069], [470.26708543425065, 537.8777013157647], [470.2513552838624, 538.051868961949], [469.22816144483306, 537.7733950601388], [469.23905787220053, 537.6985109009931], [469.3662404163221, 537.7035867875143], [469.1933984201291, 537.3250728924978], [469.40117432478826, 537.279741008906]]]}, "properties": {"OBJECTID_12": 604, "SETTLEMENT": "33046", "SETTL_NAME": "Castlefin", "EAST": 626203.876155, "NORTH": 895144.363656, "GUID": "C8DEA781-B4AF-46AC-8F21-D6BE6DFA7366"}}, {"type": "Feature", "id": 605, "geometry": {"type": "Polygon", "coordinates": [[[624.5007040304992, 640.08671078808], [625.00353737528, 640.154442171877], [625.6598725475264, 640.4247273899996], [626.0905536143179, 640.3107792705011], [626.3635224515243, 640.3280825215063], [626.4102575494165, 640.4953360261893], [625.945874689248, 640.6047569383305], [624.619171047519, 641.1604044817584], [623.9167290352182, 641.1879927607545], [622.6866977563936, 640.6053325883295], [622.8971495917642, 640.6252387915158], [622.9239549463381, 640.5594321335647], [624.5007040304992, 640.08671078808]]]}, "properties": {"OBJECTID_12": 605, "SETTLEMENT": "04003", "SETTL_NAME": "Donabate", "EAST": 722949.525849, "NORTH": 750530.427334, "GUID": "8E9E913C-30EE-4AF7-A524-C8484932485F"}}, {"type": "Feature", "id": 606, "geometry": {"type": "Polygon", "coordinates": [[[392.71447289824107, 518.330188138068], [394.5034680761152, 519.5254196228715], [394.33626538850774, 519.5302088541413], [394.2287500600128, 519.5473011874625], [394.1859182487904, 519.5290318607782], [393.64375983984746, 519.4764284707799], [393.00726649721065, 519.4848306434369], [392.95555085976105, 519.4865844455767], [392.9574033416245, 519.599030351377], [392.58560358946346, 519.6409927668159], [392.5464997052117, 519.5832529422989], [392.62457442118614, 519.5426220030399], [392.71447289824107, 518.330188138068]]]}, "properties": {"OBJECTID_12": 606, "SETTLEMENT": "33024", "SETTL_NAME": "Rann Na Feirste", "EAST": 580209.263498, "NORTH": 921098.179492, "GUID": "08BA6CE7-DFB7-4B58-A21A-F4167A25007E"}}, {"type": "Feature", "id": 607, "geometry": {"type": "Polygon", "coordinates": [[[463.2676311525824, 510.3280148392564], [463.19921908851944, 510.3826641214933], [463.53759424684904, 510.65623934212954], [463.30695062515736, 511.04179898686345], [463.16547329421655, 511.04004743031646], [462.3229378597995, 511.21647702843495], [462.22528954928214, 511.0557839462112], [462.07751170454185, 511.0104743608917], [461.9313344091179, 511.16150810066785], [461.1018165208352, 511.6383655909406], [461.1478985094805, 511.4030043815981], [462.11238940381975, 510.4967112983692], [463.2676311525824, 510.3280148392564]]]}, "properties": {"OBJECTID_12": 607, "SETTLEMENT": "33039", "SETTL_NAME": "Carrowkeel", "EAST": 621388.656346, "NORTH": 932311.280606, "GUID": "DE4FACE8-2BF2-465B-BB4D-69D878DA827A"}}, {"type": "Feature", "id": 608, "geometry": {"type": "Polygon", "coordinates": [[[361.0532099986283, 758.9431527628561], [360.86527000851305, 759.0928140066732], [361.12885272360853, 759.2535299367148], [363.1424323371264, 759.2140123096367], [363.7664845385195, 758.9820370292409], [362.69413534005224, 759.5873607495492], [362.4262251039136, 759.7167122139517], [360.83581216737065, 759.3031372947645], [360.589099998848, 758.6927052032388], [361.02918929826666, 758.8289360613609], [361.0910968716704, 758.8476088602682], [361.2440875282432, 758.9151517378239], [361.0532099986283, 758.9431527628561]]]}, "properties": {"OBJECTID_12": 608, "SETTLEMENT": "18021", "SETTL_NAME": "Tower", "EAST": 558219.049136, "NORTH": 575049.348401, "GUID": "19B85C82-006B-46F9-896E-F549154B94D5"}}, {"type": "Feature", "id": 609, "geometry": {"type": "Polygon", "coordinates": [[[327.0412338805323, 657.1705170724875], [328.0396345239573, 657.5361210021904], [328.5019798268928, 657.4127050177758], [329.4519068845728, 657.3251324592751], [329.54430401558614, 657.4445840092345], [327.63326876432535, 658.8027923056342], [327.5353212763232, 658.831931667108], [326.75412394039256, 658.6358649288051], [326.3174067093835, 657.1461964750125], [326.36010090228586, 657.2819600351514], [326.86974307992, 657.2887830990622], [326.77179713955735, 657.120777123283], [327.0412338805323, 657.1705170724875]]]}, "properties": {"OBJECTID_12": 609, "SETTLEMENT": "27008", "SETTL_NAME": "Oranmore", "EAST": 538018.480544, "NORTH": 724568.345825, "GUID": "C2F89735-48E1-441F-B693-D56795986B6A"}}, {"type": "Feature", "id": 610, "geometry": {"type": "Polygon", "coordinates": [[[297.76292415024216, 658.8785564878264], [297.9132766176523, 658.9239487853307], [298.5004767830656, 659.071680820882], [298.75458356408535, 659.208371403803], [298.74426972650986, 659.2389238747761], [298.66201733603305, 659.2660796777411], [298.72540995805866, 659.3359185706398], [297.2803008615531, 659.4649977581485], [296.800414291056, 659.1649774034714], [297.6390170695552, 659.0045151288098], [297.5476008983221, 659.0457065784749], [297.7501885454208, 659.0167852817556], [297.76292415024216, 658.8785564878264]]]}, "properties": {"OBJECTID_12": 610, "SETTLEMENT": "27033", "SETTL_NAME": "Na Forbacha", "EAST": 519255.248881, "NORTH": 722791.682894, "GUID": "2478171F-C5B1-4CE4-BABA-5EE20CCF48B7"}}, {"type": "Feature", "id": 611, "geometry": {"type": "Polygon", "coordinates": [[[371.6044444554155, 641.8847978587027], [372.0120010100853, 641.9382511841327], [372.2505890401216, 641.9221908116056], [374.1479211551104, 642.3818378720822], [374.2021173426464, 642.3973388484337], [374.131624798544, 642.4310903134274], [375.9118022837685, 643.4095709729796], [374.8581743769899, 642.928621613206], [374.4000221623413, 642.741313177539], [373.8891897947285, 642.6433890930393], [372.2468229250464, 642.2424916674577], [371.6903568813184, 642.3638574875946], [371.6044444554155, 641.8847978587027]]]}, "properties": {"OBJECTID_12": 611, "SETTLEMENT": "27018", "SETTL_NAME": "Mount Bellew", "EAST": 567008.070391, "NORTH": 746513.392302, "GUID": "B73CC19E-AA98-4D1E-91F6-32636610920D"}}, {"type": "Feature", "id": 612, "geometry": {"type": "Polygon", "coordinates": [[[547.941887713441, 688.3904750872766], [548.3167032872096, 688.7453942415078], [548.2419967608662, 688.9961139942961], [547.930709545311, 689.0729148806375], [547.4816568811915, 689.2257258242619], [547.3956169811189, 689.1303420927762], [547.4145221076352, 689.0853322774772], [547.5272926035872, 689.0445140092855], [547.9326134264885, 688.9270367060941], [548.0471626552576, 688.688881471167], [547.9656502351851, 688.7001247647322], [547.8979411057621, 688.6319621858213], [547.941887713441, 688.3904750872766]]]}, "properties": {"OBJECTID_12": 612, "SETTLEMENT": "01016", "SETTL_NAME": "Palatine", "EAST": 676536.071165, "NORTH": 679780.20187, "GUID": "3DFCCDAB-1839-4115-8089-DC0E17759771"}}, {"type": "Feature", "id": 613, "geometry": {"type": "Polygon", "coordinates": [[[390.967943487968, 647.3154839336347], [391.093479550224, 647.3186707746702], [391.0942737674208, 647.4021095088933], [391.24538849773336, 647.4121013917161], [391.19799599618347, 647.4760276461675], [391.20577094313387, 647.581010500909], [391.32056959351894, 647.7546050382464], [391.3528236122283, 648.1153379254631], [390.7373439584512, 647.9494220006118], [390.78508705589013, 647.8577669542802], [390.81195339563413, 647.699440741659], [390.8391016447136, 647.4446137140961], [390.967943487968, 647.3154839336347]]]}, "properties": {"OBJECTID_12": 613, "SETTLEMENT": "27002", "SETTL_NAME": "Ahascragh", "EAST": 577803.544358, "NORTH": 738805.460861, "GUID": "7A439571-8334-4EAC-83D1-89B4E31A3680"}}, {"type": "Feature", "id": 614, "geometry": {"type": "Polygon", "coordinates": [[[250.46534166490773, 719.2347785217956], [249.93889765900906, 719.5728550081725], [249.6255249866752, 720.0206312684405], [249.65674804515308, 719.9671105784869], [250.01453755222613, 720.0111673742811], [250.0140005092896, 719.9677971435516], [251.66184696197652, 720.2813026207906], [250.96612094410986, 720.2148322292603], [250.0202138130368, 720.1740191843802], [249.98563993668267, 720.1170154644899], [249.09968254901653, 720.0027147414003], [249.0590400749824, 719.7454686575581], [250.46534166490773, 719.2347785217956]]]}, "properties": {"OBJECTID_12": 614, "SETTLEMENT": "19019", "SETTL_NAME": "Ballyduff", "EAST": 487421.956519, "NORTH": 634815.603338, "GUID": "312171B8-A6F1-4337-929B-005DEF4FAB8D"}}, {"type": "Feature", "id": 615, "geometry": {"type": "Polygon", "coordinates": [[[248.62386458543253, 714.1258923122016], [248.5971125972864, 714.3556863612736], [249.2503739987872, 714.3688990487486], [249.1028929824384, 714.5392361018069], [248.4734899737152, 714.5303783438767], [248.7378723570272, 714.9801531125569], [249.16424362252693, 715.4416915620149], [249.67303626525867, 715.8205313850824], [250.24021092781652, 715.7190911860804], [250.1990980775968, 715.9110885525721], [248.79609611728105, 715.9202595685819], [247.89928996765866, 715.2526914672138], [248.62386458543253, 714.1258923122016]]]}, "properties": {"OBJECTID_12": 615, "SETTLEMENT": "19018", "SETTL_NAME": "Ballybunion", "EAST": 486540.784385, "NORTH": 641358.539346, "GUID": "215DE8AD-94FA-4DF1-A4EA-E3D4BE5E5D58"}}, {"type": "Feature", "id": 616, "geometry": {"type": "Polygon", "coordinates": [[[236.66383474093334, 729.1826725930748], [237.40715014844372, 729.5763903444848], [237.4057645068032, 729.6140959524649], [238.68012467623893, 729.8121583915234], [238.78132661186774, 729.9252268329826], [238.51631404775148, 729.9216337455941], [238.17711299939626, 729.983076996965], [237.8502082173888, 729.9702053397879], [237.27615132844267, 730.0362353460164], [237.14031798527574, 729.8869327594119], [236.87619685552, 729.6891328043434], [236.2243251080128, 729.6202041899156], [236.66383474093334, 729.1826725930748]]]}, "properties": {"OBJECTID_12": 616, "SETTLEMENT": "19027", "SETTL_NAME": "Ardfert", "EAST": 478814.376405, "NORTH": 620485.85101, "GUID": "120C6FAE-CB3D-48A8-8216-9C8055F3F33E"}}, {"type": "Feature", "id": 617, "geometry": {"type": "Polygon", "coordinates": [[[208.43428828176, 742.3135084632648], [208.65925325298133, 742.3963372926419], [207.41738068392533, 742.709356830781], [207.30878858464, 742.8608899838291], [207.101063112256, 742.6548420266674], [206.949191602496, 742.5964592767585], [206.90531596635734, 742.4233546602364], [206.93960668545066, 742.3887595056212], [207.51427242088533, 742.4734759284709], [207.90201594395734, 742.4499446923712], [207.89706596126933, 742.4081718825835], [207.99275777166935, 742.3974813279292], [208.43428828176, 742.3135084632648]]]}, "properties": {"OBJECTID_12": 617, "SETTLEMENT": "19005", "SETTL_NAME": "Annascaul", "EAST": 459523.281354, "NORTH": 601963.643518, "GUID": "462AB5C9-F464-49A8-973C-B6141DD3858C"}}, {"type": "Feature", "id": 618, "geometry": {"type": "Polygon", "coordinates": [[[184.198271142144, 742.6812646107186], [184.42136372936534, 742.822843607625], [184.65675520251733, 742.7355363968197], [184.93952223557332, 742.7249122047305], [185.45756933690666, 742.750695815587], [185.85108368781866, 743.0869264787568], [185.72970310036266, 743.4911080032442], [185.786912914112, 743.4992181122168], [182.112542852544, 743.5378475646121], [181.58627599290668, 743.5638233388459], [183.25809279201067, 742.9678366760907], [183.56950622816, 742.9568811926051], [184.198271142144, 742.6812646107186]]]}, "properties": {"OBJECTID_12": 618, "SETTLEMENT": "19007", "SETTL_NAME": "Dingle-Daingean Uí Chuis", "EAST": 444420.806964, "NORTH": 601200.893209, "GUID": "5314C840-F0C3-4FFC-8254-6B4CACF31C4F"}}, {"type": "Feature", "id": 619, "geometry": {"type": "Polygon", "coordinates": [[[306.5266770857216, 784.6121659701421], [306.25977935611945, 784.746388246767], [305.9928422717877, 784.9152241937343], [304.4233153264491, 785.1386867734607], [304.1904578718496, 785.0978242039217], [304.63356312712745, 784.9101994436355], [304.73237313049066, 784.9745194939428], [305.19155438626774, 784.8943599621742], [305.1658103196949, 784.8805676691866], [305.54792864927464, 784.7982394955159], [305.58461735664747, 784.8215180986152], [306.3181881570133, 784.6263114254226], [306.5266770857216, 784.6121659701421]]]}, "properties": {"OBJECTID_12": 619, "SETTLEMENT": "18076", "SETTL_NAME": "Leap", "EAST": 521091.685929, "NORTH": 537255.865053, "GUID": "5B02ACF2-E819-428B-A36E-B3A7BC8C32D5"}}, {"type": "Feature", "id": 620, "geometry": {"type": "Polygon", "coordinates": [[[506.4107083316981, 500.59809004110446], [507.1666672142752, 502.5563292515734], [507.00066126486826, 502.3333369694293], [505.2831734225024, 502.84043198735975], [504.7614310123008, 503.0688076861857], [503.69344968191575, 503.22766617448605], [503.51312340488533, 502.7348385519813], [504.09727432179733, 500.9231256040925], [504.0991926405461, 501.02251020647043], [504.3625718406336, 501.360511542678], [504.52654053343144, 501.36112567477625], [504.5233181892704, 501.4217847948114], [506.4107083316981, 500.59809004110446]]]}, "properties": {"OBJECTID_12": 620, "SETTLEMENT": "33028", "SETTL_NAME": "Carndonagh", "EAST": 646869.595535, "NORTH": 944822.025507, "GUID": "8A8E5AF4-D3FB-48CB-8518-6CC993A2B092"}}, {"type": "Feature", "id": 621, "geometry": {"type": "Polygon", "coordinates": [[[570.8017997937663, 701.2659644594765], [570.8639666606944, 701.4619820978771], [571.1190667801152, 701.5501538907935], [571.7710771719233, 701.7020482563819], [571.886152638624, 701.7224537189758], [571.9483798211946, 701.974372651756], [571.0198961704854, 701.8247985148696], [571.0305642967094, 701.7926706810092], [570.7727334253398, 701.6401074306438], [570.5317356543925, 701.5938320021378], [570.5918858964405, 701.5343974983778], [570.7654092240384, 701.3871389745761], [570.8017997937663, 701.2659644594765]]]}, "properties": {"OBJECTID_12": 621, "SETTLEMENT": "35022", "SETTL_NAME": "Clonegal", "EAST": 691622.364072, "NORTH": 661154.66983, "GUID": "DD974C6D-0585-4FD8-9454-E3BF8BC772D4"}}, {"type": "Feature", "id": 622, "geometry": {"type": "Polygon", "coordinates": [[[289.18895157714024, 636.278979175345], [289.5608746686165, 636.2801211483531], [289.918022229136, 636.6440839624088], [289.8864634012864, 636.612813586859], [289.95585584608, 636.7155784704095], [289.9818040120064, 636.7558534964504], [289.78733364709655, 636.808466900538], [288.7295609456352, 636.4636467801689], [289.1392234411115, 636.4213833495822], [289.0427577403051, 636.3108968626915], [289.02607931691415, 636.2358267205552], [289.140942336448, 636.2304888727084], [289.18895157714024, 636.278979175345]]]}, "properties": {"OBJECTID_12": 622, "SETTLEMENT": "35021", "SETTL_NAME": "Conga", "EAST": 514703.643603, "NORTH": 755651.241571, "GUID": "A3121323-2F30-4B5A-A0A3-183A3107CCB6"}}, {"type": "Feature", "id": 623, "geometry": {"type": "Polygon", "coordinates": [[[538.1543925339531, 712.2054089691766], [538.13835543768, 712.2489900551262], [538.73877595552, 713.3881164052816], [538.6746147645408, 713.3932094034932], [538.8277495798816, 713.8181805647504], [538.9838773551978, 713.92302661559], [537.817057760752, 713.437354242397], [537.3719452518806, 713.6061009313556], [536.9232424692289, 712.9829303859582], [537.034022086624, 712.8239367029837], [537.095620648353, 712.7640811775861], [536.9532379918433, 712.2646566790314], [538.1543925339531, 712.2054089691766]]]}, "properties": {"OBJECTID_12": 623, "SETTLEMENT": "35020", "SETTL_NAME": "Graiguenamanagh-Tinnahinch", "EAST": 670722.884164, "NORTH": 644061.147769, "GUID": "A3D9CCFF-31B5-40F8-8090-C0499381BBB1"}}, {"type": "Feature", "id": 624, "geometry": {"type": "Polygon", "coordinates": [[[368.00603123635415, 699.1883349041171], [367.5977141545664, 699.6833193137487], [367.0512347853984, 700.0349225487114], [367.15302689506774, 700.0774593089461], [367.0860857886592, 700.2255541391241], [366.77984315749654, 700.3121907036137], [366.35904992915624, 700.0151944285674], [366.73574396708267, 699.8334955899014], [366.62607221225704, 699.7501294935779], [366.8079537297397, 699.682645987453], [366.7048779625088, 699.6327841779902], [367.81521381065704, 699.1502020925689], [368.00603123635415, 699.1883349041171]]]}, "properties": {"OBJECTID_12": 624, "SETTLEMENT": "16019", "SETTL_NAME": "Clonlara", "EAST": 562349.757041, "NORTH": 663346.538729, "GUID": "3C7C1756-6891-46E0-85F9-1E98E76620D0"}}, {"type": "Feature", "id": 625, "geometry": {"type": "Polygon", "coordinates": [[[435.44364797651093, 613.8127857652553], [435.7681076890048, 613.8448797865997], [435.9027897060363, 614.0357861108681], [436.0030744837867, 614.8214352278594], [435.82248382759576, 614.8236623963894], [435.9981686554496, 614.9739026255497], [435.0420564921131, 614.5725548745647], [434.4741584750432, 614.9490185540996], [433.870867861984, 614.9540130006408], [434.0031768770432, 614.9189468946256], [433.9441777773771, 614.8872567728145], [435.31002551764584, 613.9360310167085], [435.44364797651093, 613.8127857652553]]]}, "properties": {"OBJECTID_12": 625, "SETTLEMENT": "35017", "SETTL_NAME": "Roosky", "EAST": 605084.903307, "NORTH": 786675.48538, "GUID": "958625A6-58D1-4D3D-BEA0-4F50A4E8B4D9"}}, {"type": "Feature", "id": 626, "geometry": {"type": "Polygon", "coordinates": [[[618.4944442530037, 643.9017009108345], [618.4882220365898, 643.9428805929009], [618.5850565173494, 643.943737337821], [619.3801032595893, 643.9939997063402], [619.3689872498752, 644.4419757782122], [618.7080366481515, 644.4989313194221], [617.8492258100694, 644.5911623865431], [617.882528693359, 644.5413473939777], [617.1357298838891, 644.2693430692036], [617.3104152491445, 644.0660014234701], [617.4925795699829, 644.0734023848975], [618.5020082076704, 643.8462150874454], [618.4944442530037, 643.9017009108345]]]}, "properties": {"OBJECTID_12": 626, "SETTLEMENT": "04015", "SETTL_NAME": "Kinsealy-Drinan", "EAST": 719354.907238, "NORTH": 745266.623164, "GUID": "C92D65A4-2D53-4242-9F33-728C05BF0476"}}, {"type": "Feature", "id": 627, "geometry": {"type": "Polygon", "coordinates": [[[492.61979627214293, 597.101442084913], [492.8666712235776, 597.172778162435], [493.5789920177845, 597.1172023106411], [493.5231641999125, 597.1607287177048], [493.409033286672, 597.6824502435662], [493.06685572828053, 597.8761430486572], [492.7585458039445, 597.7839089479722], [492.68070568000746, 597.6965582175119], [492.62907083662293, 597.6881307660611], [492.41877194396267, 597.415460564288], [492.53622334397227, 597.3477106227812], [492.5227706332896, 597.3042753663457], [492.61979627214293, 597.101442084913]]]}, "properties": {"OBJECTID_12": 627, "SETTLEMENT": "32014", "SETTL_NAME": "Butlersbridge", "EAST": 640718.946212, "NORTH": 811010.748613, "GUID": "E1EDD85A-7A78-42BB-A831-BC19F003AFDA"}}, {"type": "Feature", "id": 628, "geometry": {"type": "Polygon", "coordinates": [[[345.1188487316, 697.2885310756819], [345.42577956899095, 697.3902762694224], [345.58917317083416, 697.391403736436], [345.0966586647424, 697.5077844808302], [344.96807363941224, 697.5562897248699], [345.0380255103392, 697.5843248698513], [344.83224471174293, 697.9084003758337], [344.48819947794027, 698.2562006538059], [344.28758449605226, 698.3210187856882], [343.15525084941015, 698.306952039916], [343.21582219313814, 698.2754036081412], [344.4718500229792, 697.6018253963952], [345.1188487316, 697.2885310756819]]]}, "properties": {"OBJECTID_12": 628, "SETTLEMENT": "16007", "SETTL_NAME": "Sixmilebridge", "EAST": 547649.162316, "NORTH": 666024.806965, "GUID": "084EA6AB-3C8B-440E-8434-36547B4A103A"}}, {"type": "Feature", "id": 629, "geometry": {"type": "Polygon", "coordinates": [[[370.02142689649816, 684.8157166914833], [370.62789718136, 685.0253344512107], [370.5597349492736, 685.0456011958906], [369.4946045126645, 685.737262183154], [369.63192301809494, 685.7874843084169], [369.42084827557545, 686.1426144584061], [368.7531457127371, 686.5146840400097], [368.41831352065384, 686.2026653827], [368.37619531495255, 686.1627551539125], [368.98441390798826, 685.3265981694665], [369.5876293246784, 684.8295941765853], [369.57100303335784, 684.7850342004375], [370.02142689649816, 684.8157166914833]]]}, "properties": {"OBJECTID_12": 629, "SETTLEMENT": "16025", "SETTL_NAME": "Scarriff-Tuamgraney", "EAST": 563948.755329, "NORTH": 683926.489976, "GUID": "9A390BD8-83C0-4DE2-B0CA-85AC6E63C0E6"}}, {"type": "Feature", "id": 630, "geometry": {"type": "Polygon", "coordinates": [[[334.6489478535189, 691.9261197198555], [334.67952702051093, 691.9856229507249], [335.03873093230186, 692.2762828429929], [335.15385069096106, 692.5798707014608], [335.33962193215467, 692.7425170889042], [334.5370613382581, 692.8363958733277], [334.6198862640032, 692.667991130537], [334.58211635092056, 692.5693403442431], [334.3129692054496, 692.3444195591278], [333.93787505841175, 692.3064433552711], [333.4680615570432, 692.1593406121534], [334.4787490527072, 691.9566737779776], [334.6489478535189, 691.9261197198555]]]}, "properties": {"OBJECTID_12": 630, "SETTLEMENT": "16028", "SETTL_NAME": "Quin", "EAST": 541715.965528, "NORTH": 674332.905762, "GUID": "386EDCDB-552A-4E6C-A62D-42D140BA501F"}}, {"type": "Feature", "id": 631, "geometry": {"type": "Polygon", "coordinates": [[[440.1488684265931, 705.4013943818264], [441.0248696851552, 705.7846774246913], [441.3441511515072, 705.8359869217071], [441.2140329018549, 706.3903624797229], [440.91511076048425, 706.2409924479649], [440.3078340006987, 706.5896099478749], [440.13227720062827, 706.5374895916278], [440.4761662430368, 706.2952531991554], [440.4501462178891, 706.0194515203602], [439.78916917478824, 705.8642649388082], [438.8805155812608, 706.1353307184692], [439.9161192513131, 705.7660929691953], [440.1488684265931, 705.4013943818264]]]}, "properties": {"OBJECTID_12": 631, "SETTLEMENT": "35019", "SETTL_NAME": "Holycross", "EAST": 608346.526372, "NORTH": 653968.392456, "GUID": "BF5026F0-24C9-4523-A53D-6F60D8AA90F4"}}, {"type": "Feature", "id": 632, "geometry": {"type": "Polygon", "coordinates": [[[380.4733172565803, 550.1250988209035], [380.6075539893333, 550.1449904094774], [380.55321353433493, 550.2198156014267], [380.6388236725195, 550.2271759311881], [379.98372433273494, 551.4743963816378], [379.88155969864215, 551.6861931263713], [378.50315884677866, 551.4330899367643], [377.57343129161495, 551.1057839187429], [377.86486550109976, 550.8000726767095], [378.42287842114666, 550.7252702118163], [380.04142399080854, 550.3039951773219], [380.2025432956725, 550.1548800330607], [380.4733172565803, 550.1250988209035]]]}, "properties": {"OBJECTID_12": 632, "SETTLEMENT": "33022", "SETTL_NAME": "Killybegs", "EAST": 571245.174607, "NORTH": 876469.474279, "GUID": "D0895EFD-11CD-451E-BC09-099EA3217007"}}, {"type": "Feature", "id": 633, "geometry": {"type": "Polygon", "coordinates": [[[181.295357427296, 759.3878987007478], [181.43208552180266, 759.3730160778707], [181.562452998816, 759.3590212423992], [181.575537348544, 759.3785806643544], [182.69941154893866, 759.4132474257094], [182.53529558430932, 759.948488851409], [182.447149305824, 760.1028801909181], [182.27302699712, 760.0518293888971], [182.35663895624532, 759.750735416217], [181.13127822936534, 759.6976975620902], [181.111459288576, 759.667020981657], [181.27983691728, 759.6317422423622], [181.295357427296, 759.3878987007478]]]}, "properties": {"OBJECTID_12": 633, "SETTLEMENT": "19003", "SETTL_NAME": "Knightstown", "EAST": 442150.559275, "NORTH": 577111.52697, "GUID": "09633AEF-5317-4DB4-B1FC-075DBEAFB379"}}, {"type": "Feature", "id": 634, "geometry": {"type": "Polygon", "coordinates": [[[513.6215617974507, 665.320758260284], [513.9861608238112, 665.573301119463], [514.3317987351498, 665.6814804977439], [514.4531193220597, 666.3587450013162], [516.4268389545728, 666.8645612054734], [516.2107030658069, 666.8091326779788], [515.2739756334817, 666.9260030373499], [510.81307593331627, 666.2265196367965], [509.8897953590432, 665.7450729584724], [509.7560209039157, 665.4885752356361], [510.10051195695786, 665.6605939134748], [510.45921438609065, 665.7381459935515], [513.6215617974507, 665.320758260284]]]}, "properties": {"OBJECTID_12": 634, "SETTLEMENT": "35016", "SETTL_NAME": "Portarlington", "EAST": 654237.981442, "NORTH": 712246.100373, "GUID": "2EFD37AA-10C7-4462-AD4C-B1D82E4E9C27"}}, {"type": "Feature", "id": 635, "geometry": {"type": "Polygon", "coordinates": [[[362.07996289422294, 752.8178394657355], [361.4644325563733, 753.211912943479], [361.07814366069226, 753.1857439387555], [361.036341010544, 753.1530764745285], [360.9570778408821, 753.1594807456518], [360.9377974941717, 753.1277325322844], [361.03261593224533, 753.1201921015845], [361.1563152122155, 753.1517186898644], [361.23983214585064, 753.1314482603299], [361.77122603115413, 752.8747976043835], [361.818417720272, 752.9356879296055], [362.0023072932288, 752.7933373440419], [362.07996289422294, 752.8178394657355]]]}, "properties": {"OBJECTID_12": 635, "SETTLEMENT": "18094", "SETTL_NAME": "Grenagh", "EAST": 558162.522917, "NORTH": 584585.385862, "GUID": "D297433D-CEE0-47E9-8AF4-11D6266D0F16"}}, {"type": "Feature", "id": 636, "geometry": {"type": "Polygon", "coordinates": [[[304.77038516526187, 786.513084331984], [305.3609008289248, 786.666610933456], [305.3601328155392, 786.6972955256243], [304.8385107538517, 786.8804213649672], [304.8786949061013, 786.8959583355029], [304.7736632203275, 787.0263205084499], [304.77588733378985, 787.1144044167876], [304.79112829275414, 787.167655459534], [304.89163892985493, 787.2341278313951], [304.35180302708585, 787.1370226064022], [304.27583987555624, 787.1366327588192], [304.6620576240032, 786.9037529390255], [304.77038516526187, 786.513084331984]]]}, "properties": {"OBJECTID_12": 636, "SETTLEMENT": "18077", "SETTL_NAME": "Unionhall", "EAST": 520695.442712, "NORTH": 534330.687083, "GUID": "04627894-D559-40EE-B434-8DCBB82C3DB1"}}, {"type": "Feature", "id": 637, "geometry": {"type": "Polygon", "coordinates": [[[560.1240091839435, 692.8571831173308], [560.4841004670016, 692.7381344077053], [561.0933623043552, 692.6640182759122], [562.6311509151755, 692.7221900453527], [563.2541108785002, 693.1545115823297], [563.7709025161547, 693.0017799156436], [563.8773498497782, 693.0307011896223], [563.1306297221238, 693.8787566254766], [562.8342702919253, 693.9979283553978], [562.780805857104, 694.3182010393972], [560.0007783982037, 694.1014544213558], [559.5265245641727, 692.8515173061704], [560.1240091839435, 692.8571831173308]]]}, "properties": {"OBJECTID_12": 637, "SETTLEMENT": "01009", "SETTL_NAME": "Tullow", "EAST": 685187.126525, "NORTH": 673231.552149, "GUID": "B804E677-5EF4-4A0C-86F3-FF776519F552"}}, {"type": "Feature", "id": 638, "geometry": {"type": "Polygon", "coordinates": [[[463.31680010651735, 518.4599979504843], [463.82216679293975, 518.8061418536186], [464.37333698629016, 518.6287293914687], [464.6715131474187, 518.7648228897802], [465.83185990523305, 518.7851880196438], [465.7993493375669, 519.0698247354096], [465.3274896179723, 519.2163930747178], [465.1118564228181, 519.2492658614146], [463.79628657607896, 519.494266593503], [463.70507985061016, 519.4718571921662], [463.3404124678517, 519.3941910427941], [463.0338232295957, 518.686423124321], [463.31680010651735, 518.4599979504843]]]}, "properties": {"OBJECTID_12": 638, "SETTLEMENT": "33043", "SETTL_NAME": "Ramelton", "EAST": 622563.080884, "NORTH": 921032.647062, "GUID": "19B5FCD5-2E91-42B2-82AA-D9C9A95BADE3"}}, {"type": "Feature", "id": 639, "geometry": {"type": "Polygon", "coordinates": [[[235.3375896509216, 745.3487677245967], [236.17640228078614, 745.5459446075087], [237.0933842991168, 745.4330439279163], [237.3230972644864, 745.4795980562457], [237.90830091638614, 745.4277075420208], [237.2141000998688, 745.7730081548411], [237.1272151868256, 745.7316904682161], [237.03058452701654, 745.9222153901584], [236.39016327345814, 746.2310355673371], [236.24029650278933, 746.6223566329274], [235.9458176867584, 746.3073481159117], [235.08429193460694, 745.3047639955777], [235.3375896509216, 745.3487677245967]]]}, "properties": {"OBJECTID_12": 639, "SETTLEMENT": "19014", "SETTL_NAME": "Killorglin", "EAST": 477436.44254, "NORTH": 596484.120416, "GUID": "CB7E81B1-5B45-4EEE-BC6E-16E0F69D775D"}}, {"type": "Feature", "id": 640, "geometry": {"type": "Polygon", "coordinates": [[[348.48746191364904, 733.4062510524453], [349.02080051102934, 733.6427326683918], [348.8529932873376, 733.7929380613481], [348.64210861649707, 733.8643309796935], [348.58070785712107, 733.8467350569132], [348.6081465592512, 733.7693743536471], [348.5134819373664, 733.771990886406], [348.5280802179157, 733.7382041168428], [348.6703371111136, 733.7459900584528], [348.68356910901974, 733.6573225371617], [348.19461007563945, 733.3174077552586], [348.234108952224, 733.3136503810356], [348.48746191364904, 733.4062510524453]]]}, "properties": {"OBJECTID_12": 640, "SETTLEMENT": "18091", "SETTL_NAME": "Churchtown", "EAST": 549928.657188, "NORTH": 613553.768836, "GUID": "0FE5FD82-997F-4D4F-B085-BADA5FA6B804"}}, {"type": "Feature", "id": 641, "geometry": {"type": "Polygon", "coordinates": [[[484.8224086766091, 527.0571535004271], [484.7259253576, 527.2270265967252], [484.6482852446443, 527.3223238790237], [484.616112142064, 527.2218986627038], [484.46789446139735, 527.1966203627914], [483.9034765757728, 527.4443990901351], [483.9864581315221, 527.4517542774769], [483.3922605635968, 527.5144125188909], [483.37564097926185, 527.5673655567526], [483.50344499990825, 527.270340194013], [483.4759758748768, 527.1703399795948], [484.4982807781355, 526.871195030477], [484.8224086766091, 527.0571535004271]]]}, "properties": {"OBJECTID_12": 641, "SETTLEMENT": "33050", "SETTL_NAME": "St. Johnston", "EAST": 634476.766257, "NORTH": 909691.893686, "GUID": "C52A17B4-0516-4044-995B-408490CC17F7"}}, {"type": "Feature", "id": 642, "geometry": {"type": "Polygon", "coordinates": [[[480.17102053519574, 522.02729179647], [479.4447392448235, 522.2623118812484], [479.4816204259232, 522.3268925241132], [477.4516260350656, 522.4409913791659], [477.0882311881312, 522.3039038150552], [477.054403985376, 522.2451484853218], [477.14362373612585, 522.1852464417728], [476.6893282060544, 522.2228717240849], [476.87703185716265, 521.9567573079577], [477.3634655790091, 522.0401411513188], [477.5263838238347, 522.1026351399904], [479.8791459445184, 521.8232800763967], [480.17102053519574, 522.02729179647]]]}, "properties": {"OBJECTID_12": 642, "SETTLEMENT": "33035", "SETTL_NAME": "Newtowncunningham", "EAST": 631142.633983, "NORTH": 916739.12351, "GUID": "9BCAE571-CBAE-4D5F-BE08-A05FAE414B45"}}, {"type": "Feature", "id": 643, "geometry": {"type": "Polygon", "coordinates": [[[375.64280608316585, 754.5239431375527], [376.26243726940373, 754.7314567938378], [375.7087995774165, 755.1155175620328], [375.4974120907413, 755.097319481892], [375.5424792830485, 755.0407936015822], [375.5073940931787, 755.0386309285069], [375.5147214689653, 754.9907411764076], [375.4538781012576, 754.990391968235], [375.45374220705816, 754.9550565193147], [375.2461893829035, 754.9023443487438], [375.59955535017707, 754.6756662826425], [375.64538089698345, 754.6660442563706], [375.64280608316585, 754.5239431375527]]]}, "properties": {"OBJECTID_12": 643, "SETTLEMENT": "18088", "SETTL_NAME": "Carrignavar", "EAST": 567192.589721, "NORTH": 581846.375236, "GUID": "BB163A3B-473A-4927-B92F-38EBBABD6443"}}, {"type": "Feature", "id": 644, "geometry": {"type": "Polygon", "coordinates": [[[426.556170497232, 625.853685006697], [427.0997740188139, 626.3342247799575], [427.934580238128, 626.4662463354343], [428.54154824990826, 626.5429419418035], [428.7285814264352, 626.5892399158263], [428.59074510028694, 626.7736922765523], [428.8763694667957, 626.9896523489449], [428.6568192084555, 627.0877600398851], [427.87620488592853, 626.8912695395201], [427.72471167419945, 626.9879448851158], [427.5828358359296, 626.8001006790404], [425.53348009257815, 626.0933177216416], [426.556170497232, 625.853685006697]]]}, "properties": {"OBJECTID_12": 644, "SETTLEMENT": "35015", "SETTL_NAME": "Lanesborough-Ballyleague", "EAST": 600268.664485, "NORTH": 769251.183228, "GUID": "B4E4AA61-02CF-4DB5-AA10-C7AE14897CC9"}}, {"type": "Feature", "id": 645, "geometry": {"type": "Polygon", "coordinates": [[[433.0456067590144, 761.8445919253936], [433.0175542298592, 761.8709293926316], [433.3030084963509, 761.9088547049163], [433.7057491394912, 762.0098142678147], [433.9594876894912, 762.0018244825858], [433.957465981264, 762.0364251327156], [434.0962908143744, 762.0368045447577], [434.1078386195712, 762.0688248935015], [433.9811720216928, 762.1095280250728], [433.4948990610475, 762.0705802829707], [433.0647767307605, 761.9620319081483], [432.904795523312, 761.8505172693722], [433.0456067590144, 761.8445919253936]]]}, "properties": {"OBJECTID_12": 645, "SETTLEMENT": "18099", "SETTL_NAME": "Ballymacoda", "EAST": 604311.920213, "NORTH": 571058.514725, "GUID": "6EBE14AB-5921-43D7-8A5B-E50860B5DCB0"}}, {"type": "Feature", "id": 646, "geometry": {"type": "Polygon", "coordinates": [[[341.5379843673152, 730.1938000398022], [341.65361899183256, 730.2129738555515], [341.3272802866048, 730.4777944983299], [341.3908382573227, 730.651666942108], [341.26451049007466, 730.6599467058973], [341.3329474603424, 730.9041656317282], [341.3711283226933, 730.9042834515635], [341.0586989874773, 730.9851396534024], [341.052261151424, 730.8921047667815], [341.16822368622826, 730.8702638002619], [341.12884010122775, 730.4883497557008], [340.81125631792105, 730.3168308867513], [341.5379843673152, 730.1938000398022]]]}, "properties": {"OBJECTID_12": 646, "SETTLEMENT": "18038", "SETTL_NAME": "Dromina", "EAST": 545371.545719, "NORTH": 618075.625147, "GUID": "FB98537A-B065-4C3C-B289-83755245FDD3"}}, {"type": "Feature", "id": 647, "geometry": {"type": "Polygon", "coordinates": [[[292.227322124736, 778.7337330777838], [292.20542454167787, 778.8964547982126], [292.4976645211157, 779.1118338811675], [291.74048158726185, 779.6219714774113], [290.85072098598187, 779.4586531439708], [290.5906817104, 779.5043091786781], [291.73192821286295, 779.2530346316566], [291.99027702228693, 779.1172304065348], [291.94408871915306, 779.0952555503463], [292.01596992411413, 779.0627198478176], [291.99568432671254, 778.9569975087204], [292.0490306134368, 778.9542469381424], [292.227322124736, 778.7337330777838]]]}, "properties": {"OBJECTID_12": 647, "SETTLEMENT": "18075", "SETTL_NAME": "Drimoleague", "EAST": 512519.123701, "NORTH": 545803.362075, "GUID": "6745425A-E725-446C-A4CA-AB7108FCFBBB"}}, {"type": "Feature", "id": 648, "geometry": {"type": "Polygon", "coordinates": [[[291.0393262623552, 744.8331944883619], [291.1027487278688, 744.9800099006122], [291.0676506688352, 744.9862930898573], [291.1869262458912, 745.1738008581142], [291.6111174880864, 745.276380040416], [291.58618493902935, 745.393428738384], [291.5268865396437, 745.338489587364], [290.93993340500907, 745.3949262255475], [290.87088651354776, 745.2847494160033], [290.6246788907392, 745.3696863419674], [290.6590397306229, 745.2371450208931], [290.4705161861408, 745.0185906157999], [291.0393262623552, 744.8331944883619]]]}, "properties": {"OBJECTID_12": 648, "SETTLEMENT": "19013", "SETTL_NAME": "Gneevgullia", "EAST": 512926.876337, "NORTH": 596873.509321, "GUID": "D6DB256C-4F2B-45D4-AF32-C7DDDA998C19"}}, {"type": "Feature", "id": 649, "geometry": {"type": "Polygon", "coordinates": [[[218.97695906712747, 749.1950280156772], [220.07422193660693, 749.5217147723855], [220.58595888505815, 749.4452196427708], [220.64212567408214, 749.515670175993], [220.58430424954454, 749.5438567231639], [219.75606179726293, 749.7549314090822], [219.6893532147488, 749.8484942580719], [219.67800240635307, 750.01651834022], [219.77112894962985, 750.0403403295223], [219.55112609229866, 750.1677654349661], [218.73212738128106, 749.1643966967081], [218.89312190796053, 749.1318809464946], [218.97695906712747, 749.1950280156772]]]}, "properties": {"OBJECTID_12": 649, "SETTLEMENT": "19002", "SETTL_NAME": "Glenbeigh", "EAST": 466848.224775, "NORTH": 591169.911101, "GUID": "BF64E978-912F-4B39-BFF3-0B37B3F15B33"}}, {"type": "Feature", "id": 650, "geometry": {"type": "Polygon", "coordinates": [[[228.9979732061408, 732.406982485159], [229.64832999651307, 732.8710619692854], [228.24788094438293, 733.2064448736721], [227.59216659172694, 733.1844107779208], [227.66201296046188, 733.1923837190656], [227.4787549594368, 733.0919830010936], [227.47380887967893, 733.0672231342278], [227.5359027525568, 733.0591678699569], [227.50875907984, 732.9674692142855], [227.7054747468928, 732.9641404276389], [227.72933771479467, 733.0343658412002], [228.9670211783488, 732.3703226097424], [228.9979732061408, 732.406982485159]]]}, "properties": {"OBJECTID_12": 650, "SETTLEMENT": "19031", "SETTL_NAME": "Fenit", "EAST": 473241.799472, "NORTH": 615972.654822, "GUID": "C2608529-B8C4-444D-97C4-33D69F493F67"}}, {"type": "Feature", "id": 651, "geometry": {"type": "Polygon", "coordinates": [[[225.67633165623252, 745.5849473077989], [226.25918886185707, 746.0272673114947], [226.00552356302614, 746.0740532334574], [225.67206329930772, 745.9022517177332], [225.04302462188053, 745.9915890981323], [224.3202397562016, 746.153389080295], [224.339731070912, 746.214669363891], [223.35236828222932, 746.2630278295607], [223.25707151584427, 746.1607102305933], [223.40812589624426, 746.1220035860968], [224.60147986744107, 745.826117769202], [224.55404638920533, 745.7644981295148], [225.67633165623252, 745.5849473077989]]]}, "properties": {"OBJECTID_12": 651, "SETTLEMENT": "19012", "SETTL_NAME": "Cromane", "EAST": 470396.155894, "NORTH": 596642.416492, "GUID": "ABF24432-5A0F-47D8-B7A9-1C699A7FD463"}}, {"type": "Feature", "id": 652, "geometry": {"type": "Polygon", "coordinates": [[[458.55464744166187, 585.6604009287611], [458.4852917835936, 585.7580167095523], [458.59434173888855, 585.7689251623541], [458.5757880646816, 585.8608479885532], [458.8996713153952, 586.2111367059557], [459.155894978704, 586.1444519337477], [459.0867927774923, 586.1864303713463], [459.28556475159894, 586.2340036497911], [458.8653736560096, 586.3663759254855], [458.91458752213975, 586.3319568037903], [457.87431287036054, 586.2688818152571], [457.893046439184, 585.8463147315732], [458.55464744166187, 585.6604009287611]]]}, "properties": {"OBJECTID_12": 652, "SETTLEMENT": "32006", "SETTL_NAME": "Swanlinbar", "EAST": 619407.140726, "NORTH": 826980.431856, "GUID": "462AC880-2709-4313-A2E0-30C846C2819F"}}, {"type": "Feature", "id": 653, "geometry": {"type": "Polygon", "coordinates": [[[357.90187141318825, 683.951968738714], [358.01543207761813, 683.9897851158821], [358.0654031169024, 684.169013478902], [357.59124314414186, 684.2766743066552], [357.3936823145856, 684.1179816828806], [357.5307831406709, 684.1708050215426], [356.6596064754464, 684.3023097908889], [356.68628422932375, 684.1949125314759], [357.0496706187701, 684.1693230574824], [357.4209358688192, 683.970693371795], [357.61781548745495, 683.9314921399763], [357.8436934528736, 683.9342370108176], [357.90187141318825, 683.951968738714]]]}, "properties": {"OBJECTID_12": 653, "SETTLEMENT": "16023", "SETTL_NAME": "Feakle", "EAST": 556331.876107, "NORTH": 686194.35993, "GUID": "AB6848AF-E619-48B3-8A22-93B7373DE23C"}}, {"type": "Feature", "id": 654, "geometry": {"type": "Polygon", "coordinates": [[[288.85160251241706, 682.6163247904566], [289.6559126063083, 682.9040374058156], [289.80477369100055, 682.8469298778298], [289.87783073710506, 682.8854526099458], [288.64830285692267, 683.5832786778149], [288.5503853805685, 683.3223268164677], [288.223711482944, 683.2115140440044], [288.12157590604266, 683.1287455899767], [287.1642324129184, 683.0773698010837], [287.1753103916715, 683.1223931908155], [286.8581285510965, 683.096738124539], [286.91432327337384, 683.0284554501214], [288.85160251241706, 682.6163247904566]]]}, "properties": {"OBJECTID_12": 654, "SETTLEMENT": "16008", "SETTL_NAME": "Ennistimon", "EAST": 513071.668833, "NORTH": 688294.443311, "GUID": "6EEEDA6A-AB2F-4AB4-8D24-977C5B882B57"}}, {"type": "Feature", "id": 655, "geometry": {"type": "Polygon", "coordinates": [[[366.302795346512, 640.3979659364574], [366.41372520126185, 640.8258450161189], [366.65596667008214, 641.0859478416186], [366.4519182120021, 641.0630390143925], [366.4972522372395, 640.9859829983006], [366.37596015722136, 640.9732836505812], [366.0819129823616, 641.5843636073712], [365.7930485385077, 641.515215586538], [365.8302658653216, 641.4633944751489], [365.7465706052096, 641.0767276070629], [365.81423506539625, 640.9317293385201], [365.3269715262837, 640.7959674109647], [366.302795346512, 640.3979659364574]]]}, "properties": {"OBJECTID_12": 655, "SETTLEMENT": "27017", "SETTL_NAME": "Moylough", "EAST": 562297.905634, "NORTH": 748626.784754, "GUID": "CFDDDC7B-C289-4E2C-90A0-8DCFAD828CC2"}}, {"type": "Feature", "id": 656, "geometry": {"type": "Polygon", "coordinates": [[[211.44971403726933, 734.4373325009149], [211.42917752741334, 734.5701362398911], [211.47971251274666, 734.583005947937], [211.40420270701867, 734.6497570471633], [211.53956632813868, 734.7542356114988], [211.14658022221866, 735.1294370045224], [210.50418286638933, 734.5730438919452], [210.82287219176533, 734.7302540648052], [210.77475305479467, 734.6725378918181], [210.933246350464, 734.518766186618], [210.82238836061867, 734.5310647302975], [210.79661560176, 734.4889220800604], [211.44971403726933, 734.4373325009149]]]}, "properties": {"OBJECTID_12": 656, "SETTLEMENT": "19006", "SETTL_NAME": "Castlegregory", "EAST": 462009.795985, "NORTH": 613461.974106, "GUID": "5BC78CF0-1501-4F5B-BDF2-1FCC96E48E36"}}, {"type": "Feature", "id": 657, "geometry": {"type": "Polygon", "coordinates": [[[396.72738439073385, 747.8350003278119], [396.9284839690997, 747.8658296029425], [397.3468249323787, 747.8884211128421], [397.365501888048, 747.9274530023005], [398.1163955788576, 748.3107940998462], [397.16385502648745, 748.4639751479765], [396.9716077424832, 748.3276117216161], [396.7702388411925, 748.3353087585164], [396.9139319593173, 748.4738591155132], [395.94395360467735, 748.2133813242917], [396.65100281842774, 747.8908400504506], [396.56268613900056, 747.7984636438505], [396.72738439073385, 747.8350003278119]]]}, "properties": {"OBJECTID_12": 657, "SETTLEMENT": "18034", "SETTL_NAME": "Rathcormac", "EAST": 580852.89575, "NORTH": 591570.077459, "GUID": "592E8936-1B07-466B-8884-4EA64D9F2A09"}}, {"type": "Feature", "id": 658, "geometry": {"type": "Polygon", "coordinates": [[[377.0281932715029, 740.4994542448835], [377.0789746216789, 740.5529295074374], [377.5805387510987, 740.5101171439508], [377.06959929597224, 741.0792460820253], [376.8371986760704, 741.0976425034097], [376.8364663543744, 741.1468699088346], [376.8246837889984, 741.2991832213812], [376.72263127316376, 741.3241566520912], [376.75386321653656, 741.3511520404174], [376.8939661322283, 740.7764189139257], [376.9746198516608, 740.7577121545065], [376.59373403386667, 740.5819271989146], [377.0281932715029, 740.4994542448835]]]}, "properties": {"OBJECTID_12": 658, "SETTLEMENT": "18030", "SETTL_NAME": "Castletownroche", "EAST": 568204.520354, "NORTH": 602571.660921, "GUID": "CFE5768E-319D-429F-B129-E65653A749DC"}}, {"type": "Feature", "id": 659, "geometry": {"type": "Polygon", "coordinates": [[[223.6032535943456, 779.2630387690491], [224.71523687312748, 779.6954518016988], [226.05025996620267, 779.7050704524055], [224.39948716518185, 779.7771015794332], [222.55212386500372, 780.1408789711703], [222.08817812990188, 780.1035048280919], [221.906982690864, 780.1582862875451], [221.62497310967254, 780.2777396598964], [221.51216652728533, 780.2159722522608], [223.08705820622615, 779.5367073500018], [223.084027709168, 779.4759946275068], [223.51865193566613, 779.3498636342401], [223.6032535943456, 779.2630387690491]]]}, "properties": {"OBJECTID_12": 659, "SETTLEMENT": "18008", "SETTL_NAME": "Castletownbere", "EAST": 468260.885951, "NORTH": 546170.884584, "GUID": "CC9CEBBF-4BC1-4C09-AF9A-C65F5B6E4522"}}, {"type": "Feature", "id": 660, "geometry": {"type": "Polygon", "coordinates": [[[399.51224385156905, 760.0330757105553], [400.37442762167467, 760.5853494704498], [399.7396729463445, 760.7275178092412], [398.8441674821291, 760.7217553508525], [398.57671555430505, 760.7605396072385], [398.5800920343776, 760.7984521295414], [398.4339633651968, 760.8019210860864], [398.4304540947744, 760.7576178158282], [398.13346817349225, 760.7611075332793], [397.289460500336, 760.7367880483904], [397.25853403502293, 760.5545170370549], [398.7092806623189, 760.1610534503978], [399.51224385156905, 760.0330757105553]]]}, "properties": {"OBJECTID_12": 660, "SETTLEMENT": "18062", "SETTL_NAME": "Carrigtwohill", "EAST": 581980.706518, "NORTH": 573297.428984, "GUID": "9A216311-79F1-4F7C-9229-A4FD37425C38"}}, {"type": "Feature", "id": 661, "geometry": {"type": "Polygon", "coordinates": [[[384.4073734994923, 766.6888056203969], [385.17019343586026, 766.8368974490326], [385.61344433613016, 766.7741101205863], [386.0606737539093, 768.2220800565918], [382.64452213389546, 768.3246446542606], [383.5929641210261, 767.5073567524503], [383.0904421685387, 767.2950292144069], [383.62650435152426, 767.1017500581867], [383.49889175569496, 766.9614978501124], [383.62035740744426, 766.9309475851554], [383.5656635757131, 766.8848212330025], [384.2134026283392, 766.9097562185281], [384.4073734994923, 766.6888056203969]]]}, "properties": {"OBJECTID_12": 661, "SETTLEMENT": "18015", "SETTL_NAME": "Carrigaline", "EAST": 572941.359508, "NORTH": 562593.302876, "GUID": "EDF37BEF-2E70-442F-8A29-0A2B079583D1"}}, {"type": "Feature", "id": 662, "geometry": {"type": "Polygon", "coordinates": [[[459.61196888122345, 513.9411480111893], [459.4104135962144, 514.1042341219635], [459.1920521887584, 514.2523625550064], [459.47245578344535, 515.0099128896762], [460.28300463501546, 515.6887785273325], [458.52257891747627, 515.1437432035617], [457.9148937196235, 515.1870467291377], [457.2427974450304, 515.1015890138494], [457.0480653431349, 514.8300340476853], [457.42462893557655, 514.6186412697803], [457.69240687799464, 514.5771102039353], [458.8716142328939, 514.199918909704], [459.61196888122345, 513.9411480111893]]]}, "properties": {"OBJECTID_12": 662, "SETTLEMENT": "33042", "SETTL_NAME": "Milford", "EAST": 619256.797246, "NORTH": 926823.211975, "GUID": "23E1E085-88B2-4CAC-87E5-1BD803454FFB"}}, {"type": "Feature", "id": 663, "geometry": {"type": "Polygon", "coordinates": [[[301.4379332634112, 788.6112811778752], [301.4342367455253, 789.1068666014208], [300.66386690964373, 789.166427479211], [300.1877264525024, 789.1771884739223], [300.16928747681067, 789.1388967851691], [299.83718772096, 789.1403339901381], [300.5369115900256, 788.9095244238389], [300.1449882406261, 788.6871937963131], [300.3703301348064, 788.769503306513], [300.4417219362624, 788.7504390638261], [301.0178812504267, 788.8436542276258], [300.9754703079264, 788.800309226432], [301.4379332634112, 788.6112811778752]]]}, "properties": {"OBJECTID_12": 663, "SETTLEMENT": "18074", "SETTL_NAME": "Castletownshend", "EAST": 518201.912014, "NORTH": 531258.477311, "GUID": "EE176DAE-C4B6-45FE-B77F-497F148DF208"}}, {"type": "Feature", "id": 664, "geometry": {"type": "Polygon", "coordinates": [[[617.0703268023606, 661.2361082290362], [617.84648793704, 661.364042101536], [617.7885330821622, 661.3836229987041], [617.0260331380832, 661.5057899483916], [616.8931229280128, 661.5282620870056], [617.1075368040725, 661.5964724530028], [616.9765824490411, 661.7145791499435], [616.2476537034058, 661.6473003163704], [616.0931129609803, 661.6559787299923], [616.5769221039445, 661.4100824063812], [616.4739827949888, 661.0665214367799], [616.8090812763915, 661.0401847072023], [617.0703268023606, 661.2361082290362]]]}, "properties": {"OBJECTID_12": 664, "SETTLEMENT": "05004", "SETTL_NAME": "Glencullen", "EAST": 718901.810188, "NORTH": 720529.848656, "GUID": "07601E61-3E9A-45CB-AF79-B742D215289E"}}, {"type": "Feature", "id": 665, "geometry": {"type": "Polygon", "coordinates": [[[593.0825505317376, 656.5480338809443], [593.5105104044299, 656.5773625362264], [593.5139581865952, 656.6347835981713], [593.126339127183, 656.6858604154405], [593.3455185886742, 657.1904297914334], [592.3069639466763, 657.1703887599626], [592.3366512250667, 657.0581301719513], [592.1520894057408, 657.0720809149805], [591.5526043772917, 656.9735889079918], [591.5874992857642, 656.5622554749749], [591.7241917366123, 656.6536068368388], [592.900624904255, 656.6522547142087], [593.0825505317376, 656.5480338809443]]]}, "properties": {"OBJECTID_12": 665, "SETTLEMENT": "03006", "SETTL_NAME": "Saggart", "EAST": 703715.141255, "NORTH": 726698.802492, "GUID": "38ADB62E-15C4-47D2-B0E1-10BC9E537095"}}, {"type": "Feature", "id": 666, "geometry": {"type": "Polygon", "coordinates": [[[589.1418892613323, 656.3262725040082], [589.7360705606251, 656.5704542816333], [591.4216696692544, 656.5635781051226], [591.1055697115253, 656.6517537869723], [590.8024846723424, 656.9857273456815], [590.6245243455627, 657.1332144944947], [589.9942727793035, 657.128518648304], [589.8930427910229, 657.1643315650882], [588.6828267999061, 657.2602084352159], [588.3541328521387, 657.3916584595322], [589.2851201428523, 656.7731849398134], [588.9472142210261, 656.5046341750701], [589.1418892613323, 656.3262725040082]]]}, "properties": {"OBJECTID_12": 666, "SETTLEMENT": "03005", "SETTL_NAME": "Rathcoole", "EAST": 701852.382571, "NORTH": 726667.834952, "GUID": "1246F6D1-1CD5-4F0A-BA36-88A623D4B49C"}}, {"type": "Feature", "id": 667, "geometry": {"type": "Polygon", "coordinates": [[[585.39380360424, 654.7284133703314], [586.6035080937621, 654.9719854145277], [588.5616963832096, 655.1848528025392], [588.4391512689014, 655.1611305739209], [586.947947017441, 655.7969428667673], [585.6334735957323, 655.7428978961481], [585.6441744126486, 655.8478024323045], [585.6277791792213, 656.2947899117452], [585.726708052992, 656.2153150722474], [585.4004905649707, 656.1561861002526], [585.4449171447243, 655.8993374748522], [585.3824323915734, 655.1885233787791], [585.39380360424, 654.7284133703314]]]}, "properties": {"OBJECTID_12": 667, "SETTLEMENT": "03004", "SETTL_NAME": "Newcastle", "EAST": 699975.526798, "NORTH": 728663.428168, "GUID": "703CB8E0-6221-4F06-B275-C28FC29512B3"}}, {"type": "Feature", "id": 668, "geometry": {"type": "Polygon", "coordinates": [[[337.5229586649429, 765.3268932708298], [339.24754678567894, 765.5858780811059], [339.24257756577174, 765.7332678379653], [338.8547046296981, 765.7818872079087], [338.8340996946901, 765.7241133960399], [338.31133760294614, 765.7563942160939], [338.2675870146101, 765.8874207136374], [337.6542335742133, 765.8148588123886], [337.1236730796352, 765.5312485182662], [337.3223172944171, 765.4750600448075], [337.1773194982421, 765.4073215919993], [337.2765225992437, 765.3712607594694], [337.5229586649429, 765.3268932708298]]]}, "properties": {"OBJECTID_12": 668, "SETTLEMENT": "18003", "SETTL_NAME": "Crookstown", "EAST": 542805.167832, "NORTH": 565923.260783, "GUID": "8409A961-77A5-4C4D-8E2C-88DF4F5B1E35"}}, {"type": "Feature", "id": 669, "geometry": {"type": "Polygon", "coordinates": [[[580.4867403831328, 688.4468306203127], [580.7011196058869, 688.480617834397], [581.0803689191926, 688.8421128435369], [580.9745613019392, 688.9129800251877], [581.2594568693088, 689.0390885967247], [580.4374312663242, 688.7780424012728], [579.91269737688, 688.9375555849359], [579.8031315218273, 688.7510690665509], [579.7352744095701, 688.7361409686184], [579.7881131118112, 688.7162649021022], [579.9749519934336, 688.5491478435648], [580.031441765952, 688.5914105655542], [580.4867403831328, 688.4468306203127]]]}, "properties": {"OBJECTID_12": 669, "SETTLEMENT": "01001", "SETTL_NAME": "Hacketstown", "EAST": 697065.339682, "NORTH": 680206.534255, "GUID": "CF06EC32-A14B-4B9D-8E35-BDFC1A7EEFF6"}}, {"type": "Feature", "id": 670, "geometry": {"type": "Polygon", "coordinates": [[[421.3262162017941, 758.7471292081582], [421.38150149632105, 758.7547446880453], [421.3882850441248, 758.9008979940979], [421.0599002769333, 758.9516571700433], [420.81091485952425, 758.9687021764513], [420.7597825390261, 759.1556749983334], [421.02776810706774, 759.137029284847], [420.8983203380672, 759.2983497700295], [420.5459312860288, 759.3474056743215], [420.3610037834816, 759.3240280531469], [420.3352716555936, 759.2505693096475], [420.18541012421014, 759.115203461274], [421.3262162017941, 758.7471292081582]]]}, "properties": {"OBJECTID_12": 670, "SETTLEMENT": "18098", "SETTL_NAME": "Mogeely", "EAST": 596189.868371, "NORTH": 575379.073867, "GUID": "9F629BE4-0FAC-4F48-A60D-1207253B34E9"}}, {"type": "Feature", "id": 671, "geometry": {"type": "Polygon", "coordinates": [[[334.8902196731723, 747.6535668446863], [335.1867990570368, 747.6659516908106], [335.46207691812265, 747.7849393089324], [335.39405340610773, 747.7902457289089], [335.20260070194456, 747.8219753935907], [334.9163900606763, 747.8510134350536], [334.83086998710826, 747.885103914316], [334.64231003030295, 747.8454635183527], [334.6327844980064, 747.8197612866792], [334.56279366386775, 747.6896728498576], [334.7832683773269, 747.6786511688373], [334.7732000544299, 747.6634487713322], [334.8902196731723, 747.6535668446863]]]}, "properties": {"OBJECTID_12": 671, "SETTLEMENT": "18107", "SETTL_NAME": "Lyre", "EAST": 541063.208396, "NORTH": 592571.277035, "GUID": "7670B102-EB8A-4F72-941A-59B383B26720"}}, {"type": "Feature", "id": 672, "geometry": {"type": "Polygon", "coordinates": [[[244.9010993365376, 784.7379555243112], [245.59229421939094, 785.3001383809283], [245.2736839200896, 785.2085432104832], [245.19557595040854, 785.2009713581152], [245.0862158864832, 785.2279956273534], [244.6705418121376, 785.1539406040296], [244.18020813446932, 785.2955582863741], [244.26231345674987, 785.1817429479117], [244.338946634704, 785.1612671195048], [244.47460057026348, 785.1081108366141], [244.48208677781653, 784.8128671354461], [244.81526108027094, 784.6853613212127], [244.9010993365376, 784.7379555243112]]]}, "properties": {"OBJECTID_12": 672, "SETTLEMENT": "18114", "SETTL_NAME": "Kilcrohane", "EAST": 481896.371635, "NORTH": 537820.540526, "GUID": "6ECCF74E-FB16-4B2E-87BF-72080489DFE0"}}, {"type": "Feature", "id": 673, "geometry": {"type": "Polygon", "coordinates": [[[263.25184144042134, 698.6160837761666], [263.752410980512, 698.659414448834], [263.59395981630934, 698.6799760388411], [264.2119775328565, 698.8302672156531], [264.59522736409707, 698.6848495403416], [265.4360215424608, 698.769409661165], [265.0486024384437, 698.827407243451], [264.4297055218912, 698.8869948942574], [264.5814607942016, 699.0183686992465], [263.783171507552, 699.0173325225812], [263.49583597358185, 699.0254395494434], [262.96240871420696, 698.5502385745507], [263.25184144042134, 698.6160837761666]]]}, "properties": {"OBJECTID_12": 673, "SETTLEMENT": "16013", "SETTL_NAME": "Doonbeg", "EAST": 497065.340735, "NORTH": 665572.971155, "GUID": "F1F83D5B-6DEB-497E-BDEB-5F987566FBE0"}}, {"type": "Feature", "id": 674, "geometry": {"type": "Polygon", "coordinates": [[[329.0975732587381, 646.6535743247368], [329.10460664071576, 646.8364910797466], [328.2647062174048, 647.1667175213092], [328.3140469268128, 647.2023367166191], [328.1857318920416, 647.2360928547783], [328.29688996545065, 647.3141459774417], [327.8475386044597, 647.386822212059], [327.70316385547306, 647.2764261944634], [327.58640849031895, 647.3903587897086], [326.82120129379626, 647.1741843252744], [328.444912999408, 646.9008158179654], [328.66780587682774, 646.8967987255129], [329.0975732587381, 646.6535743247368]]]}, "properties": {"OBJECTID_12": 674, "SETTLEMENT": "27037", "SETTL_NAME": "Annaghdown", "EAST": 538540.029521, "NORTH": 740137.433553, "GUID": "653607E9-4D87-4DB0-9A9D-22D692F2D212"}}, {"type": "Feature", "id": 675, "geometry": {"type": "Polygon", "coordinates": [[[549.8011361512096, 655.75768707231], [549.4882739600096, 656.3452249098159], [549.4624346241707, 656.6589613186119], [548.6765742144918, 656.7430518684158], [547.7925392413046, 656.6937177742325], [547.7211697627989, 656.3265832199718], [549.5386114856203, 656.0138889318767], [549.1744423475083, 655.8106536546014], [549.7126540926389, 655.5854427897276], [549.6566521775978, 655.5727645572597], [549.7145660009813, 655.5021208690619], [549.9968954256703, 655.5529297907174], [549.8011361512096, 655.75768707231]]]}, "properties": {"OBJECTID_12": 675, "SETTLEMENT": "06030", "SETTL_NAME": "Allenwood", "EAST": 676412.469372, "NORTH": 726995.298142, "GUID": "45233ADB-EF68-4319-A75E-BCA91DCEFE96"}}, {"type": "Feature", "id": 676, "geometry": {"type": "Polygon", "coordinates": [[[332.19617739051307, 743.894550079751], [331.90788828052587, 744.1263444210183], [331.8271363847115, 744.28623088799], [331.66208834390613, 744.2806540584596], [331.10235592962664, 744.2606981120265], [331.24735690847467, 744.4093928220404], [330.7907493195307, 744.4019237562169], [330.65547781381974, 744.2962086152631], [330.56915770734184, 744.3119850819874], [330.5527484683168, 744.1255541309072], [331.0494606397749, 744.0473864083395], [331.35759102400533, 743.8671810504096], [332.19617739051307, 743.894550079751]]]}, "properties": {"OBJECTID_12": 676, "SETTLEMENT": "18036", "SETTL_NAME": "Banteer", "EAST": 538828.782698, "NORTH": 598010.885494, "GUID": "E85BC435-99B7-4970-B3F2-5870113F7491"}}, {"type": "Feature", "id": 677, "geometry": {"type": "Polygon", "coordinates": [[[550.712827324128, 667.2876019126572], [551.0337183993898, 667.854296778712], [550.4555653341803, 668.0934806073707], [550.4114841033035, 668.1584097602538], [550.3669719719094, 668.2280328426899], [550.0436346985824, 668.2091500061879], [550.0911564270325, 668.1580303556657], [549.9542270041056, 668.1304023219645], [549.972339615327, 668.103255752795], [550.1077740193589, 668.1231613271871], [550.1984759000395, 668.0578521311093], [549.6301520476469, 667.9840032503253], [550.712827324128, 667.2876019126572]]]}, "properties": {"OBJECTID_12": 677, "SETTLEMENT": "06017", "SETTL_NAME": "Brownstown", "EAST": 677598.722979, "NORTH": 710364.253824, "GUID": "023F869A-E223-4205-B049-C97639938684"}}, {"type": "Feature", "id": 678, "geometry": {"type": "Polygon", "coordinates": [[[247.90144400590293, 668.4939055022285], [249.65255810948372, 668.5929950154987], [249.8150411666112, 668.6869065085816], [249.78280246676906, 668.6924277414375], [248.9730180957632, 669.247934115392], [248.84269738646614, 669.3537338149865], [248.81470932815787, 669.3570291954437], [248.7615625694912, 669.2154648278595], [248.58044593746348, 669.2955468990467], [247.71956897652373, 668.5405743309535], [247.74719571425814, 668.5105494584965], [247.80066682333015, 668.5199331658965], [247.90144400590293, 668.4939055022285]]]}, "properties": {"OBJECTID_12": 678, "SETTLEMENT": "27006", "SETTL_NAME": "Cill Rónáin", "EAST": 488145.309789, "NORTH": 709232.000376, "GUID": "0B90F810-8325-4529-B5E8-860551BB06F9"}}, {"type": "Feature", "id": 679, "geometry": {"type": "Polygon", "coordinates": [[[347.68657215887464, 654.331196371014], [347.5778546453248, 655.6158817296875], [347.5948551683669, 655.7518437022634], [347.4247115012416, 655.7514497685355], [345.720942282752, 655.8582963495378], [344.88126389353704, 655.2501965595518], [345.058824039088, 655.2662422866097], [345.24389212635947, 655.1666140087592], [345.95263957170454, 654.9231012852805], [346.7235884591936, 654.5967785644901], [347.2058297633408, 654.343681060181], [347.2989694462944, 654.4741844046763], [347.68657215887464, 654.331196371014]]]}, "properties": {"OBJECTID_12": 679, "SETTLEMENT": "27012", "SETTL_NAME": "Athenry", "EAST": 550126.965348, "NORTH": 728267.266027, "GUID": "A6C72158-5D5B-48B2-94A5-8AD265DA188B"}}, {"type": "Feature", "id": 680, "geometry": {"type": "Polygon", "coordinates": [[[439.67123810969815, 578.1008382528837], [439.6694103992736, 578.1537721610687], [440.66281135226455, 578.3482034262441], [441.0020983005312, 578.2854807259039], [439.9029799279211, 578.4050828014028], [439.1458104945536, 578.2850386736253], [439.16715340952425, 578.3691264166466], [438.18147647616854, 578.4199080561034], [438.1294135506528, 578.3620347046207], [438.3565152323648, 578.3792915218864], [438.3117194109056, 578.2858369122564], [438.5445532669643, 578.1878387542904], [439.67123810969815, 578.1008382528837]]]}, "properties": {"OBJECTID_12": 680, "SETTLEMENT": "32018", "SETTL_NAME": "Blacklion", "EAST": 607915.996626, "NORTH": 837976.181832, "GUID": "B0F320A2-2098-49A3-841F-055066DE0B40"}}, {"type": "Feature", "id": 681, "geometry": {"type": "Polygon", "coordinates": [[[513.7656962841942, 611.2512027816384], [513.1158503064512, 611.5921165342634], [512.5173169176118, 611.6852400938678], [511.884121913936, 612.1569008142835], [511.7804049690155, 612.1855409161382], [512.0785672698411, 612.6179900571586], [511.6112470546475, 612.4535421140318], [511.3282910854336, 612.2812620865021], [511.2281478736576, 612.1997794245711], [511.3298500969941, 612.183375636364], [510.2426583339808, 611.9095265948838], [510.6538608144256, 611.376933782395], [513.7656962841942, 611.2512027816384]]]}, "properties": {"OBJECTID_12": 681, "SETTLEMENT": "32007", "SETTL_NAME": "Ballyjamesduff", "EAST": 652502.934182, "NORTH": 790747.61186, "GUID": "1F8B42CC-498B-4A58-9F52-C6A96080151C"}}, {"type": "Feature", "id": 682, "geometry": {"type": "Polygon", "coordinates": [[[421.9242663245589, 761.328210954407], [422.58324591769065, 761.3831712259692], [423.0971350512032, 761.407684743794], [422.6507070814453, 761.3967725861231], [422.6688122616885, 761.4214591951488], [422.58223855722133, 761.4324093923082], [422.27252228262614, 761.6460637967698], [421.50999265024745, 761.6250480582207], [421.8684268485856, 761.4071042039445], [421.9536345374603, 761.3989667896909], [421.9290110350187, 761.3611981137677], [421.86644267588053, 761.3311975324223], [421.9242663245589, 761.328210954407]]]}, "properties": {"OBJECTID_12": 682, "SETTLEMENT": "18082", "SETTL_NAME": "Knockglass", "EAST": 597036.252193, "NORTH": 571768.571306, "GUID": "E45BBF1F-ADA7-4C47-97E5-05C2DEA6ED91"}}, {"type": "Feature", "id": 683, "geometry": {"type": "Polygon", "coordinates": [[[256.5990051827029, 740.9494062094026], [256.7804699862411, 740.9818532616373], [256.6558966065653, 741.0122369727692], [256.9373988199765, 741.2719932012059], [256.2020500421504, 741.1875568518799], [256.182157630208, 741.2220310959542], [255.957741716672, 741.2500275380186], [255.83773607588586, 741.2857698204806], [255.71028613193815, 741.1919851893548], [255.84545648522348, 741.1241521585878], [256.0657106960192, 741.1293329375222], [256.5825644347456, 740.886458311357], [256.5990051827029, 740.9494062094026]]]}, "properties": {"OBJECTID_12": 683, "SETTLEMENT": "19036", "SETTL_NAME": "Fieries", "EAST": 490797.865939, "NORTH": 603297.366902, "GUID": "55605AF8-3BD4-4665-9B38-DF244CC76C40"}}, {"type": "Feature", "id": 684, "geometry": {"type": "Polygon", "coordinates": [[[280.6500849001973, 791.9110578180652], [281.07771550088, 792.0121309758962], [280.8881107164171, 792.0747109706675], [280.94123468901654, 792.119985870987], [281.2978962238688, 792.066086157809], [281.30176811077655, 792.0840333221342], [281.53152136276907, 792.170988072242], [281.4758227676843, 792.2317255271789], [281.5291822280224, 792.2343643419291], [280.701301320208, 792.4854370361342], [279.5065975136864, 792.6483736019618], [279.16651716401384, 792.6676260807228], [280.6500849001973, 791.9110578180652]]]}, "properties": {"OBJECTID_12": 684, "SETTLEMENT": "18073", "SETTL_NAME": "Baltimore", "EAST": 504821.163327, "NORTH": 526427.4759, "GUID": "670E9005-54B1-4826-AD41-EF29FD30749B"}}, {"type": "Feature", "id": 685, "geometry": {"type": "Polygon", "coordinates": [[[523.6319517371669, 613.4703027849847], [523.8037281458635, 613.6516657377491], [524.4878388732224, 613.5883780265991], [526.3467350063787, 613.8872682566255], [526.165700832865, 613.9653627371115], [526.5941556159029, 614.1048106816025], [526.0712321828587, 614.4655586923445], [525.5348810211487, 614.2491184853562], [525.0809332191606, 614.0950924976542], [523.9204495228811, 614.0679687905903], [523.0751587832224, 613.8397747177546], [522.6340259184736, 613.7907584234455], [523.6319517371669, 613.4703027849847]]]}, "properties": {"OBJECTID_12": 685, "SETTLEMENT": "32008", "SETTL_NAME": "Virginia", "EAST": 660534.488163, "NORTH": 787739.683238, "GUID": "49471E78-A303-4DB2-8E4D-DB5FD5B98466"}}, {"type": "Feature", "id": 686, "geometry": {"type": "Polygon", "coordinates": [[[405.795572257056, 509.9540472046199], [409.39716289364264, 510.7346828945809], [409.4143564472128, 510.75116160563965], [409.321537982112, 510.9716050315724], [407.92022314406506, 511.31995105959777], [407.91118290957974, 511.28342135617373], [407.9810328868331, 511.2804757338096], [404.9493428332416, 510.7924637883421], [404.8842117565376, 510.6771685417284], [405.1231623040256, 510.5425187914647], [404.7709987781248, 510.3903792222195], [404.830256702352, 510.3734691403728], [405.795572257056, 509.9540472046199]]]}, "properties": {"OBJECTID_12": 686, "SETTLEMENT": "33013", "SETTL_NAME": "Mín Lárach", "EAST": 588291.175327, "NORTH": 932763.398845, "GUID": "2D49BF65-F554-4A39-8A79-4DF5A2D2984E"}}, {"type": "Feature", "id": 687, "geometry": {"type": "Polygon", "coordinates": [[[253.45244448336854, 727.4487455537761], [253.4994934160576, 727.4940305763859], [253.5435408917888, 727.5496769193538], [253.51021046914346, 727.5572077689849], [253.52081604208107, 727.5681970560734], [253.49248269122347, 727.5736727213401], [253.4894762230624, 727.6101951686642], [253.28680821715628, 727.7231104874734], [253.09782526845655, 727.699526025394], [253.0329709397952, 727.5742584772049], [253.15085800869332, 727.5640359457278], [253.1835542441376, 727.4679471937469], [253.45244448336854, 727.4487455537761]]]}, "properties": {"OBJECTID_12": 687, "SETTLEMENT": "19037", "SETTL_NAME": "Kilflynn", "EAST": 489280.327024, "NORTH": 623374.501545, "GUID": "68D569E1-682A-4973-8BBB-1D5FF0C65361"}}, {"type": "Feature", "id": 688, "geometry": {"type": "Polygon", "coordinates": [[[293.9411399854571, 648.24786605287], [294.77256207266987, 648.5918389204678], [295.20047115603734, 648.6583538793249], [294.76181126919255, 648.7547820555377], [294.7521478630891, 648.816639245129], [294.4208193833472, 648.7979921563588], [294.3737537731893, 648.9361907966548], [293.9680403680448, 648.9898745459149], [293.5671085772032, 649.0246429156746], [293.2390314105472, 648.9142872261211], [293.3713520103136, 648.457185044389], [293.4383461033173, 648.4399925784045], [293.9411399854571, 648.24786605287]]]}, "properties": {"OBJECTID_12": 688, "SETTLEMENT": "27035", "SETTL_NAME": "Rosscahill", "EAST": 517304.009729, "NORTH": 738220.208444, "GUID": "DDE9CA75-A4B4-4BD5-8087-7AFDDEBCB167"}}, {"type": "Feature", "id": 689, "geometry": {"type": "Polygon", "coordinates": [[[295.38130882242774, 764.7118498997263], [295.7323105256032, 764.831248664926], [295.21099206358934, 765.1802483819965], [294.7825511720469, 765.414324444152], [294.52669681789865, 765.5079356919932], [294.5180693656267, 765.484138742784], [294.13017748557866, 765.5686684827284], [294.1034189281813, 765.543475737309], [294.4219840819904, 765.3606735163379], [294.9342713774368, 765.0930751317786], [295.0650679788096, 764.961669439532], [295.3881281170667, 764.6207957829849], [295.38130882242774, 764.7118498997263]]]}, "properties": {"OBJECTID_12": 689, "SETTLEMENT": "18023", "SETTL_NAME": "Béal Átha An Ghaorthaidh", "EAST": 514949.169266, "NORTH": 567037.511109, "GUID": "157C8C92-DD36-4530-9E3E-5148C87341A4"}}, {"type": "Feature", "id": 690, "geometry": {"type": "Polygon", "coordinates": [[[535.6901367487691, 504.8148957861408], [536.1336833184779, 505.0875726632359], [534.9587814113579, 505.63184457617115], [532.0156863209163, 506.00111382229437], [532.001127384256, 505.92234158305604], [532.2395500279179, 505.8414552520163], [532.6959430274283, 505.7532275615256], [533.176297752385, 505.5830314637426], [533.0849960338869, 505.5106351887829], [533.4690169310346, 505.43452244132385], [534.486127969409, 505.3712371811539], [534.4474781901238, 505.3484794541258], [535.6901367487691, 504.8148957861408]]]}, "properties": {"OBJECTID_12": 690, "SETTLEMENT": "33032", "SETTL_NAME": "Greencastle", "EAST": 664312.400846, "NORTH": 940100.967686, "GUID": "FD8BD703-842F-4D1A-8C4A-19B006270881"}}, {"type": "Feature", "id": 691, "geometry": {"type": "Polygon", "coordinates": [[[606.4840332758549, 637.9704228388664], [606.5894722996885, 638.0693245715547], [606.489625555823, 638.4684945128039], [606.0832425318698, 638.4260716672169], [606.1611465171243, 638.2858591150659], [605.9376938359669, 638.186645486077], [605.6485694104384, 638.1482343825703], [605.5073917311157, 638.0464409448099], [605.7845013666293, 638.0757170708581], [605.7878525712149, 638.0987259182879], [605.8540663504469, 638.0993753643176], [605.8552381256608, 638.0393017380728], [606.4840332758549, 637.9704228388664]]]}, "properties": {"OBJECTID_12": 691, "SETTLEMENT": "04016", "SETTL_NAME": "Oldtown", "EAST": 711582.670614, "NORTH": 753940.933034, "GUID": "A88242D6-3DCF-4083-B661-4B333E9006A8"}}, {"type": "Feature", "id": 692, "geometry": {"type": "Polygon", "coordinates": [[[487.6506622917259, 525.5649353972908], [487.7684806877099, 525.5732148236062], [487.64384037704855, 525.7653696648842], [488.0829268853173, 525.7861060276463], [488.0930490617248, 525.8214304740997], [488.1102191289205, 525.9850797191857], [487.8442155005995, 525.8684345931406], [487.5666100712651, 525.8623515037924], [486.9918753894336, 525.8549709230726], [486.64773454544536, 525.8011700415271], [487.54642893202345, 525.6969333548152], [487.54043284177385, 525.5483263822321], [487.6506622917259, 525.5649353972908]]]}, "properties": {"OBJECTID_12": 692, "SETTLEMENT": "33029", "SETTL_NAME": "Carrigans", "EAST": 636590.52992, "NORTH": 911635.973144, "GUID": "8FF9AE19-D513-4EDB-BDC6-90EA691DF680"}}, {"type": "Feature", "id": 693, "geometry": {"type": "Polygon", "coordinates": [[[325.507776899264, 651.821014858381], [326.01738595874775, 651.9107004129022], [326.15041825376744, 651.8450658188046], [326.12919164389865, 651.9538192531505], [326.2084306482784, 652.0652282121437], [326.71162752169494, 652.3109139677491], [326.5073479682816, 652.3978309275504], [325.5799621060075, 652.4352199230747], [325.4049723438571, 652.4981888969589], [325.314187278, 652.4571226050284], [325.49952624130344, 652.2075165758494], [325.3147788039925, 651.9726594039435], [325.507776899264, 651.821014858381]]]}, "properties": {"OBJECTID_12": 693, "SETTLEMENT": "27032", "SETTL_NAME": "Baile Chláir", "EAST": 537088.284886, "NORTH": 732751.807217, "GUID": "1D1056D8-A8DC-4F0B-A635-61C4BA52CB12"}}, {"type": "Feature", "id": 694, "geometry": {"type": "Polygon", "coordinates": [[[422.93717926930987, 764.4718443257394], [422.8953098544896, 764.5329858304582], [423.65313881484906, 764.6254232386873], [423.7005444226315, 764.5565166420065], [425.3239312233184, 764.9641526924103], [424.34271276832214, 764.9632726345069], [424.0600075057248, 764.9710634132279], [423.9320592279488, 764.9962213870451], [422.40882921965016, 765.0758932707203], [422.2627863367317, 764.8654151395227], [422.8874197509472, 764.7021482133509], [422.7589333380363, 764.5628764014823], [422.93717926930987, 764.4718443257394]]]}, "properties": {"OBJECTID_12": 694, "SETTLEMENT": "18066", "SETTL_NAME": "Shanagarry", "EAST": 598075.100095, "NORTH": 566754.046254, "GUID": "0A358F87-A1BF-4D55-824C-B04C74CBC752"}}, {"type": "Feature", "id": 695, "geometry": {"type": "Polygon", "coordinates": [[[552.5367437575338, 655.6645960537694], [553.5044275442112, 655.8506802761088], [553.3206576177494, 656.032567098079], [553.463317152577, 655.9538181516295], [553.1232037269259, 655.881503364229], [553.0476554883381, 656.0194782535557], [552.1982534300789, 656.0023893682502], [552.408038248736, 655.8796295728088], [552.1922875558869, 655.8398680727373], [552.335498755168, 655.7758814559036], [552.2725488025173, 655.7612539408386], [552.3749522902784, 655.7342025629963], [552.5367437575338, 655.6645960537694]]]}, "properties": {"OBJECTID_12": 695, "SETTLEMENT": "06018", "SETTL_NAME": "Coill Dubh (Blackwood)", "EAST": 678909.503777, "NORTH": 727635.949055, "GUID": "C5636210-26AE-4854-A83B-9CF0F988B094"}}, {"type": "Feature", "id": 696, "geometry": {"type": "Polygon", "coordinates": [[[392.441523180688, 637.9947204675907], [391.9362996567317, 638.660539150661], [391.69597140752427, 638.5300029578681], [391.20404738759464, 638.3776456357847], [390.24450134015893, 638.3648586235843], [390.62165901735784, 638.2764616075266], [390.6433924625675, 638.2264555390386], [390.82928692978027, 638.2580948605462], [390.7637504784587, 638.3085270911167], [390.892418656432, 638.3460314232501], [391.5680672716864, 638.0825421322193], [391.7067076711957, 637.9196535815795], [392.441523180688, 637.9947204675907]]]}, "properties": {"OBJECTID_12": 696, "SETTLEMENT": "27016", "SETTL_NAME": "Ballygar", "EAST": 578290.25285, "NORTH": 752455.41471, "GUID": "0F8DAE5B-65D9-486F-866E-337F8EE1BA8D"}}, {"type": "Feature", "id": 697, "geometry": {"type": "Polygon", "coordinates": [[[347.4730350722219, 692.9137107685756], [348.01525214769174, 693.1711707671153], [347.7223049775296, 693.2792615769789], [346.1954669432416, 693.5122181761361], [346.21664921803415, 693.5475313259819], [345.91187686192853, 693.225211683016], [346.53903652584427, 693.0418537539656], [346.6738122202464, 693.0249479345532], [347.16061242325225, 692.8563145037983], [347.2320456152811, 692.8460438359821], [347.1996619216544, 692.7996556658869], [347.3312116355061, 692.7883314129926], [347.4730350722219, 692.9137107685756]]]}, "properties": {"OBJECTID_12": 697, "SETTLEMENT": "16027", "SETTL_NAME": "Kilkishen", "EAST": 549602.977191, "NORTH": 672987.936115, "GUID": "23382B23-7F7D-4790-B27B-673349845DAF"}}, {"type": "Feature", "id": 698, "geometry": {"type": "Polygon", "coordinates": [[[540.8321705931766, 681.017962401784], [540.8582808104021, 681.0387343404824], [540.9761988107531, 681.0193205914516], [541.3306919193622, 681.4072056449087], [540.8979271811722, 681.4944830029448], [540.8482412124843, 681.4584089552397], [540.3684436054422, 681.5369381092326], [539.8736506477536, 681.5093061790138], [539.7381846768982, 681.3992597721574], [539.777606091729, 681.276139792377], [539.7537273171413, 681.2480887166645], [539.9102137555211, 681.2131029537024], [540.8321705931766, 681.017962401784]]]}, "properties": {"OBJECTID_12": 698, "SETTLEMENT": "06033", "SETTL_NAME": "Ballyroe", "EAST": 671694.739105, "NORTH": 690667.898369, "GUID": "DC6C2C22-2559-43B7-9779-951D330B6B4F"}}, {"type": "Feature", "id": 699, "geometry": {"type": "Polygon", "coordinates": [[[585.2588469854016, 651.5852639701897], [586.0072278044757, 651.7444459808295], [585.1013048186453, 652.1688241694065], [585.0250061771146, 652.4956712604157], [585.3700178027477, 652.5353166802541], [585.3316865406218, 652.6007032792406], [585.4929713439296, 652.6211896139276], [585.0468455545333, 652.7890580967628], [585.2005942101878, 652.9578976127978], [584.8275608265994, 652.826819383809], [584.7717526359872, 652.4967404191468], [584.1840418884182, 652.2238860283268], [585.2588469854016, 651.5852639701897]]]}, "properties": {"OBJECTID_12": 699, "SETTLEMENT": "06006", "SETTL_NAME": "Ballyoulster", "EAST": 698990.824514, "NORTH": 733557.15231, "GUID": "D8013E22-4AFA-4AC6-B278-E1699775D330"}}, {"type": "Feature", "id": 700, "geometry": {"type": "Polygon", "coordinates": [[[574.1286179613248, 668.0025999237058], [575.4681055777984, 668.2094174252353], [574.5970085882293, 669.2162644689419], [574.2393788123978, 669.4645862768018], [574.4980148343158, 669.5309671188976], [574.5006058875371, 669.5682685474667], [573.4713542653856, 669.2386584881538], [574.4230094417483, 668.8828192674373], [574.4529015139456, 668.683863129212], [573.9721222242976, 668.2187970092244], [574.1364679139573, 668.1276523096194], [573.9315608069855, 667.962483018838], [574.1286179613248, 668.0025999237058]]]}, "properties": {"OBJECTID_12": 700, "SETTLEMENT": "06016", "SETTL_NAME": "Ballymore Eustace", "EAST": 692655.329486, "NORTH": 709104.568354, "GUID": "77274E5B-52D0-4A68-BF27-E9EBE2B28919"}}, {"type": "Feature", "id": 701, "geometry": {"type": "Polygon", "coordinates": [[[310.5560661431957, 641.26063915657], [310.7321637877312, 641.8860206285138], [310.0452853777419, 642.6493063871665], [309.1757917782837, 642.3552223902333], [308.29755528916905, 642.4106626835754], [308.1766276035936, 642.4294237601641], [308.3990929732704, 642.1787135075907], [308.16376306680746, 641.9268183782656], [308.998889029968, 642.1318019333115], [310.12569830482136, 641.5010289182457], [310.25521703642664, 641.4296074798308], [310.36016636485334, 641.376217917122], [310.5560661431957, 641.26063915657]]]}, "properties": {"OBJECTID_12": 701, "SETTLEMENT": "27026", "SETTL_NAME": "Headford", "EAST": 527054.432405, "NORTH": 747481.976462, "GUID": "63CAF794-F008-490A-A7BC-FDC2F11C5F73"}}, {"type": "Feature", "id": 702, "geometry": {"type": "Polygon", "coordinates": [[[339.35676661547626, 672.2271714439772], [341.3464786221024, 673.184073348993], [341.39218411565867, 673.6099791262836], [342.0766128627573, 673.8388170322738], [339.8642230093931, 674.0017819738878], [338.88121132384856, 674.5698694365992], [339.15834133826667, 674.0596825922382], [339.50869641366506, 673.9774410807847], [339.2984352829163, 673.9549415471653], [338.66426265111573, 673.5284106523848], [338.17342263509653, 673.1062995674562], [339.05016644961813, 672.1408344279042], [339.35676661547626, 672.2271714439772]]]}, "properties": {"OBJECTID_12": 702, "SETTLEMENT": "27010", "SETTL_NAME": "Gort", "EAST": 545369.100631, "NORTH": 701727.201496, "GUID": "1DE1B328-3FFF-44A3-BF57-F0ABEC953AAF"}}, {"type": "Feature", "id": 703, "geometry": {"type": "Polygon", "coordinates": [[[369.0294947086912, 630.7914988238691], [368.96227855494504, 630.9958439708533], [368.17086039382934, 631.9280360566923], [366.87964860185707, 632.2592641211421], [366.9397380965248, 632.2688145242071], [366.6623602589664, 632.40812596247], [366.19102007112855, 632.1676024694257], [365.73884105447786, 631.484728628306], [367.97214777738026, 630.8422016452389], [367.93318923676907, 630.7739999160681], [368.04925414332905, 630.7532408679559], [368.4557915634112, 630.7355855966], [369.0294947086912, 630.7914988238691]]]}, "properties": {"OBJECTID_12": 703, "SETTLEMENT": "27009", "SETTL_NAME": "Glenamaddy", "EAST": 563155.915087, "NORTH": 762292.05813, "GUID": "C21DF80C-A638-4348-BB71-221EF8A37D65"}}, {"type": "Feature", "id": 704, "geometry": {"type": "Polygon", "coordinates": [[[499.7503591459392, 611.4871949678393], [500.0898545357867, 611.5673339971864], [499.40291548873813, 611.9987388909532], [499.5220414254272, 612.3365840151746], [499.5986506013515, 612.3669096557871], [499.3695928271435, 612.38327272738], [499.22909857250346, 612.4274637424795], [499.50975485429655, 612.2730119512892], [498.7112714894475, 612.2598445327819], [498.58455597990934, 612.0059513837538], [498.7954225327872, 611.6651631961385], [499.23424059303466, 611.6008352003989], [499.7503591459392, 611.4871949678393]]]}, "properties": {"OBJECTID_12": 704, "SETTLEMENT": "32017", "SETTL_NAME": "Kilnaleck", "EAST": 644754.528067, "NORTH": 790392.582118, "GUID": "6AC7D742-B148-4A2D-BB9F-14FEA0DAA0DF"}}, {"type": "Feature", "id": 705, "geometry": {"type": "Polygon", "coordinates": [[[347.7177092127797, 759.3388770646693], [347.7424273460747, 759.4375117463109], [347.4762864449216, 759.4757378238432], [347.1618273990496, 759.6139742551139], [346.977194610128, 759.5166331242955], [346.5710270545877, 759.4806961302579], [346.6144190084864, 759.4138297335413], [346.71457164448213, 759.421136234438], [347.32322255389334, 759.3865376578499], [347.34982688575786, 759.3392905289628], [347.4137806504608, 759.3424237516191], [347.5833691044704, 759.2651918082848], [347.7177092127797, 759.3388770646693]]]}, "properties": {"OBJECTID_12": 705, "SETTLEMENT": "18018", "SETTL_NAME": "Model Village or Dripsey", "EAST": 548823.726149, "NORTH": 575078.612054, "GUID": "92CC3F7A-84C6-408A-A383-461ADE1400D8"}}, {"type": "Feature", "id": 706, "geometry": {"type": "Polygon", "coordinates": [[[398.0364660152363, 733.3289886215093], [397.656345026384, 734.7095692599946], [398.033947537392, 734.6862020153035], [397.8344467434549, 734.7664887223439], [398.0221153274752, 734.8614626618241], [397.8646946225195, 734.9008550453765], [397.28247433060693, 734.9236133674232], [397.4322495963808, 734.6595212930256], [396.2513906525749, 734.1044013837261], [396.64161948301864, 733.8594493184531], [397.8607066211541, 733.0373732147569], [398.1195523633024, 732.9841409186439], [398.0364660152363, 733.3289886215093]]]}, "properties": {"OBJECTID_12": 706, "SETTLEMENT": "18071", "SETTL_NAME": "Mitchelstown", "EAST": 581535.634779, "NORTH": 612684.41429, "GUID": "49D3A0AA-C500-4AD4-AA78-B02E4646BA48"}}, {"type": "Feature", "id": 707, "geometry": {"type": "Polygon", "coordinates": [[[315.07654372110295, 748.6230206662615], [315.5330222789931, 748.8784930588848], [314.92091884727466, 749.1118223580754], [314.2661884961088, 749.6249755179736], [314.17138093950615, 749.6312484368929], [314.3247959170144, 750.2251596887502], [314.12781937884694, 750.2707242680992], [314.4346199641248, 750.553094734239], [313.18617125834135, 749.566553697819], [312.255726517968, 749.2755805745677], [313.3002625488096, 749.1159611536749], [314.2164597110496, 748.981709457462], [315.07654372110295, 748.6230206662615]]]}, "properties": {"OBJECTID_12": 707, "SETTLEMENT": "18069", "SETTL_NAME": "Millstreet", "EAST": 527290.5618, "NORTH": 590241.348733, "GUID": "F2E02ECB-E85B-47D7-94F3-141B810D2226"}}, {"type": "Feature", "id": 708, "geometry": {"type": "Polygon", "coordinates": [[[335.4000042389557, 728.1049115500674], [335.47404908220693, 728.1968893545835], [335.6164093810048, 728.4549443403537], [334.2479519676075, 728.3246455649104], [334.1699212884992, 728.3220910490497], [334.17141673379416, 728.2849201907145], [334.0206950257792, 728.361098110141], [333.84980063603945, 728.1949486182023], [334.10638995291094, 728.2047099638378], [335.2791518716309, 728.2315123903708], [335.2772217491168, 728.1475014079723], [335.1988685311563, 728.0955121219698], [335.4000042389557, 728.1049115500674]]]}, "properties": {"OBJECTID_12": 708, "SETTLEMENT": "18040", "SETTL_NAME": "Milford", "EAST": 541334.791469, "NORTH": 621406.535793, "GUID": "DCCC138F-F843-4BF4-8723-F819D3F94B47"}}, {"type": "Feature", "id": 709, "geometry": {"type": "Polygon", "coordinates": [[[326.4971582590944, 667.4288482656906], [328.29021804520744, 667.6013766109656], [326.9976561400608, 667.8446834008065], [326.9402672892299, 667.8765921847315], [327.23514598044267, 668.0291302922975], [327.11750493198184, 668.0633790153267], [325.4191512115307, 667.8855103609242], [324.54071430344, 668.0836353247225], [325.1432494876075, 667.8302767083017], [325.317490119456, 667.6640734320729], [325.753545660432, 667.6555883749712], [325.7238061177205, 667.5944668016747], [326.4971582590944, 667.4288482656906]]]}, "properties": {"OBJECTID_12": 709, "SETTLEMENT": "27011", "SETTL_NAME": "Kinvara", "EAST": 537222.612228, "NORTH": 710252.586356, "GUID": "80FB6AB3-F7DF-4F9F-8C8C-5F84DEB3AA2A"}}, {"type": "Feature", "id": 710, "geometry": {"type": "Polygon", "coordinates": [[[306.3450632563595, 765.4112631480685], [306.95172846026134, 765.457766258734], [307.0023497794336, 765.4378343273111], [307.18148124987306, 765.5157912404007], [307.26332642241175, 765.4988168706485], [306.5600337159968, 765.9480564784404], [306.3088692296683, 765.7206835746041], [306.27500232489814, 765.6916466090954], [306.29518456841384, 765.6440495750602], [306.0149944403776, 765.579253295075], [306.12146902455254, 765.5480311604804], [306.05268649810665, 765.4971365395096], [306.3450632563595, 765.4112631480685]]]}, "properties": {"OBJECTID_12": 710, "SETTLEMENT": "18025", "SETTL_NAME": "Inchigeelagh", "EAST": 522465.597194, "NORTH": 566204.423216, "GUID": "6929B4EB-5B69-47D6-91D3-4E307D68BB6A"}}, {"type": "Feature", "id": 711, "geometry": {"type": "Polygon", "coordinates": [[[444.6861441401728, 557.0849198335137], [444.9195819991115, 557.9772983745256], [443.64620971833705, 558.2841437256461], [443.4307338349984, 558.3719110612118], [443.2952452253867, 558.2899573610359], [442.72267812837225, 558.350039522119], [442.67778059770666, 558.310119513658], [444.16643687309335, 557.8419881064394], [444.27765203367255, 557.8552710968196], [444.1994195286005, 557.5131891726077], [444.3885568120384, 557.5139411771571], [444.557879028624, 557.0857027068681], [444.6861441401728, 557.0849198335137]]]}, "properties": {"OBJECTID_12": 711, "SETTLEMENT": "33008", "SETTL_NAME": "Pettigo", "EAST": 610513.631562, "NORTH": 866679.848072, "GUID": "AEA9825B-758E-4A40-9C31-363B490CA889"}}, {"type": "Feature", "id": 712, "geometry": {"type": "Polygon", "coordinates": [[[323.97642286146134, 578.4425851823896], [324.9761145139008, 578.4373775511658], [326.0627118249931, 578.7344039382345], [326.0191352877696, 578.7840840188504], [325.57102529748056, 578.9053834713183], [325.5481777603659, 578.8351902943102], [325.2402314130944, 578.7215705215723], [324.7085124046944, 578.7382557667634], [324.3539482647104, 578.7699121169934], [324.5404110153344, 578.8806613832095], [323.2934915191872, 578.6723487563413], [323.198731511824, 578.7323034210997], [323.97642286146134, 578.4425851823896]]]}, "properties": {"OBJECTID_12": 712, "SETTLEMENT": "31002", "SETTL_NAME": "Easky", "EAST": 537747.456563, "NORTH": 837880.813011, "GUID": "DF7A3941-838C-4D88-945C-A0B803EF13DE"}}, {"type": "Feature", "id": 713, "geometry": {"type": "Polygon", "coordinates": [[[362.8830282031605, 774.0212770626331], [363.01255364444586, 774.0160848054251], [363.050729263536, 774.0930088713886], [363.1692026448875, 774.1170809606349], [363.2082310616608, 774.0909938536023], [363.7318515778464, 774.1270299105641], [363.8687968263648, 774.1843047583818], [363.7331730433664, 774.2175132782703], [363.5670473482645, 774.2222552082641], [363.6202125247701, 774.2776011524318], [362.73950780414293, 774.0340831969013], [362.82207602921386, 774.007810950731], [362.8830282031605, 774.0212770626331]]]}, "properties": {"OBJECTID_12": 713, "SETTLEMENT": "18106", "SETTL_NAME": "Dunderrow", "EAST": 559000.47596, "NORTH": 552986.401773, "GUID": "86BF6648-21A9-4483-9E14-5BA54588A568"}}, {"type": "Feature", "id": 714, "geometry": {"type": "Polygon", "coordinates": [[[338.16113055006826, 737.8943404007089], [338.170300380144, 738.0180685656038], [338.4427002941152, 738.0886777881574], [338.1195209967104, 738.2759339850305], [338.0281040229344, 738.1868519469124], [338.17076018975786, 738.1690059441385], [338.15037189206294, 738.1428778603868], [337.9232969702432, 738.1639542330577], [337.8993909391061, 738.1196478845181], [337.50526986138027, 738.1508929935815], [337.5417783436139, 738.0329779281278], [337.90777730226665, 737.9457812067935], [338.16113055006826, 737.8943404007089]]]}, "properties": {"OBJECTID_12": 714, "SETTLEMENT": "18110", "SETTL_NAME": "Kilbrin", "EAST": 543193.533924, "NORTH": 606913.884202, "GUID": "64AD77D8-9091-4D2A-A5EB-6190EA371593"}}, {"type": "Feature", "id": 715, "geometry": {"type": "Polygon", "coordinates": [[[366.2522381966421, 768.359595279437], [366.08531248776853, 768.406252377223], [366.1211377741035, 768.4410170603832], [365.43483552234346, 768.5608389769103], [365.4340158242816, 768.5311127968317], [365.35734359163945, 768.5058077704168], [365.4105483882976, 768.4591372203656], [365.4293666775712, 768.481572556721], [365.6486354504619, 768.4404576038748], [365.6562415533056, 768.4487779300453], [365.7991168628224, 768.3901458903932], [365.9383396964416, 768.3617213363502], [366.2522381966421, 768.359595279437]]]}, "properties": {"OBJECTID_12": 715, "SETTLEMENT": "18103", "SETTL_NAME": "Halfway", "EAST": 560636.708859, "NORTH": 561489.550542, "GUID": "C9DC1594-633E-49F6-886C-5603647D1747"}}, {"type": "Feature", "id": 716, "geometry": {"type": "Polygon", "coordinates": [[[609.1574312927958, 643.4112415976583], [609.1774120002528, 643.4453063826438], [609.3306878578176, 643.6226574309865], [608.9742919399008, 643.6935138457064], [608.616947242464, 643.724212854269], [608.5996664646794, 643.6742355363748], [608.605219008128, 643.5904601588073], [608.5992790019584, 643.5002450973354], [608.595443187792, 643.4954815524404], [609.0566155596736, 643.4459737388097], [609.0763629017238, 643.4432259885155], [609.0572414837387, 643.42649238866], [609.1574312927958, 643.4112415976583]]]}, "properties": {"OBJECTID_12": 716, "SETTLEMENT": "04011", "SETTL_NAME": "Rivermeade", "EAST": 713487.133817, "NORTH": 746134.032171, "GUID": "05E2C91F-8429-4B24-9756-A967243B5446"}}, {"type": "Feature", "id": 717, "geometry": {"type": "Polygon", "coordinates": [[[535.0823338096, 694.5924320090293], [535.1996336906346, 694.5921637375617], [535.2319870703627, 694.5481491655626], [535.3354778237365, 694.5603778338051], [535.7523403836715, 694.7082471569776], [535.7439628383669, 694.769785544749], [535.4719624734955, 694.9229671853702], [535.5576842814165, 694.9495320163039], [535.3942701355946, 695.108089183512], [535.161382120321, 695.0139008424609], [534.8485907708096, 694.980890418145], [534.5050303025494, 695.0963680469774], [535.0823338096, 694.5924320090293]]]}, "properties": {"OBJECTID_12": 717, "SETTLEMENT": "01019", "SETTL_NAME": "Ballinabrannagh", "EAST": 668574.488657, "NORTH": 670820.560561, "GUID": "E4F98ABB-BEDF-4D45-8F15-04DB8AB4DDAF"}}, {"type": "Feature", "id": 718, "geometry": {"type": "Polygon", "coordinates": [[[320.90699314113067, 737.1262119645679], [320.7986503199115, 737.2677820398184], [321.4017580776256, 737.5390286402622], [322.0184913416064, 737.6658670348507], [321.67154626447893, 737.8689657079885], [322.30770144280746, 738.4044622953573], [320.397818777728, 738.8748580261843], [320.0496028996096, 738.964555419827], [320.0132272632288, 738.7237743831681], [320.08473907966936, 738.4658699931126], [319.5432572725792, 737.6583411051222], [319.3192664779307, 737.3303931584946], [320.90699314113067, 737.1262119645679]]]}, "properties": {"OBJECTID_12": 718, "SETTLEMENT": "18041", "SETTL_NAME": "Newmarket", "EAST": 532067.792587, "NORTH": 607255.609241, "GUID": "78256134-7351-4DF8-B402-8E63CDE8A9AB"}}, {"type": "Feature", "id": 719, "geometry": {"type": "Polygon", "coordinates": [[[346.74593876189226, 660.135795520463], [347.92370548266774, 660.2430359166622], [347.9828237114368, 660.3022295234937], [347.83021392547414, 660.3396373731048], [348.13907900253224, 660.5453060521216], [348.9867654213984, 661.1573010673916], [349.0488407457397, 661.1060223654055], [348.86645124697174, 661.0696962060887], [348.46955365465493, 661.0849133944408], [348.1098819962187, 661.2649296543847], [347.0641173748608, 660.256629182781], [345.9294006832363, 660.284117727222], [346.74593876189226, 660.135795520463]]]}, "properties": {"OBJECTID_12": 719, "SETTLEMENT": "27013", "SETTL_NAME": "Craughwell", "EAST": 550406.525465, "NORTH": 720418.455063, "GUID": "86C36A54-1C70-4F41-AABB-0E61CB751DF1"}}, {"type": "Feature", "id": 720, "geometry": {"type": "Polygon", "coordinates": [[[334.00733573287465, 644.4655869356511], [334.01190194772374, 644.6276148899462], [334.9949620466592, 644.6246245274908], [336.1477061751936, 644.7132174716967], [336.0049464341259, 644.7581613860274], [336.1675959382656, 644.9471683876866], [335.6459936131371, 645.0085952199937], [335.56777588307415, 644.9718332580882], [334.5739249419083, 644.8269570071848], [333.47352117291626, 644.529168273062], [333.69005511170667, 644.3147166471699], [334.02178228329706, 644.3224110507219], [334.00733573287465, 644.4655869356511]]]}, "properties": {"OBJECTID_12": 720, "SETTLEMENT": "27036", "SETTL_NAME": "Corrofin", "EAST": 542448.639843, "NORTH": 743434.450363, "GUID": "19C6CF73-AE6A-4B78-81EB-7EA2E1962B68"}}, {"type": "Feature", "id": 721, "geometry": {"type": "Polygon", "coordinates": [[[318.98937080990294, 649.2417800054701], [318.9545791486293, 649.3049169336363], [319.0056206282987, 649.320296326015], [318.9467680532555, 649.3403059048944], [319.058878199024, 649.3741368837756], [318.5292656629632, 649.9342640129753], [318.3450029553696, 649.9197885155999], [318.04704643328427, 649.6180172082763], [316.8056758339669, 649.6778419650009], [317.0438087246677, 649.5718525108152], [318.57677969589867, 649.3155902264637], [318.7637032832981, 649.2329693051456], [318.98937080990294, 649.2417800054701]]]}, "properties": {"OBJECTID_12": 721, "SETTLEMENT": "27005", "SETTL_NAME": "Cluain Bú", "EAST": 532411.854835, "NORTH": 736616.363373, "GUID": "EA5F007E-3ADA-40AF-8F51-19670EAE6672"}}, {"type": "Feature", "id": 722, "geometry": {"type": "Polygon", "coordinates": [[[210.59087949877335, 640.1636797852582], [211.48039756964266, 640.394611211176], [213.4767048580992, 640.8365427002199], [211.62439636641068, 641.3560653719677], [211.668045942816, 641.1165480090992], [209.219699856064, 641.1124305581374], [210.43502354306133, 640.7864225388124], [210.87535840446932, 640.6997973993819], [210.712054399232, 640.6069433048596], [210.76073813946667, 640.5939023048893], [210.59204333541334, 640.5692620605522], [210.29255186218666, 640.0744233877921], [210.59087949877335, 640.1636797852582]]]}, "properties": {"OBJECTID_12": 722, "SETTLEMENT": "27003", "SETTL_NAME": "Clifden", "EAST": 465530.450165, "NORTH": 750723.083277, "GUID": "13297772-CCB8-4DEE-A0B6-CE982A81599B"}}, {"type": "Feature", "id": 723, "geometry": {"type": "Polygon", "coordinates": [[[331.668848503776, 660.5558584824281], [331.82693283063253, 660.7965471748128], [332.62451659108586, 660.7904145850296], [332.65783955998825, 660.634151262821], [333.4265204905856, 661.0571748915352], [333.1739383218613, 661.2308454817404], [332.7516915969984, 661.2071092440851], [332.51826527829655, 661.1006976805676], [332.42555294749656, 660.9148042873937], [331.51390807962986, 660.8556873295348], [331.4356967054432, 660.6056997839443], [331.599278208496, 660.5373599203933], [331.668848503776, 660.5558584824281]]]}, "properties": {"OBJECTID_12": 723, "SETTLEMENT": "27030", "SETTL_NAME": "Clarinbridge", "EAST": 541084.843926, "NORTH": 720076.739911, "GUID": "ED39C927-DF0E-4C56-92B9-9B35682B0402"}}, {"type": "Feature", "id": 724, "geometry": {"type": "Polygon", "coordinates": [[[557.1805917409462, 702.1031275602885], [556.7826852915136, 702.3780452244129], [556.6432768587712, 702.4305651923848], [556.5578908442677, 702.3964893758306], [556.0581908646336, 702.1149672020591], [556.2881273743509, 702.0933551219051], [556.4803669629878, 702.041362690563], [556.5631115438571, 702.1062570667563], [556.8356343907296, 701.9904819701003], [556.9276904329195, 702.0387300613158], [556.9024156308235, 702.0548456134466], [557.0580944006198, 702.1241854574288], [557.1805917409462, 702.1031275602885]]]}, "properties": {"OBJECTID_12": 724, "SETTLEMENT": "01015", "SETTL_NAME": "Myshall", "EAST": 682429.645199, "NORTH": 660235.308885, "GUID": "1BEA1ABB-FA76-4684-8F2A-756126126474"}}, {"type": "Feature", "id": 725, "geometry": {"type": "Polygon", "coordinates": [[[599.8995146666101, 634.635326001308], [600.1222613193013, 634.6481964751875], [599.2149623850123, 635.0464805029231], [599.1808757806176, 635.150745680863], [599.1016263613994, 635.2267824100112], [599.1274166361962, 635.3270795182694], [599.0931514770646, 635.3467585095134], [598.9792751011605, 635.2662477356963], [598.426761691135, 635.1994100563061], [598.4451095009504, 635.0160806347845], [598.7364891791659, 634.6708490212403], [598.8122718259979, 634.676803331722], [599.8995146666101, 634.635326001308]]]}, "properties": {"OBJECTID_12": 725, "SETTLEMENT": "04005", "SETTL_NAME": "Garristown", "EAST": 707143.913124, "NORTH": 758485.409227, "GUID": "108826FC-EB9C-4994-AC05-193C1305F4C3"}}, {"type": "Feature", "id": 726, "geometry": {"type": "Polygon", "coordinates": [[[174.29489917303468, 762.3768581035804], [174.20740912676266, 762.6173727592999], [174.07566758648534, 762.6304496058182], [174.06720695328, 762.6605379255343], [173.89799486821335, 762.6556346145111], [173.91703939966933, 762.6366324575904], [173.832199994944, 762.6313085279809], [173.71910871508265, 762.5778509469454], [174.14335469876266, 762.4236738616504], [174.102871732256, 762.3337418653031], [174.20290654491734, 762.3105247725472], [174.26642180558935, 762.3217575109747], [174.29489917303468, 762.3768581035804]]]}, "properties": {"OBJECTID_12": 726, "SETTLEMENT": "19039", "SETTL_NAME": "Portmagee", "EAST": 437015.54302, "NORTH": 572909.168484, "GUID": "60D31B0A-71F8-4E9B-86C3-ADEEBFBA2717"}}, {"type": "Feature", "id": 727, "geometry": {"type": "Polygon", "coordinates": [[[357.7693950955061, 762.9959874239435], [358.0231563160939, 763.1522881253817], [358.9776769559755, 763.3920921551049], [358.9558653829675, 763.3573952014222], [357.8490605005653, 763.5557411960622], [357.5344317742144, 763.5894667813515], [357.56241582315096, 763.6346470476908], [356.8277906463637, 763.7008070948546], [355.59343221450985, 763.8018871834013], [355.9922674739051, 763.6539837928701], [355.9623240037632, 763.6308313574744], [356.09841947935575, 763.5835776324989], [357.7693950955061, 762.9959874239435]]]}, "properties": {"OBJECTID_12": 727, "SETTLEMENT": "18005", "SETTL_NAME": "Killumney", "EAST": 555391.558707, "NORTH": 569114.823394, "GUID": "3579A82A-9541-4148-9F76-6759AC06E416"}}, {"type": "Feature", "id": 728, "geometry": {"type": "Polygon", "coordinates": [[[353.26144307697814, 778.0761898666228], [353.48383191482344, 778.2040841273379], [353.18429115888745, 778.2637536941043], [352.66452347881176, 778.2054996386329], [352.6600302718752, 778.2569312267132], [352.4249772187712, 778.2446545286228], [352.3862308445632, 778.2217079787371], [352.55787223170773, 778.1505389346206], [352.5629927755307, 778.1276783208862], [352.8455498795552, 778.1389120315512], [352.8778502561696, 778.0474183800839], [353.106801322912, 778.0439490246125], [353.26144307697814, 778.0761898666228]]]}, "properties": {"OBJECTID_12": 728, "SETTLEMENT": "18090", "SETTL_NAME": "Kilbrittain", "EAST": 552224.970422, "NORTH": 547030.66877, "GUID": "8300B317-C287-4A6B-A0B7-5ABF079A854E"}}, {"type": "Feature", "id": 729, "geometry": {"type": "Polygon", "coordinates": [[[329.3781800269184, 739.4624702636444], [329.3612582217952, 739.5915981466452], [331.3415972003189, 739.7189191663275], [331.24516529239145, 740.0017572630102], [331.11160050762027, 740.1315207987211], [331.1431568601824, 740.2637044464142], [330.812079066336, 740.7552951787455], [330.5938038108779, 741.5053751696138], [330.29423707058453, 741.1974604768164], [330.1936973012245, 741.0937766359249], [329.1619232854987, 739.4398438263979], [329.3768086095797, 739.4335158454786], [329.3781800269184, 739.4624702636444]]]}, "properties": {"OBJECTID_12": 729, "SETTLEMENT": "18039", "SETTL_NAME": "Kanturk", "EAST": 537977.731877, "NORTH": 603557.238661, "GUID": "A8AF4181-41A2-4145-B9FC-15D1AACDEE46"}}, {"type": "Feature", "id": 730, "geometry": {"type": "Polygon", "coordinates": [[[308.51226251488214, 773.834070922752], [308.9580104866048, 774.1045049308143], [309.2246233276971, 774.2636729339895], [308.691920072624, 774.6309883070711], [308.41930051210664, 775.2167627471181], [307.9670135830432, 775.3361558094358], [307.6151657244011, 775.2805567078573], [306.31381260465173, 775.1011998175011], [307.21743906066774, 774.6870362402037], [307.53316937557867, 774.5049759074354], [307.78200647116586, 774.3705822341251], [308.4326438881675, 773.9199873912828], [308.51226251488214, 773.834070922752]]]}, "properties": {"OBJECTID_12": 730, "SETTLEMENT": "18024", "SETTL_NAME": "Dunmanway", "EAST": 523047.843563, "NORTH": 552444.442068, "GUID": "6A934FF8-65C6-4424-A933-C7F9484A07EB"}}, {"type": "Feature", "id": 731, "geometry": {"type": "Polygon", "coordinates": [[[268.34479166661976, 712.3358996642348], [269.46506361137386, 712.6378261065468], [269.6810377625504, 712.3431658625376], [269.8473167015616, 712.5064721633216], [269.3291914000448, 712.9209936898569], [269.05487551167147, 713.2071845701134], [268.71859327763946, 713.2853573599245], [268.4583576522464, 712.7236530333391], [268.4050612275872, 712.6751393242155], [268.5172744750272, 712.6578155809459], [268.3933608703072, 712.5578098849198], [267.91040894388584, 712.6718366221257], [268.34479166661976, 712.3358996642348]]]}, "properties": {"OBJECTID_12": 731, "SETTLEMENT": "19020", "SETTL_NAME": "Ballylongford", "EAST": 499721.60104, "NORTH": 645134.346316, "GUID": "89582E09-A241-4913-89D8-EBCED4FC65E8"}}, {"type": "Feature", "id": 732, "geometry": {"type": "Polygon", "coordinates": [[[254.15366764376213, 723.0115979786863], [254.19553883398612, 723.0946788844363], [254.26233432089387, 723.0903291322475], [254.73233351873495, 723.5965656972879], [254.74366670148052, 723.8077229443215], [254.55029114464747, 723.9504510990336], [253.76252265491414, 723.7061305464666], [253.43200836189865, 723.5870590408189], [253.06962318138028, 723.4322455492699], [253.2945419892448, 723.3956717953837], [253.53079617064, 723.4464736784745], [254.06060948514133, 723.2343778440019], [254.15366764376213, 723.0115979786863]]]}, "properties": {"OBJECTID_12": 732, "SETTLEMENT": "19022", "SETTL_NAME": "Lixnaw", "EAST": 489863.920584, "NORTH": 629351.372118, "GUID": "E1727497-332F-4846-B58E-CEDE3BE84D0F"}}, {"type": "Feature", "id": 733, "geometry": {"type": "Polygon", "coordinates": [[[541.0853707665472, 651.7185544243109], [541.4109918396234, 651.7475235449225], [541.4130073623605, 651.8704115990992], [541.7858299585536, 651.9478327766109], [541.2361688062454, 651.9522073409025], [541.2585920673963, 651.9902419874854], [540.0471183541866, 652.9443998120612], [540.1663743617248, 652.7688467496146], [539.8251687701483, 652.4898863835707], [538.8854363649557, 652.3397965711023], [538.1647211177024, 652.1033177036894], [540.9135948233195, 651.7625018112059], [541.0853707665472, 651.7185544243109]]]}, "properties": {"OBJECTID_12": 733, "SETTLEMENT": "06013", "SETTL_NAME": "Derrinturn", "EAST": 670868.061419, "NORTH": 732732.183404, "GUID": "9989E761-7CEE-474E-AE8A-733472AB18E1"}}, {"type": "Feature", "id": 734, "geometry": {"type": "Polygon", "coordinates": [[[555.4199784895094, 671.7967493306288], [555.3464222221792, 671.8842504790598], [555.6606653927702, 672.1239194795145], [555.4733446750379, 672.1520656524399], [555.5044532266613, 672.1805813934058], [555.1114917345451, 672.2366629412638], [554.3765398270773, 672.2541993422727], [554.3988525074122, 672.2392882989865], [554.3137562396875, 672.2211303749616], [554.3427718511446, 671.9456835072748], [554.3616834442518, 671.806159819889], [554.6971486409088, 671.720340964771], [555.4199784895094, 671.7967493306288]]]}, "properties": {"OBJECTID_12": 734, "SETTLEMENT": "06038", "SETTL_NAME": "Calverstown", "EAST": 680505.28866, "NORTH": 704271.435236, "GUID": "8104C4D8-D88F-4D7F-835B-3B71F69F3ABA"}}, {"type": "Feature", "id": 735, "geometry": {"type": "Polygon", "coordinates": [[[539.0715884982998, 607.2333716537006], [538.3513120166602, 607.6075735488033], [536.6359059837547, 608.6699056727665], [536.5511072992288, 608.5682063676279], [536.4990716827733, 608.4505712415768], [535.1562601030155, 608.7339262364878], [534.7740333246379, 608.2563345171059], [534.9734864264224, 608.1846012989339], [536.7501395763851, 607.3536000270151], [536.8308146061589, 607.483970697446], [537.1031929829173, 607.3576080156633], [538.9465406293664, 607.1087200364989], [539.0715884982998, 607.2333716537006]]]}, "properties": {"OBJECTID_12": 735, "SETTLEMENT": "32001", "SETTL_NAME": "Bailieborough", "EAST": 667738.034293, "NORTH": 796468.953107, "GUID": "D340B9BB-C868-495C-B0C7-3460CFF11FFA"}}, {"type": "Feature", "id": 736, "geometry": {"type": "Polygon", "coordinates": [[[543.0669685697802, 600.8598910846906], [544.7866851863936, 601.6636021568376], [544.9117020415115, 601.7136367601673], [544.9764908686709, 601.6726453994769], [545.1208839532544, 601.6986285339634], [545.2564262604619, 601.7403431829202], [545.1488324912426, 601.8159406431774], [543.838002408624, 601.7398285337019], [543.9110596856523, 601.797713679152], [543.8409780063488, 601.8007843041045], [543.4300500205387, 601.7289208170859], [543.6542248792128, 601.5617354690874], [543.0669685697802, 600.8598910846906]]]}, "properties": {"OBJECTID_12": 736, "SETTLEMENT": "32004", "SETTL_NAME": "Shercock", "EAST": 672240.463944, "NORTH": 805732.734762, "GUID": "37323E98-E60E-4CF6-997B-052AD5014DA9"}}, {"type": "Feature", "id": 737, "geometry": {"type": "Polygon", "coordinates": [[[620.3753136249024, 633.3303831213158], [620.4690341817558, 633.630752512497], [620.4915390060565, 633.6487336282509], [619.7424317000939, 633.6884190992695], [619.7355491136224, 633.6616770541833], [619.8735518853739, 633.6226122332522], [619.8833362624448, 633.5570490734556], [619.6954480867413, 633.5433576072554], [619.7008994680352, 633.5278882260692], [619.7661048621909, 633.3991640609277], [620.292645344384, 633.0781973457438], [620.3371843106805, 633.0838878916003], [620.3753136249024, 633.3303831213158]]]}, "properties": {"OBJECTID_12": 737, "SETTLEMENT": "04018", "SETTL_NAME": "Balrothery", "EAST": 720100.441545, "NORTH": 761095.116014, "GUID": "EB4FBE2B-C6B8-4CB5-9DD4-DF4C7DE95E9B"}}, {"type": "Feature", "id": 738, "geometry": {"type": "Polygon", "coordinates": [[[629.6999847280555, 637.0203979868893], [630.3232606277259, 637.0729624616396], [629.5395278375136, 639.3725145896564], [626.6029005369631, 638.5147199633079], [626.698343550111, 638.5389067734508], [627.258544253584, 638.4703162594689], [628.2797413369622, 637.8671738331159], [628.8874613893482, 637.8018266098294], [629.0525640059723, 637.8144898719737], [629.0702715817002, 637.917773214783], [629.2413601278282, 637.011973019278], [629.4411176324832, 636.9807499648357], [629.6999847280555, 637.0203979868893]]]}, "properties": {"OBJECTID_12": 738, "SETTLEMENT": "04012", "SETTL_NAME": "Rush", "EAST": 726076.133932, "NORTH": 754078.034901, "GUID": "A82FD0BA-D585-4527-9961-AC4AF2321B20"}}, {"type": "Feature", "id": 739, "geometry": {"type": "Polygon", "coordinates": [[[476.9140838426667, 610.6428238920357], [477.5001838464576, 611.3719520127084], [477.37417172049066, 611.4010932433268], [477.1802924987317, 611.440581925418], [477.2431240268608, 611.4195698869421], [475.8595619826112, 611.0334430326583], [475.8320451037216, 611.0035121106127], [476.1385690925152, 611.0064416242803], [476.16153680426453, 610.7528038988196], [476.2887171180288, 610.6993604869896], [476.3136099215232, 610.7134438344137], [476.4415454710613, 610.6693524693856], [476.9140838426667, 610.6428238920357]]]}, "properties": {"OBJECTID_12": 739, "SETTLEMENT": "32019", "SETTL_NAME": "Lough Gowna", "EAST": 630782.998619, "NORTH": 791625.945654, "GUID": "AB879F07-851A-4904-9B0B-7CE82A8CC07C"}}, {"type": "Feature", "id": 740, "geometry": {"type": "Polygon", "coordinates": [[[375.8662207550368, 773.1525617562702], [375.7162476118112, 773.1611699469407], [375.27370815163096, 773.4430373226785], [375.3804302161803, 773.4082814160279], [375.4450853012512, 773.4614057864184], [375.42470372994455, 773.5519792496895], [374.6655264604491, 773.5983882638534], [374.56773690428906, 773.56506941555], [374.5038499381696, 773.5331889884643], [374.68828531327466, 773.2064774718463], [374.9441466027563, 773.3340140571579], [375.31301461667096, 773.1342061940671], [375.8662207550368, 773.1525617562702]]]}, "properties": {"OBJECTID_12": 740, "SETTLEMENT": "18084", "SETTL_NAME": "Belgooly", "EAST": 566585.498384, "NORTH": 554069.872529, "GUID": "AC900436-094D-4C13-99B7-5B42BF15BC37"}}, {"type": "Feature", "id": 741, "geometry": {"type": "Polygon", "coordinates": [[[377.8006418115744, 766.9717272587204], [377.5792863069344, 767.0463022299157], [377.7650610393664, 767.1670908670764], [377.68103979923734, 767.1830452163433], [377.43381739009493, 767.3558706598585], [377.35281856405976, 767.2807473419375], [377.07402857048214, 767.314423983418], [377.305536314, 766.9489051515931], [377.351210659296, 766.9837283410076], [377.4836140830581, 766.9571547084621], [377.5034557735157, 766.977195512351], [377.8001338434048, 766.936780157021], [377.8006418115744, 766.9717272587204]]]}, "properties": {"OBJECTID_12": 741, "SETTLEMENT": "18085", "SETTL_NAME": "Ballygarvan", "EAST": 568127.948808, "NORTH": 563404.77612, "GUID": "657FF10F-E2AC-4A90-B717-840626F0B4FB"}}, {"type": "Feature", "id": 742, "geometry": {"type": "Polygon", "coordinates": [[[373.7337631102133, 770.6295988171821], [374.54161498134295, 770.8672608412534], [374.6813634497163, 770.8546454623622], [374.8627897370272, 770.927774023505], [374.4753089020843, 770.9338847770334], [374.2698546553376, 770.9169622837487], [374.24572354673495, 770.991292390595], [373.54456682813014, 771.098801793471], [373.41472737870293, 770.9412508062386], [373.28127777079146, 770.7601919037496], [373.49659274998504, 770.7653274804155], [373.43037504592536, 770.6367852650515], [373.7337631102133, 770.6295988171821]]]}, "properties": {"OBJECTID_12": 742, "SETTLEMENT": "18102", "SETTL_NAME": "Riverstick", "EAST": 565904.621075, "NORTH": 557902.575793, "GUID": "B686840F-34FC-4314-AF15-9EC90F127D51"}}, {"type": "Feature", "id": 743, "geometry": {"type": "Polygon", "coordinates": [[[387.2041649064864, 681.9598285962111], [387.2422081049963, 681.9681623183226], [387.51563437622826, 682.0614570853429], [387.1049825949813, 682.1478997989475], [387.20511871340375, 682.3685070192736], [386.6748075632821, 682.5368385724531], [386.49847684363624, 682.5832261540936], [386.2939816700405, 682.5512892673389], [386.0637143746048, 682.6503532740928], [386.6673461088896, 682.0501122149146], [386.7374327568864, 682.0284851167063], [386.736227489008, 681.9064287379994], [387.2041649064864, 681.9598285962111]]]}, "properties": {"OBJECTID_12": 743, "SETTLEMENT": "16026", "SETTL_NAME": "Whitegate", "EAST": 574850.880971, "NORTH": 688741.816101, "GUID": "BCE4B233-76E6-408A-BB81-2363317612DD"}}, {"type": "Feature", "id": 744, "geometry": {"type": "Polygon", "coordinates": [[[362.69207362882986, 778.4451514345199], [362.92764048503574, 778.489596390449], [363.09171130110616, 778.5456094764909], [363.1569756816949, 778.5522733532403], [363.4700403213387, 778.6036542178732], [363.137860996432, 778.7575621941351], [363.10747789709865, 778.8872972032927], [363.18700941666344, 778.9279742746959], [363.14758384397015, 778.9448344220099], [362.7279259641792, 778.773736427892], [362.7761589056512, 778.6602535988543], [362.8160710526976, 778.6189789364585], [362.69207362882986, 778.4451514345199]]]}, "properties": {"OBJECTID_12": 744, "SETTLEMENT": "18105", "SETTL_NAME": "Ballinspittle", "EAST": 558711.175166, "NORTH": 546216.382698, "GUID": "90BA559C-E619-4106-921E-81BD9BB40A13"}}, {"type": "Feature", "id": 745, "geometry": {"type": "Polygon", "coordinates": [[[357.82651363513173, 768.4909306569817], [357.850462495904, 768.4988049835994], [357.85053772692265, 768.5585303538833], [358.0435420771424, 768.5615827025182], [357.8796649673707, 768.6272055844653], [357.9780354111317, 768.7046522522597], [358.327808325168, 768.8866577044774], [358.00098485123306, 768.7852965725256], [357.76212864202665, 768.7769895369768], [357.7028752946112, 768.7505214816799], [357.62724611842134, 768.7778875404698], [357.7230355748555, 768.5028449443512], [357.82651363513173, 768.4909306569817]]]}, "properties": {"OBJECTID_12": 745, "SETTLEMENT": "18104", "SETTL_NAME": "Crossbarry", "EAST": 555532.531845, "NORTH": 561171.277381, "GUID": "C2D1280C-D789-44A6-8AFB-3998A4713F99"}}, {"type": "Feature", "id": 746, "geometry": {"type": "Polygon", "coordinates": [[[412.7556765023115, 512.0651850749701], [412.772505131664, 512.2238565742257], [412.6733199683008, 512.223977628083], [412.252884756464, 512.5971424122795], [412.18634027313067, 512.6282266995897], [412.24027452463787, 512.6491662606052], [412.11552192209706, 512.648987114422], [411.78154244409495, 512.6974787329535], [411.28088991303895, 512.6930457455965], [411.2022003644267, 512.6567937263918], [411.20842795041386, 512.4557017255411], [412.7521998773045, 511.9773600853075], [412.7556765023115, 512.0651850749701]]]}, "properties": {"OBJECTID_12": 746, "SETTLEMENT": "33051", "SETTL_NAME": "Gort An Choirce", "EAST": 591253.884939, "NORTH": 930150.679926, "GUID": "03E91C35-5E2A-4025-865F-18BCC8ACF86B"}}, {"type": "Feature", "id": 747, "geometry": {"type": "Polygon", "coordinates": [[[397.6554080106976, 537.2277601894683], [396.9583885371968, 537.5458108582949], [396.275060373712, 538.8005976523756], [395.0883910715584, 538.9392094630646], [394.64523902894615, 539.1678063260807], [394.30276452708904, 539.0417580028088], [394.8329020021408, 538.5799120900303], [395.57907845230505, 538.7430526894416], [396.0358734940533, 538.4410968497663], [395.420496215536, 537.7870593456322], [396.5474416108832, 537.7264471636408], [397.4269271623723, 537.1086700598722], [397.6554080106976, 537.2277601894683]]]}, "properties": {"OBJECTID_12": 747, "SETTLEMENT": "33020", "SETTL_NAME": "Glenties", "EAST": 581624.36213, "NORTH": 894299.320623, "GUID": "E2701CBE-769F-45C3-9F75-5DE09AE849C0"}}, {"type": "Feature", "id": 748, "geometry": {"type": "Polygon", "coordinates": [[[420.97001469567465, 760.0066087692726], [421.1154197581824, 760.176847380237], [421.0090047633803, 760.1887864082175], [421.0720417534528, 760.2624474087179], [421.91018310975255, 760.3773522442368], [419.98549691770984, 760.5612523051353], [419.8971398271424, 760.0575197366602], [420.71452859244374, 760.2091666712122], [420.69292810546773, 760.0720621360697], [420.7978338769504, 760.073326532686], [420.82398102470296, 759.9287233079808], [420.8940710055072, 759.9231950715812], [420.97001469567465, 760.0066087692726]]]}, "properties": {"OBJECTID_12": 748, "SETTLEMENT": "18063", "SETTL_NAME": "Castlemartyr", "EAST": 596308.773506, "NORTH": 573431.869161, "GUID": "7B94D3D6-5DB2-4839-B098-E08464F50650"}}, {"type": "Feature", "id": 749, "geometry": {"type": "Polygon", "coordinates": [[[388.4668787573984, 551.1024867471438], [388.46199066346134, 551.2220908703518], [389.27487334308694, 551.0794112430872], [389.59606706436267, 551.1918264716581], [389.61251478742827, 551.1012342794202], [389.166894430656, 551.3587558111271], [389.0661237487573, 551.4600904304364], [388.8015181433024, 551.6835599603273], [388.7480771073109, 551.5929065218844], [388.0847047685056, 551.3956278453367], [387.71257361787093, 551.4440094626078], [388.5013125986667, 551.0589365292972], [388.4668787573984, 551.1024867471438]]]}, "properties": {"OBJECTID_12": 749, "SETTLEMENT": "33005", "SETTL_NAME": "Dunkineely", "EAST": 577013.668449, "NORTH": 876006.482508, "GUID": "B754F28B-1A7E-4B50-A4BE-D8672D175D10"}}, {"type": "Feature", "id": 750, "geometry": {"type": "Polygon", "coordinates": [[[417.4534909114475, 552.0498246675223], [417.7560858126037, 552.1910592858845], [417.63074197472105, 552.235569963791], [417.6563972251253, 552.2542960229251], [417.5501439792288, 552.3587001432777], [417.6843863322624, 552.3851880022854], [417.6204124416597, 552.578764535441], [417.7813379155435, 552.5941445757346], [417.5949501865824, 552.6639101680846], [417.475288594384, 552.8272180961155], [417.4281721582048, 552.813299384109], [417.1583519709344, 552.6239226218095], [417.4534909114475, 552.0498246675223]]]}, "properties": {"OBJECTID_12": 750, "SETTLEMENT": "33006", "SETTL_NAME": "Laghy", "EAST": 594324.295293, "NORTH": 874459.077965, "GUID": "48691DD9-E27A-4ECA-9FAA-AF1788C6A692"}}, {"type": "Feature", "id": 751, "geometry": {"type": "Polygon", "coordinates": [[[345.4283741867904, 727.5960223637628], [345.7263900764448, 727.6500841612809], [344.9727502076128, 728.0534765031001], [345.19952902249815, 728.225840906457], [343.79984339736427, 728.0256272889933], [343.5558960187968, 727.8961452313082], [343.336427173776, 727.9197231158452], [343.31550078082665, 727.857473871116], [344.0554169575808, 727.7198897759088], [344.8596230630699, 727.7512754406811], [344.9334727771904, 727.8297974205892], [345.49701901882776, 727.6799760134668], [345.4283741867904, 727.5960223637628]]]}, "properties": {"OBJECTID_12": 751, "SETTLEMENT": "18042", "SETTL_NAME": "Newtown", "EAST": 547506.216382, "NORTH": 621960.603088, "GUID": "21B3A5C9-36D5-4C5E-B0D4-E5B2F9B0D9E7"}}, {"type": "Feature", "id": 752, "geometry": {"type": "Polygon", "coordinates": [[[343.2581979123701, 695.0948551740483], [343.6892848634976, 695.3122334007498], [343.632191343232, 695.3185412240015], [343.48623571560853, 695.6204947811286], [343.37437651132376, 695.5800225633375], [342.9985153212843, 695.5295948264401], [342.7978772642421, 695.351774521087], [342.54331517720215, 695.2533108350086], [342.5831468610752, 695.1423713940476], [342.84239990378666, 695.1618375533741], [343.1193067778187, 695.0283760354483], [343.25523354013865, 695.0476300400728], [343.2581979123701, 695.0948551740483]]]}, "properties": {"OBJECTID_12": 752, "SETTLEMENT": "16033", "SETTL_NAME": "Kilmurry", "EAST": 547197.486992, "NORTH": 669859.27621, "GUID": "24054128-14AF-4767-891E-3634FC9E06B7"}}, {"type": "Feature", "id": 753, "geometry": {"type": "Polygon", "coordinates": [[[401.02163417184215, 740.5605418635699], [401.34811745311254, 740.6261133522788], [401.21584345439146, 740.78097024486], [401.60368500884584, 741.1709033397065], [401.55302042475415, 741.2087605264959], [400.9479477219296, 741.083517663541], [400.8804250092064, 740.9931796148857], [400.7550501428075, 741.0794224865132], [400.4019513047733, 740.8402626542555], [399.5591573468864, 740.907244513057], [399.2628300819467, 740.9121836736805], [399.56668657941975, 740.8146228989838], [401.02163417184215, 740.5605418635699]]]}, "properties": {"OBJECTID_12": 753, "SETTLEMENT": "18033", "SETTL_NAME": "Kilworth", "EAST": 583342.401807, "NORTH": 602519.353068, "GUID": "AFCBE092-820B-427D-A735-0B80F3BF91E1"}}, {"type": "Feature", "id": 754, "geometry": {"type": "Polygon", "coordinates": [[[305.9154069214347, 696.9724913813772], [305.84665612030295, 697.0540019102874], [305.32009633396905, 697.2592224294168], [304.44080553835096, 697.4829194301286], [304.20033742200536, 697.6525175171731], [303.91838805091305, 697.7083454270762], [303.8555198956992, 697.740141061584], [302.7330253964288, 697.9078704738442], [302.8105251638827, 697.8159730262443], [305.23584877694293, 697.1704500496272], [305.3675491240896, 697.1225432811749], [305.34295159943895, 697.1092112138908], [305.9154069214347, 696.9724913813772]]]}, "properties": {"OBJECTID_12": 754, "SETTLEMENT": "16037", "SETTL_NAME": "Lissycasey", "EAST": 522622.602833, "NORTH": 667094.059897, "GUID": "85EF8DB3-9818-4062-877F-0FC3FDA545CF"}}, {"type": "Feature", "id": 755, "geometry": {"type": "Polygon", "coordinates": [[[544.0642825681717, 693.2416243918515], [544.5009277541184, 693.6678520482599], [544.479318793231, 693.8139767391767], [544.7644427655531, 693.9151301885655], [544.3445639231147, 694.0707770563795], [544.2773862534923, 694.0716080034811], [544.2991939959691, 694.1688338939464], [544.1219705504, 694.1623411691409], [544.0748940863136, 694.2325221225143], [543.2494038646773, 694.0614907988822], [542.935193751055, 693.8863040170304], [544.0556743015904, 693.2175463577826], [544.0642825681717, 693.2416243918515]]]}, "properties": {"OBJECTID_12": 755, "SETTLEMENT": "01010", "SETTL_NAME": "Tinriland", "EAST": 674102.486484, "NORTH": 672485.067024, "GUID": "BAC7CA6A-6786-4EBE-8D5F-13C24770A23B"}}, {"type": "Feature", "id": 756, "geometry": {"type": "Polygon", "coordinates": [[[314.14073167052373, 741.6553257870205], [313.90453618806185, 741.8143715341656], [313.9926261671051, 741.9085234562554], [312.1277947169643, 742.2925549409082], [311.7583033137611, 742.3348738429275], [311.5700170115883, 742.498829965284], [311.3036464181472, 742.4932025332748], [311.2502553786005, 742.3609154834546], [311.94673586593706, 741.8757988128043], [313.07116119623146, 741.8465708806202], [313.2969585355531, 741.8297022551646], [313.187937039568, 741.7223747330235], [314.14073167052373, 741.6553257870205]]]}, "properties": {"OBJECTID_12": 756, "SETTLEMENT": "18037", "SETTL_NAME": "Boherbue", "EAST": 526916.766241, "NORTH": 601294.797356, "GUID": "B64DC08D-55B0-4DB6-A973-898CECAA41E3"}}, {"type": "Feature", "id": 757, "geometry": {"type": "Polygon", "coordinates": [[[482.8285750032256, 514.3831493612961], [482.9623623604555, 514.5290975236526], [483.2292532485504, 514.6929881354926], [483.39840994283946, 514.6907956443097], [483.4713832943499, 514.6961216709708], [483.40437184194025, 514.7501805214298], [483.74611093640215, 514.8155503447412], [483.71123164375894, 514.8568935939116], [485.01840929301653, 515.1423425485285], [484.8018455354176, 515.1578287013141], [485.22201835615573, 515.3346979967104], [483.6754665887285, 515.2341096154266], [482.8285750032256, 514.3831493612961]]]}, "properties": {"OBJECTID_12": 757, "SETTLEMENT": "33031", "SETTL_NAME": "Fahan", "EAST": 634267.659502, "NORTH": 926649.714311, "GUID": "BEE0053B-93B7-4539-ADE6-AB472033B699"}}, {"type": "Feature", "id": 758, "geometry": {"type": "Polygon", "coordinates": [[[416.03555128638186, 548.8758548306641], [416.29033966909225, 549.0060455265237], [417.17795834858345, 549.1304824007595], [417.324016808512, 550.2822371701209], [417.0483733194347, 550.3474030155013], [416.5603083584981, 550.482399524734], [416.1833331033952, 550.49617996681], [416.1624208673557, 550.1261127599433], [416.01022106122133, 549.9011699930691], [415.166422280272, 550.027065887418], [413.50643534057815, 549.3309258984061], [415.933129856032, 548.8136353070548], [416.03555128638186, 548.8758548306641]]]}, "properties": {"OBJECTID_12": 758, "SETTLEMENT": "33004", "SETTL_NAME": "Donegal", "EAST": 593167.902268, "NORTH": 878348.156384, "GUID": "BA7C8D62-0475-4E4F-B782-A4777C6F06CD"}}, {"type": "Feature", "id": 759, "geometry": {"type": "Polygon", "coordinates": [[[435.7572410880437, 511.3141390088365], [436.7433751194784, 512.1548151887583], [436.9645684856587, 512.2066474494775], [436.69132988829654, 512.4422386603152], [436.8515259142475, 512.4913819177135], [437.0610578932075, 512.8309770082101], [436.38702275059416, 513.2826315459548], [436.13851024830933, 512.764873099565], [436.4940758378688, 512.588110173294], [436.1682873643883, 512.4133919314193], [436.30084628736427, 512.1518940918676], [435.867314548416, 511.68441896360275], [435.7572410880437, 511.3141390088365]]]}, "properties": {"OBJECTID_12": 759, "SETTLEMENT": "33010", "SETTL_NAME": "Creeslough", "EAST": 605742.68504, "NORTH": 930420.251456, "GUID": "997F78B4-A936-466C-BF4F-53859654BBAF"}}, {"type": "Feature", "id": 760, "geometry": {"type": "Polygon", "coordinates": [[[350.61918957410666, 544.988355406221], [350.6020001068459, 545.0663650581666], [350.55553339047145, 545.1066441902282], [348.8138606355691, 545.3918460453702], [347.22869430951465, 545.5489532551327], [346.86980630912, 545.6156838791151], [347.92109915030187, 545.1939323317791], [347.97938405738773, 545.2347587696912], [348.70186460794025, 545.0172833836724], [350.23595423226135, 545.0308731573562], [350.23068312033496, 545.0602403832465], [350.4277533570016, 545.0600053160331], [350.61918957410666, 544.988355406221]]]}, "properties": {"OBJECTID_12": 760, "SETTLEMENT": "33019", "SETTL_NAME": "Gleann Cholm Cille", "EAST": 552909.698978, "NORTH": 884599.829597, "GUID": "596BBC2A-E9AD-4421-8196-399B30590119"}}, {"type": "Feature", "id": 761, "geometry": {"type": "Polygon", "coordinates": [[[491.4682474561141, 498.52383313023734], [491.70408059743465, 499.0872197784176], [491.6864324212, 499.15501575476117], [492.38346891314774, 499.30172572931644], [491.37896389513816, 499.80608932491947], [490.7494773628779, 500.3337738999718], [490.4075445524736, 500.38564925253615], [490.1752130011392, 500.34919867851477], [489.50268625186027, 500.1147432322421], [489.529229018256, 500.03953503330905], [489.30091187582616, 499.97686907672227], [489.8520246615595, 499.9558472713853], [491.4682474561141, 498.52383313023734]]]}, "properties": {"OBJECTID_12": 761, "SETTLEMENT": "33026", "SETTL_NAME": "Ballyliffin", "EAST": 638237.10438, "NORTH": 948030.317241, "GUID": "889CB4C5-C11B-44B9-A857-A8B189258C0A"}}, {"type": "Feature", "id": 762, "geometry": {"type": "Polygon", "coordinates": [[[278.2345758593301, 722.6712094945688], [278.907004532912, 722.652148025438], [279.07795365982827, 722.7231631044417], [279.0665495812256, 722.9800721797752], [279.3086650000576, 723.0555389699905], [279.3810550891744, 723.0696901233352], [279.2987382176864, 723.1073938542078], [279.3790424607467, 723.136031422417], [279.14260950283733, 723.1028700257334], [278.75288755374294, 722.9378588679436], [278.4537838722219, 722.9154490623027], [278.2380291594336, 722.777755088248], [278.2345758593301, 722.6712094945688]]]}, "properties": {"OBJECTID_12": 762, "SETTLEMENT": "19038", "SETTL_NAME": "Duagh", "EAST": 505634.297939, "NORTH": 630032.642208, "GUID": "DE52F208-326A-4B6B-B844-BE94C861DA7C"}}, {"type": "Feature", "id": 763, "geometry": {"type": "Polygon", "coordinates": [[[551.0634516149792, 684.7579103369927], [550.4368368279381, 685.6465879823581], [550.0591227772811, 685.803402153086], [549.9280337997291, 685.3739569863598], [549.6967258415146, 685.2888394979152], [549.5636855542997, 685.2739728265656], [549.2862767816747, 685.3381220638628], [549.0195470992865, 685.2576292269652], [549.8637476200437, 684.9226583366338], [549.9867614548683, 684.9400449596468], [550.0700319139371, 684.8323961527944], [550.6005264014933, 684.7740977135312], [551.0634516149792, 684.7579103369927]]]}, "properties": {"OBJECTID_12": 763, "SETTLEMENT": "06003", "SETTL_NAME": "Castledermot", "EAST": 677958.238128, "NORTH": 685033.088515, "GUID": "D3160B4B-0ABE-4804-A3CE-E92A3924AEAF"}}, {"type": "Feature", "id": 764, "geometry": {"type": "Polygon", "coordinates": [[[561.9335315596352, 659.9888827955916], [562.2803343445173, 659.9968783142452], [562.5399325035968, 659.998684905437], [563.2617859993738, 660.317374668818], [562.1238532271915, 660.4653600831804], [561.8503177951328, 660.3782429952498], [561.7652082912608, 660.5364595698019], [561.8620276810784, 660.5591614494407], [561.542116417537, 660.6331091032281], [561.6472413129056, 660.5630169366609], [561.5256757377632, 660.511761769577], [561.6695139960747, 660.2968747906041], [561.9335315596352, 659.9888827955916]]]}, "properties": {"OBJECTID_12": 764, "SETTLEMENT": "06034", "SETTL_NAME": "Carragh", "EAST": 684890.507125, "NORTH": 721415.906347, "GUID": "180EC98D-E18A-4D89-B72E-9E3FED7540B8"}}, {"type": "Feature", "id": 765, "geometry": {"type": "Polygon", "coordinates": [[[224.2063883158752, 765.6980398619556], [224.28039407880854, 765.6941287644784], [224.0679106168512, 765.8274281560288], [224.69956124775146, 765.8887100785201], [224.34454646780267, 766.0803118609039], [224.5139554746368, 766.2122169059107], [224.22650978472214, 766.2457733241157], [224.28771380674132, 766.1924001501366], [224.13271039305067, 766.1156713441718], [224.0746625537056, 766.1421310557446], [224.01093679505388, 766.1131392580063], [223.72501059599148, 766.1364344341615], [224.2063883158752, 765.6980398619556]]]}, "properties": {"OBJECTID_12": 765, "SETTLEMENT": "19010", "SETTL_NAME": "Sneem", "EAST": 469001.718015, "NORTH": 566769.782738, "GUID": "F0C0AFBB-34B1-4B08-B864-A09320D991B5"}}, {"type": "Feature", "id": 766, "geometry": {"type": "Polygon", "coordinates": [[[380.9421774012907, 735.3063848206264], [381.24551654660695, 735.2779626202099], [381.5550834661291, 735.4900284811322], [381.39023745424, 735.5084511381642], [381.462490576, 735.5884906569726], [381.1950463357419, 735.6684649217573], [380.91810966304536, 735.5843597024566], [380.7309858634677, 735.5712640646616], [380.25169770148375, 735.5597570536409], [380.79651924135464, 735.4038455136429], [380.7455077742464, 735.3595564880828], [380.8360652891456, 735.2885660453493], [380.9421774012907, 735.3063848206264]]]}, "properties": {"OBJECTID_12": 766, "SETTLEMENT": "18070", "SETTL_NAME": "Kildorrery", "EAST": 570754.781966, "NORTH": 610532.862665, "GUID": "E9912686-8BCC-4AD6-9FE0-BEEA3472E0EC"}}, {"type": "Feature", "id": 767, "geometry": {"type": "Polygon", "coordinates": [[[504.268140087536, 515.7204684838907], [504.2271695205237, 515.7449119193477], [504.6979437845024, 515.9204906802021], [504.91554421891624, 515.814469119114], [505.0897681078155, 516.2766901658406], [505.0681669619947, 516.3626857825755], [505.4435800672853, 516.4247388579375], [505.5749573622496, 516.3472994254336], [505.47968759834987, 516.5074488013329], [502.8501516167403, 516.6460668956352], [503.6443359272885, 516.0737816599452], [503.9436110220395, 515.8062271862784], [504.268140087536, 515.7204684838907]]]}, "properties": {"OBJECTID_12": 767, "SETTLEMENT": "33034", "SETTL_NAME": "Muff", "EAST": 646500.081634, "NORTH": 924932.701017, "GUID": "2CFA4B5E-4110-45B2-8DD3-811C24800440"}}, {"type": "Feature", "id": 768, "geometry": {"type": "Polygon", "coordinates": [[[531.8176250392042, 506.0312325863401], [527.7964165830517, 507.01818605320415], [527.3427306549195, 507.07722778856885], [528.2236039913024, 506.15638484204544], [529.5862008028384, 506.19781470667], [529.5527345979328, 506.14104746979336], [529.8407144313738, 506.22114816597724], [529.7127618178816, 506.2543028278919], [529.7344406753654, 506.27843711806196], [530.8145926364501, 506.30735340098266], [530.7463901250816, 506.23910356750247], [531.6082791956298, 506.082945327366], [531.8176250392042, 506.0312325863401]]]}, "properties": {"OBJECTID_12": 768, "SETTLEMENT": "33033", "SETTL_NAME": "Moville", "EAST": 661209.878105, "NORTH": 938674.082344, "GUID": "688F3A5C-883D-409A-822E-23C4EF8B9620"}}, {"type": "Feature", "id": 769, "geometry": {"type": "Polygon", "coordinates": [[[402.9598534422752, 766.4523540394733], [403.02301963230826, 766.5122333999273], [402.6735120676832, 766.8980166116735], [402.31695475877547, 767.0988690249698], [401.54054341413973, 767.0758358199447], [401.1617056842741, 767.1769992725431], [401.1642979539349, 767.0802088056712], [401.8479028494283, 766.5902157500626], [402.4542950289301, 766.5177795210606], [402.4870697085291, 766.5596650682473], [402.7282577318176, 766.5066936158895], [402.75244108386136, 766.5330054218061], [402.9598534422752, 766.4523540394733]]]}, "properties": {"OBJECTID_12": 769, "SETTLEMENT": "18067", "SETTL_NAME": "Whitegate", "EAST": 584263.790378, "NORTH": 563854.356877, "GUID": "AFF45642-4EF4-4FE7-8984-0D9AF294EF16"}}, {"type": "Feature", "id": 770, "geometry": {"type": "Polygon", "coordinates": [[[442.956974292688, 505.67936123066227], [444.5049870147243, 505.73994869005907], [444.90015355063895, 505.7670835090612], [444.9078009445461, 505.83980035255445], [444.92771773783784, 505.9613528209378], [446.61173000612695, 506.37413368301355], [446.46016659210454, 506.38766826330044], [446.3487540078208, 506.3147001078299], [446.1727462713824, 506.32588515100787], [446.08970023133975, 506.3930470905672], [446.16803572352745, 506.4603645633015], [443.1970497680661, 506.67885083502193], [442.956974292688, 505.67936123066227]]]}, "properties": {"OBJECTID_12": 770, "SETTLEMENT": "33040", "SETTL_NAME": "Cnoc Na Muirleog", "EAST": 610338.147359, "NORTH": 938755.232791, "GUID": "8B5D476B-19D7-4695-86A9-41BF5AA1AE49"}}, {"type": "Feature", "id": 771, "geometry": {"type": "Polygon", "coordinates": [[[489.7202133464448, 500.47721803692264], [489.9957294106432, 500.52825394608175], [490.07788464692584, 500.5114452425156], [490.1121369354699, 500.4627736763617], [490.4254456564299, 500.9370275200813], [490.9651640051072, 501.15730178726415], [490.80935036477547, 501.22073948217326], [490.3664349278037, 501.3146276955046], [488.18353188805975, 500.82368478130746], [489.3224707914848, 500.57372746175736], [489.5931540009632, 500.4650496026335], [489.82328395018135, 500.43912082690446], [489.7202133464448, 500.47721803692264]]]}, "properties": {"OBJECTID_12": 771, "SETTLEMENT": "33030", "SETTL_NAME": "Clonmany", "EAST": 637362.406812, "NORTH": 946229.573, "GUID": "AEBBCF61-B4F5-4844-B256-1203C9FB20D7"}}, {"type": "Feature", "id": 772, "geometry": {"type": "Polygon", "coordinates": [[[364.34200247553173, 550.9023105726071], [365.20181714986455, 551.3539175317795], [364.49256918724905, 551.4320709219724], [364.18643828818455, 551.4874128153494], [363.4016558677141, 551.4621077202228], [362.73145208248536, 551.3425793152003], [362.5842381029909, 551.29083553161], [363.15712269199895, 551.2276901909172], [363.60417008526827, 550.8802049345537], [363.6055334409547, 550.954981651026], [364.24593506301653, 550.8700237726753], [364.3426962262997, 550.8718294858095], [364.34200247553173, 550.9023105726071]]]}, "properties": {"OBJECTID_12": 772, "SETTLEMENT": "33021", "SETTL_NAME": "Cill Charthaigh", "EAST": 562009.599279, "NORTH": 876175.297117, "GUID": "3A25DC4E-886D-4C4B-8659-4473C87E47A0"}}, {"type": "Feature", "id": 773, "geometry": {"type": "Polygon", "coordinates": [[[345.6311004143787, 700.604751359731], [345.27518075789976, 700.7988841542228], [346.9986916104405, 701.3611364750042], [346.713059342192, 701.4365811246788], [346.1351578371104, 701.7510034942705], [345.35411832464854, 701.3944888817404], [344.80857604539625, 701.3615513875627], [344.80445741830613, 701.4893336539056], [343.57568585642133, 701.4637206173601], [344.13262484443413, 701.2592513523106], [344.3620717165376, 700.8959172902479], [345.12458745318185, 700.7524080289678], [345.6311004143787, 700.604751359731]]]}, "properties": {"OBJECTID_12": 773, "SETTLEMENT": "16020", "SETTL_NAME": "Cratloe", "EAST": 548301.913252, "NORTH": 661224.008179, "GUID": "A1E5C048-51D8-489E-8A94-07108DC53C21"}}, {"type": "Feature", "id": 774, "geometry": {"type": "Polygon", "coordinates": [[[312.97842380584, 681.9277245756491], [313.9653043108224, 682.6394764835768], [313.7119680593984, 682.6315795747614], [313.5578485009163, 682.7734163558886], [312.9612387302976, 683.0302109370447], [313.08195014581975, 682.6841791567414], [313.0539534029024, 682.5912726809308], [312.4662964150304, 682.46699109671], [312.3168301096576, 682.4715299549637], [312.30089940515734, 682.2677544541258], [312.68890378464107, 682.2106891323681], [312.77908630269656, 682.220191525283], [312.97842380584, 681.9277245756491]]]}, "properties": {"OBJECTID_12": 774, "SETTLEMENT": "16003", "SETTL_NAME": "Corrofin", "EAST": 528471.257615, "NORTH": 688916.630471, "GUID": "FF982B2B-A4AA-4446-8526-B50DA8D90AC8"}}, {"type": "Feature", "id": 775, "geometry": {"type": "Polygon", "coordinates": [[[303.37333200866453, 669.0728272484076], [304.52875783037655, 669.2904673423369], [304.6223316434539, 669.2386463711466], [305.2425498367936, 669.393323387773], [304.8992750849312, 669.5871125911272], [304.6523445047072, 669.62611773764], [304.3040917158496, 669.7150770515177], [304.2091339064395, 669.7361679889359], [304.23277408069333, 669.8677110766091], [303.7623650123072, 669.715689279826], [303.39889922334186, 669.7676103938429], [303.2733520729856, 669.665716320801], [303.37333200866453, 669.0728272484076]]]}, "properties": {"OBJECTID_12": 775, "SETTLEMENT": "16001", "SETTL_NAME": "Ballyvaughan", "EAST": 523087.306198, "NORTH": 707899.396295, "GUID": "1B12B1C9-4D2C-44F1-B2B2-F40514E3EF9D"}}, {"type": "Feature", "id": 776, "geometry": {"type": "Polygon", "coordinates": [[[427.7914508963392, 757.9519144881967], [428.17748853549335, 758.260610644813], [427.9344364389952, 758.3301599938964], [427.71998240968105, 758.3244027501673], [426.531063108688, 758.2251336923117], [426.4316548552128, 758.2023648183745], [426.49473313374824, 758.1259848239043], [427.34489053074134, 758.15739947345], [427.26474756669546, 758.0205659199213], [427.32128433685654, 758.0369450653969], [427.2813286921493, 758.0652643227713], [427.36226755244905, 758.0806655805429], [427.7914508963392, 757.9519144881967]]]}, "properties": {"OBJECTID_12": 776, "SETTLEMENT": "18081", "SETTL_NAME": "Killeagh", "EAST": 600417.459246, "NORTH": 576581.63483, "GUID": "ECB150BC-2C08-4E5D-BA10-F837AC5C6A34"}}, {"type": "Feature", "id": 777, "geometry": {"type": "Polygon", "coordinates": [[[371.9974835526187, 742.8194777893119], [371.9443257174923, 742.8480704435358], [371.9696922036565, 742.9658897033453], [371.98493394610347, 742.9875512098578], [371.940653029104, 742.9934752854817], [371.96846297718827, 743.0235131190876], [371.438496105072, 743.1634375181227], [371.3450430059509, 743.1503838417465], [370.8946403927776, 743.116680255589], [371.0024298770944, 743.0923094574014], [370.96296442519787, 743.031470587646], [372.1442973802048, 742.7414745558583], [371.9974835526187, 742.8194777893119]]]}, "properties": {"OBJECTID_12": 777, "SETTLEMENT": "18056", "SETTL_NAME": "Killavullen", "EAST": 564618.496423, "NORTH": 599558.146007, "GUID": "197432E1-E32D-4FA8-9259-3612A9C64AF0"}}, {"type": "Feature", "id": 778, "geometry": {"type": "Polygon", "coordinates": [[[195.575521396576, 765.372244800011], [195.41439304213333, 765.7856808736157], [196.22258997566934, 765.9104660131087], [196.21453912503466, 766.3115837335133], [196.083177331616, 766.3573773650909], [195.95887225668267, 766.4559780708726], [195.854635095744, 766.4743957271326], [195.669721765664, 766.6610831365836], [195.41063779031467, 766.7467734364843], [195.54329806112, 767.0691858278602], [194.843313823936, 766.0087907636076], [195.37118372853334, 765.3524304174368], [195.575521396576, 765.372244800011]]]}, "properties": {"OBJECTID_12": 778, "SETTLEMENT": "19004", "SETTL_NAME": "Waterville-Spunkane", "EAST": 450467.093812, "NORTH": 566740.157334, "GUID": "088883DB-0EE6-4A48-BA9A-FC0C913A35D4"}}, {"type": "Feature", "id": 779, "geometry": {"type": "Polygon", "coordinates": [[[620.82346621424, 643.2713400411794], [620.9732728416651, 643.2717798644245], [621.0107496496096, 643.1966359847058], [626.5354968583744, 644.4332788295186], [625.959808490351, 644.3663691592441], [625.9225338367766, 644.4708730202024], [624.5502390253014, 644.565788411532], [624.3615501795275, 644.7988245409208], [621.9717753382218, 644.1011153114526], [619.5603075114539, 643.6640272593094], [620.1863217763135, 643.1124017426275], [620.0421208253898, 643.1042292506146], [620.82346621424, 643.2713400411794]]]}, "properties": {"OBJECTID_12": 779, "SETTLEMENT": "04008", "SETTL_NAME": "Malahide", "EAST": 722246.719758, "NORTH": 745785.730009, "GUID": "73094426-CEBA-45C2-AB99-D7D8A0EF65CD"}}, {"type": "Feature", "id": 780, "geometry": {"type": "Polygon", "coordinates": [[[622.6441171519061, 637.5049774739316], [622.9516822911286, 637.6870001294742], [623.2303883882486, 638.327190677651], [623.2204497485974, 638.4005565008315], [622.96302626192, 638.3197285266162], [622.7622543347861, 638.3701608765142], [622.7296809502208, 638.4374397161472], [622.5071727367434, 638.6014787020836], [622.8481467721131, 638.6360084019753], [621.3256819514837, 638.417415291325], [621.328705205761, 638.2846236976895], [621.2119399397152, 638.284958064406], [622.6441171519061, 637.5049774739316]]]}, "properties": {"OBJECTID_12": 780, "SETTLEMENT": "04007", "SETTL_NAME": "Lusk", "EAST": 721496.646206, "NORTH": 754321.384005, "GUID": "13721A79-77E6-4A26-A0B0-370A21BCF567"}}, {"type": "Feature", "id": 781, "geometry": {"type": "Polygon", "coordinates": [[[554.6784763772127, 676.8276677858289], [554.9354938476438, 676.9025442588558], [555.0694800250592, 677.3307443753249], [553.9783107317857, 677.7806489907027], [553.2110746671733, 677.6684339952247], [553.2131672990965, 677.7368985333611], [553.0175175518731, 677.7947662078811], [552.7342988183626, 677.927239887652], [552.0766217532214, 677.7349710403032], [551.7769583185909, 677.5789006159891], [552.3665853342112, 677.2408651060263], [552.6282155025386, 677.0995557271366], [554.6784763772127, 676.8276677858289]]]}, "properties": {"OBJECTID_12": 781, "SETTLEMENT": "06002", "SETTL_NAME": "Ballitore", "EAST": 679758.784979, "NORTH": 696436.46266, "GUID": "177E1AD9-A007-4CDF-92D2-C5C135886A60"}}, {"type": "Feature", "id": 782, "geometry": {"type": "Polygon", "coordinates": [[[263.20331869701545, 781.8768707891487], [263.7234534428341, 781.7955333115563], [264.2578983519861, 781.894850960187], [264.24433495115414, 781.8743215644909], [264.3392184094752, 782.1683956759197], [263.60873533992105, 782.1894280592733], [262.6927334815488, 782.2357801875565], [262.44859681804587, 782.1016480204403], [262.3174796556523, 782.1252407859115], [262.2871182030187, 782.0724499106425], [262.56578519303145, 781.9467666839662], [263.1081784372373, 781.7733306573989], [263.20331869701545, 781.8768707891487]]]}, "properties": {"OBJECTID_12": 782, "SETTLEMENT": "18007", "SETTL_NAME": "Durrus", "EAST": 494056.938116, "NORTH": 542091.466643, "GUID": "BF5B7C66-72F2-431F-B37D-F3BCF8ADB00B"}}, {"type": "Feature", "id": 783, "geometry": {"type": "Polygon", "coordinates": [[[450.5506977648288, 536.7898132462733], [451.98981896300586, 536.9889886751828], [452.0673360080309, 537.0214240171538], [453.89597077798504, 537.4818690201552], [453.9847245086293, 537.6137890681956], [451.15177389564695, 537.9182667334825], [452.30210872945173, 538.0973420782817], [452.4991346532597, 538.2314137262787], [452.057525342432, 538.6096125735137], [448.6248568146976, 538.6995061757813], [447.5028462869216, 538.1708268889818], [449.8944212039168, 537.3922913050012], [450.5506977648288, 536.7898132462733]]]}, "properties": {"OBJECTID_12": 783, "SETTLEMENT": "33045", "SETTL_NAME": "Ballybofey-Stranorlar", "EAST": 614218.14769, "NORTH": 894626.202141, "GUID": "7FAA63C5-B1E5-4CD3-8D4C-2CE55C63707A"}}, {"type": "Feature", "id": 784, "geometry": {"type": "Polygon", "coordinates": [[[383.0190769469216, 540.056128715355], [383.2612661144181, 540.362502033806], [384.2969932858176, 540.701275920521], [384.6286750832651, 540.7890624628126], [383.665380539856, 541.0114569582403], [382.9580069486507, 541.0960472792901], [382.9171361426955, 541.137208682663], [381.70555574124586, 541.2673241346562], [381.4629776752352, 541.0108414286402], [382.6734924692896, 540.4296510184873], [382.6915700411552, 540.2964469712596], [382.5094022999403, 540.1721946714573], [383.0190769469216, 540.056128715355]]]}, "properties": {"OBJECTID_12": 784, "SETTLEMENT": "33015", "SETTL_NAME": "Ardara", "EAST": 573592.723337, "NORTH": 890750.959906, "GUID": "6F4FF7C8-EA78-4F40-99A4-105C5A6C5615"}}, {"type": "Feature", "id": 785, "geometry": {"type": "Polygon", "coordinates": [[[392.9076646027488, 519.997529481984], [393.7903858311157, 520.2284583180237], [393.86298126131305, 520.1693702235563], [394.2265125245824, 520.1782494537041], [394.2350179675648, 520.6487742874137], [394.25742810642345, 520.665027944937], [393.88978995925976, 520.6687938460421], [393.72899740674455, 520.6005365269468], [393.3604968929035, 520.2926040706698], [393.3005892359904, 520.3291705271215], [391.534153412608, 520.3694440043481], [391.753336439888, 520.2249221053466], [392.9076646027488, 519.997529481984]]]}, "properties": {"OBJECTID_12": 785, "SETTLEMENT": "33014", "SETTL_NAME": "Anagaire", "EAST": 579938.832918, "NORTH": 919228.476106, "GUID": "A291CBBC-172C-47D2-BCEB-112B4ECFC4FE"}}, {"type": "Feature", "id": 786, "geometry": {"type": "Polygon", "coordinates": [[[416.0359803176171, 510.6091649566989], [417.6182781782869, 510.77450442621364], [416.20381062187414, 511.4707633450652], [415.8766725290336, 511.4194091233862], [414.49147846466985, 511.2143026654272], [414.16471582429864, 511.1640776064154], [413.7305032309909, 511.08106192129287], [413.9737382302624, 510.7471225629736], [413.82323970553705, 510.7857887810198], [415.4018753250859, 510.48618615612554], [415.3527038489184, 510.45872209577715], [415.4049299568864, 510.23791834183055], [416.0359803176171, 510.6091649566989]]]}, "properties": {"OBJECTID_12": 786, "SETTLEMENT": "33012", "SETTL_NAME": "An Fál Carrach", "EAST": 593275.130404, "NORTH": 932308.636684, "GUID": "CE895B13-FF99-49CC-B0D7-3C202B5773BA"}}, {"type": "Feature", "id": 787, "geometry": {"type": "Polygon", "coordinates": [[[280.7885618692021, 715.7356990145183], [281.0401154020245, 716.1239590345647], [280.7544068097771, 716.515979499496], [280.6523516879776, 716.5343758859336], [280.46750572630935, 716.6744408890238], [280.13758893446294, 716.4673480095914], [280.19541268470505, 716.205902877257], [280.1764436408693, 716.185888503315], [280.34980822556696, 716.020328467374], [280.5093013348459, 715.7154733296346], [280.50465784166187, 715.7440665642697], [280.89075943766613, 715.7171424712853], [280.7885618692021, 715.7356990145183]]]}, "properties": {"OBJECTID_12": 787, "SETTLEMENT": "19023", "SETTL_NAME": "Newtownsandes", "EAST": 506979.687385, "NORTH": 639784.550666, "GUID": "9E32BBDA-580F-4669-A6B8-6D4BD45828F3"}}, {"type": "Feature", "id": 788, "geometry": {"type": "Polygon", "coordinates": [[[271.66626844039786, 692.2448612648457], [272.0267900168192, 692.1688600811603], [272.27037786932055, 692.2690486492035], [272.25061033936424, 692.325395660455], [271.8754411681301, 692.3812738078929], [271.91605127332906, 692.4523108597546], [271.6567836061355, 692.4611587670479], [271.04091719518505, 692.5387820333636], [270.6487768288235, 692.6320226397646], [270.3664102980309, 692.6586994527154], [270.40584415012694, 692.6968892541643], [271.44089660045864, 692.1376694798677], [271.66626844039786, 692.2448612648457]]]}, "properties": {"OBJECTID_12": 788, "SETTLEMENT": "16016", "SETTL_NAME": "Quilty", "EAST": 501755.769187, "NORTH": 674827.33445, "GUID": "C33DA347-DB4E-4664-9ED7-3DA638E7A931"}}, {"type": "Feature", "id": 789, "geometry": {"type": "Polygon", "coordinates": [[[330.072394156608, 695.9841828241498], [332.11063086035733, 696.4394011971278], [332.25019396394026, 696.3131779930363], [332.133528981568, 696.1483389500816], [332.2546221144373, 696.1291144425394], [332.3080311889024, 696.027634379721], [331.5544433217291, 696.8203088197462], [331.9799434664384, 697.4039071004439], [330.57429237952, 697.2282022902966], [330.95395007473064, 696.8175028741089], [329.3744693901077, 696.7735252617479], [329.48054991462186, 695.6040424252581], [330.072394156608, 695.9841828241498]]]}, "properties": {"OBJECTID_12": 789, "SETTLEMENT": "16005", "SETTL_NAME": "Newmarket-On-Fergus", "EAST": 539627.015241, "NORTH": 668144.40383, "GUID": "F8B9F81C-9CBC-4837-A842-4E1366190422"}}, {"type": "Feature", "id": 790, "geometry": {"type": "Polygon", "coordinates": [[[379.8235127606229, 683.2309933847032], [380.5235331454443, 683.3922034142192], [381.3665269416107, 683.3736241078001], [380.6923663422517, 683.8070883731109], [380.69836044460584, 683.8038969062374], [380.7581938241312, 683.8023811816787], [380.76264761841816, 683.8016892312177], [380.68917711706666, 683.6908050082878], [379.4480659976192, 683.5184066239979], [379.48437519398294, 683.5201659879515], [379.46953174952426, 683.460454988533], [379.8008560366144, 683.188539565792], [379.8235127606229, 683.2309933847032]]]}, "properties": {"OBJECTID_12": 790, "SETTLEMENT": "16034", "SETTL_NAME": "Mountshannon", "EAST": 570917.390994, "NORTH": 686955.336698, "GUID": "BBDCED64-44C5-442C-8B94-57A6BF8A8241"}}, {"type": "Feature", "id": 791, "geometry": {"type": "Polygon", "coordinates": [[[277.9922691286987, 688.974919806826], [278.18686403647786, 689.336479819381], [278.226982267968, 689.3787274727223], [278.5511728288811, 689.8697134147327], [278.6684523935776, 689.8430438236973], [278.3240976440117, 689.7615177543845], [277.1471609142229, 689.8258366169358], [276.8796235863392, 689.5988034365107], [276.21297132002985, 689.6714121049446], [276.83028713534185, 689.5236074556044], [277.06329416334825, 689.2804345469186], [277.2184752705472, 689.1125493230526], [277.9922691286987, 688.974919806826]]]}, "properties": {"OBJECTID_12": 791, "SETTLEMENT": "16010", "SETTL_NAME": "Miltown Malbay", "EAST": 505862.125176, "NORTH": 679077.633373, "GUID": "1A05C279-F038-46E7-9927-EF0519DC728B"}}, {"type": "Feature", "id": 792, "geometry": {"type": "Polygon", "coordinates": [[[289.74770995992213, 675.6846792500527], [289.8295693916896, 675.7632012004738], [289.6271609897835, 675.799076586326], [289.9028346138528, 676.0031878663976], [290.1485328763744, 676.9275170685481], [289.75774652049495, 676.6728517666328], [289.70583019119255, 676.5747218771602], [289.26172399091735, 676.6239682858943], [288.62663534318295, 676.5733422619489], [287.73811162627413, 676.2000390256743], [287.44034373030615, 676.223185232374], [287.44482160483307, 676.2909488759518], [289.74770995992213, 675.6846792500527]]]}, "properties": {"OBJECTID_12": 792, "SETTLEMENT": "16002", "SETTL_NAME": "Lisdoonvarna", "EAST": 513538.968688, "NORTH": 698142.839175, "GUID": "BC360D83-82A2-4669-90E9-6173F438873C"}}, {"type": "Feature", "id": 793, "geometry": {"type": "Polygon", "coordinates": [[[279.15106629889067, 682.7878684994214], [279.0076607729675, 682.820350979386], [278.6483584060544, 682.9987408592772], [278.6967126455328, 682.9878461226442], [278.1393019059797, 683.3081763806282], [277.1637014305963, 683.5087264195258], [277.12239066187414, 683.4277177245252], [277.6470466277419, 683.00052935678], [277.6312829444032, 682.983754550584], [278.85901565978025, 682.7860863036454], [278.8403645121525, 682.7683134463532], [279.06607865023255, 682.7238742848465], [279.15106629889067, 682.7878684994214]]]}, "properties": {"OBJECTID_12": 793, "SETTLEMENT": "16032", "SETTL_NAME": "Liscannor", "EAST": 506326.579212, "NORTH": 688335.097614, "GUID": "7034D6E6-2667-4DB8-A57D-905903D5176C"}}, {"type": "Feature", "id": 794, "geometry": {"type": "Polygon", "coordinates": [[[282.83537132306134, 682.779572712712], [283.2336818519819, 683.18726484522], [283.42889133285655, 683.3303211645232], [284.1528718338261, 683.2513296705807], [284.1967492330752, 683.342959293603], [284.73409928029974, 683.25167827609], [284.2506717238688, 683.6113477682785], [284.0468379072821, 683.6493516845716], [284.19087130940375, 683.831115953663], [283.22253555034774, 684.1786471308609], [283.05261215237545, 684.2042975776582], [282.64903853220585, 684.0611651245823], [282.83537132306134, 682.779572712712]]]}, "properties": {"OBJECTID_12": 794, "SETTLEMENT": "16009", "SETTL_NAME": "Lehinch", "EAST": 509793.163556, "NORTH": 687525.40192, "GUID": "AEE81F3E-FCCE-4D89-8709-65CB540FEC0F"}}, {"type": "Feature", "id": 795, "geometry": {"type": "Polygon", "coordinates": [[[344.45123061078294, 780.1245023503151], [344.49550295790294, 780.1344823487156], [345.25992182806505, 780.2180630048687], [345.0374170217195, 780.5477483451517], [344.9699021541472, 780.5392354941106], [344.6196918354688, 780.6714072095416], [344.4860315233792, 780.6236533589927], [344.7822068395371, 780.4328355060575], [344.6684797015445, 780.3783212018938], [344.08855010107413, 780.1697685172841], [344.26168120242346, 780.1344832460633], [344.31812765902936, 780.0926297612831], [344.45123061078294, 780.1245023503151]]]}, "properties": {"OBJECTID_12": 795, "SETTLEMENT": "18012", "SETTL_NAME": "Timoleague", "EAST": 546876.311869, "NORTH": 543805.589621, "GUID": "EB1AFD9C-9772-41BB-896A-A6F16ABB8C43"}}, {"type": "Feature", "id": 796, "geometry": {"type": "Polygon", "coordinates": [[[358.3209901650475, 692.5626593126586], [358.8475398449408, 692.758474365307], [358.7951948509589, 692.7812991930371], [359.3466245650795, 693.37321923759], [359.5840629452992, 693.475505878274], [359.4602035954464, 693.5149752334901], [359.2242624897408, 693.5972932967502], [358.9749614661152, 693.5174409314042], [358.37122373466667, 693.3231746558429], [358.88314851084266, 693.2518422546207], [358.9303380093952, 693.0899231359332], [358.914937079728, 692.9932323836732], [358.3209901650475, 692.5626593126586]]]}, "properties": {"OBJECTID_12": 796, "SETTLEMENT": "16030", "SETTL_NAME": "Ardskeagh", "EAST": 557206.040338, "NORTH": 672929.203392, "GUID": "68AECC6C-F281-4F2E-A989-9AD22D7EC35A"}}, {"type": "Feature", "id": 797, "geometry": {"type": "Polygon", "coordinates": [[[361.8227759554677, 700.721879620156], [361.1551452064971, 699.7345420166795], [361.239147486848, 699.7419286012699], [362.7896956158613, 699.790795894712], [363.43111002633384, 699.9667163614213], [363.3461566441088, 699.9564028214618], [363.18914744234667, 700.1564077104442], [363.12196048746773, 700.1522666642376], [363.03826026709015, 700.2372189579618], [362.9140684390869, 700.2988612968672], [362.98900638847573, 700.3010059208079], [362.6930279400725, 700.4905934867444], [361.8227759554677, 700.721879620156]]]}, "properties": {"OBJECTID_12": 797, "SETTLEMENT": "16017", "SETTL_NAME": "Ardnacrusha or Castlebank", "EAST": 558972.03717, "NORTH": 662620.695874, "GUID": "8C3C7E14-72D4-4A2F-BBA3-7ECD664FB1EC"}}, {"type": "Feature", "id": 798, "geometry": {"type": "Polygon", "coordinates": [[[402.51273884839895, 747.7270095324919], [402.61363985679253, 747.8173596922444], [402.8182235116363, 747.7765476022073], [403.13390395225065, 747.9120715569131], [402.63325050030505, 748.0033756478473], [402.73698136864, 748.0750669410121], [403.0823544124896, 748.3213880678197], [402.9381348598773, 748.3953386655339], [402.26710084657066, 748.1226806609952], [402.2584302677461, 747.8043966340114], [402.2236678944363, 747.7757752165568], [402.3687144681749, 747.738430667166], [402.51273884839895, 747.7270095324919]]]}, "properties": {"OBJECTID_12": 798, "SETTLEMENT": "18028", "SETTL_NAME": "Bridebridge", "EAST": 584530.601344, "NORTH": 591836.75862, "GUID": "EC8949FE-165B-457B-ACE8-5F132B4C3E29"}}, {"type": "Feature", "id": 799, "geometry": {"type": "Polygon", "coordinates": [[[395.1461966623851, 513.9983213257758], [395.58922625444904, 516.8008150780888], [393.28076581878184, 517.2919509012564], [393.33325560494507, 516.3387414949573], [393.43324044888533, 516.2275237943177], [394.16727190919465, 516.1968001577804], [394.6878184358272, 515.503656078096], [394.73253061290666, 515.4409925549512], [394.525646011888, 515.44546910345], [394.63137544806295, 515.4044863755744], [394.4048623777664, 515.4681008584644], [394.2397781891872, 515.4177900321088], [395.1461966623851, 513.9983213257758]]]}, "properties": {"OBJECTID_12": 799, "SETTLEMENT": "33009", "SETTL_NAME": "An Bun Beag-Doirí Beaga", "EAST": 581472.247, "NORTH": 925712.13584, "GUID": "BFDCDF78-2F7E-4B2E-A732-29B9BBDDB958"}}, {"type": "Feature", "id": 800, "geometry": {"type": "Polygon", "coordinates": [[[381.53118176550186, 522.8182537943394], [381.4511711782624, 523.2388588866162], [381.86214417525224, 523.1804572767163], [382.4157689162464, 523.3838304970335], [382.5551451202315, 523.6695533813353], [381.747580865424, 523.6246549177057], [380.94303629794024, 523.7340329869911], [381.01287245304536, 523.6111664778555], [381.09105951751144, 523.5046622369233], [380.84656307704, 523.276638054534], [379.2890632889152, 523.1233975642972], [380.9085406985813, 522.9229586868116], [381.53118176550186, 522.8182537943394]]]}, "properties": {"OBJECTID_12": 800, "SETTLEMENT": "33016", "SETTL_NAME": "Ailt An Chorráin", "EAST": 572711.607097, "NORTH": 915061.743447, "GUID": "7B7FABC3-66AB-4DEC-9E24-DB1AEA62273D"}}, {"type": "Feature", "id": 801, "geometry": {"type": "Polygon", "coordinates": [[[258.27701632166935, 761.9696135677108], [259.3606912935979, 762.3839992342673], [259.31596051053333, 762.2642944033761], [258.3171080395435, 763.5918219931966], [259.1759583630795, 763.6146724715308], [259.1332518333515, 763.6192883857246], [257.9423235489824, 763.7318736596982], [257.5236425861568, 763.8552394062567], [256.8378974521696, 763.829086496511], [257.2142711460192, 763.692338097524], [256.28272718404264, 762.2522114513117], [258.0480121087317, 761.9755124577051], [258.27701632166935, 761.9696135677108]]]}, "properties": {"OBJECTID_12": 801, "SETTLEMENT": "19008", "SETTL_NAME": "Kenmare", "EAST": 491132.09746, "NORTH": 571080.968201, "GUID": "2C4FF83D-CA73-48E8-A9AB-B9475194E62A"}}, {"type": "Feature", "id": 802, "geometry": {"type": "Polygon", "coordinates": [[[413.7743658169952, 555.0251873802811], [413.94305919513704, 555.2213233973389], [413.99723313657705, 555.2252248750007], [413.9291301937579, 555.319599580226], [413.81193742210024, 555.3128221584576], [413.690497667744, 555.5211790542357], [413.77551849577816, 555.4914503600834], [412.9063196065216, 555.7331063032468], [412.9609746365003, 555.4883256287351], [413.24615959896533, 555.1696774052327], [413.4156849138464, 555.168858457202], [413.5034794304843, 555.0455685585254], [413.7743658169952, 555.0251873802811]]]}, "properties": {"OBJECTID_12": 802, "SETTLEMENT": "33002", "SETTL_NAME": "Ballintra", "EAST": 591949.667735, "NORTH": 870196.772934, "GUID": "4A8B8C6F-3961-4289-AB6C-6B5186F91B68"}}, {"type": "Feature", "id": 803, "geometry": {"type": "Polygon", "coordinates": [[[388.98437054586026, 766.3252130527311], [389.09142201842985, 766.6775474658075], [389.33789880276373, 766.8226727111386], [389.4254033812832, 766.8099097452346], [389.55911179253013, 766.9212339787152], [389.27717120509544, 766.8695198454514], [389.07125423622614, 766.8973002409875], [388.9503615402016, 766.8035901091035], [388.86059043819625, 766.808058290381], [388.83105824681815, 766.7243909072307], [388.76538892339624, 766.6099081142381], [388.75977812829973, 766.5839237143452], [388.98437054586026, 766.3252130527311]]]}, "properties": {"OBJECTID_12": 803, "SETTLEMENT": "18101", "SETTL_NAME": "Shanbally", "EAST": 575651.1776, "NORTH": 564154.416796, "GUID": "FFFC92B4-7C2B-4411-AC63-71B4E1A7BF9B"}}, {"type": "Feature", "id": 804, "geometry": {"type": "Polygon", "coordinates": [[[590.804475656816, 659.804641366367], [590.7823454223083, 659.9228407941648], [592.0847076136896, 660.0151006620714], [592.1474465863627, 659.9689191054647], [592.2023855843722, 659.9916155425261], [592.1330746510858, 660.0287848555433], [591.9423528383403, 660.2149714767003], [591.9717982941589, 660.2281090172393], [592.0728146079979, 660.3736014288597], [591.1083025132533, 660.2880254162916], [590.9275556452608, 660.257237624442], [590.5700406058176, 659.8575690376929], [590.804475656816, 659.804641366367]]]}, "properties": {"OBJECTID_12": 804, "SETTLEMENT": "03001", "SETTL_NAME": "Brittas", "EAST": 703049.955295, "NORTH": 721979.386682, "GUID": "414977E1-9ABD-490E-8B25-E47462B51426"}}, {"type": "Feature", "id": 805, "geometry": {"type": "Polygon", "coordinates": [[[621.9262495049078, 645.6261016498814], [622.0166388705974, 645.6993690413816], [621.9052024590048, 645.869741660115], [621.8416268435798, 645.7911334292314], [621.6090321836149, 645.9406169296566], [621.6012583914346, 645.9999167998146], [621.1837281789301, 645.986844813535], [621.1951782872778, 645.9445112464017], [621.1618354371979, 645.9472386828106], [621.0226728384555, 645.8963102533974], [621.4222713512651, 645.6541509063162], [621.4385453898944, 645.6128204585784], [621.9262495049078, 645.6261016498814]]]}, "properties": {"OBJECTID_12": 805, "SETTLEMENT": "04019", "SETTL_NAME": "Kinsaley", "EAST": 721396.352405, "NORTH": 743157.085868, "GUID": "36DD14EA-05D4-442D-8D09-F15B6545C392"}}, {"type": "Feature", "id": 806, "geometry": {"type": "Polygon", "coordinates": [[[572.1232301548096, 704.074843104314], [572.4355542943862, 704.520498179894], [571.3939193942624, 704.5040376210612], [571.22814756496, 704.5823477266557], [570.7001218718112, 705.2683762784362], [570.5225451324395, 705.2629787741756], [570.1606030375456, 705.1189396880239], [569.9285992820181, 705.0818685337956], [569.5930915484821, 705.1334053978522], [569.6238783659754, 704.9317117300678], [568.7555725692171, 704.3904451160195], [571.9046650509376, 704.0348247191902], [572.1232301548096, 704.074843104314]]]}, "properties": {"OBJECTID_12": 806, "SETTLEMENT": "35025", "SETTL_NAME": "Bunclody-Carrickduff", "EAST": 691212.776486, "NORTH": 656674.208304, "GUID": "C20205A8-94EF-49A2-8EFA-2A0F1A5E8D90"}}, {"type": "Feature", "id": 807, "geometry": {"type": "Polygon", "coordinates": [[[417.3817990024896, 604.2867373766503], [417.2737003006901, 604.5500914547679], [419.12576103146773, 605.2170958234796], [419.19310366914345, 605.2879142686796], [419.9409081354816, 605.625940938493], [419.7846749631232, 605.7198358586089], [419.5345856418741, 605.6443406789583], [418.35080043476904, 606.114650981341], [416.1742499831381, 605.8481894554566], [415.5986721289269, 605.9307006108797], [415.3501973547488, 605.769524781807], [417.45483908076585, 604.2685800453687], [417.3817990024896, 604.2867373766503]]]}, "properties": {"OBJECTID_12": 807, "SETTLEMENT": "35024", "SETTL_NAME": "Carrick-On-Shannon", "EAST": 594210.489297, "NORTH": 799637.223411, "GUID": "05FA815F-008C-47AD-8CAB-941E9D0F269C"}}, {"type": "Feature", "id": 808, "geometry": {"type": "Polygon", "coordinates": [[[471.64625000371944, 591.3973871689659], [472.59301678598933, 592.082463878688], [472.62032338287787, 592.3635157801248], [472.5088936011531, 592.3934947997627], [472.445234645104, 592.5155713970416], [472.01896309920534, 592.5296366536395], [472.30949899659413, 592.7296976631109], [471.18563981936745, 592.5629682894873], [470.5025223074912, 592.2151107453924], [470.5289108124427, 592.1149384181956], [470.6025706930784, 591.6887459716949], [471.0171349296181, 591.6432500784834], [471.64625000371944, 591.3973871689659]]]}, "properties": {"OBJECTID_12": 808, "SETTLEMENT": "32005", "SETTL_NAME": "Ballyconnell", "EAST": 627529.101655, "NORTH": 818469.113897, "GUID": "5D0C7B8C-2C43-4A34-AF63-1F0F16DE64DF"}}, {"type": "Feature", "id": 809, "geometry": {"type": "Polygon", "coordinates": [[[388.9294443125472, 525.3399400925642], [389.0601988758144, 525.439670526441], [388.76753411176, 525.3641893790109], [388.5677278101024, 525.4348269410924], [388.79028653689176, 525.7076775256527], [388.80416681988055, 525.752715907077], [390.0327765469088, 525.8205763995508], [390.2256975189003, 525.8360826971059], [389.5566683228352, 526.1401770176712], [389.3234544930464, 526.1346672299248], [386.6433498917397, 526.6976577371748], [387.0194152966048, 525.5517969732916], [388.9294443125472, 525.3399400925642]]]}, "properties": {"OBJECTID_12": 809, "SETTLEMENT": "33018", "SETTL_NAME": "An Clochán Liath", "EAST": 576954.594487, "NORTH": 911294.238978, "GUID": "33706C1E-10B3-4571-9018-1B5A00B08FF6"}}, {"type": "Feature", "id": 810, "geometry": {"type": "Polygon", "coordinates": [[[373.87144417686613, 697.165873759629], [374.0862884567221, 697.3267710218486], [373.6136818299723, 697.6245213180903], [373.6998662814784, 697.6994674327968], [373.1704013160405, 697.6716752233705], [373.33571440838296, 697.6546445073192], [373.3137621940309, 697.6233883779768], [373.49565853960536, 697.5191765321047], [373.4264213946507, 697.4871139722791], [373.31446912262936, 697.368910198181], [373.41006263411094, 697.3463009665362], [372.1515672976373, 697.5581975699461], [373.87144417686613, 697.165873759629]]]}, "properties": {"OBJECTID_12": 810, "SETTLEMENT": "35018", "SETTL_NAME": "O'Briensbridge-Montpelier", "EAST": 566229.564594, "NORTH": 666751.76505, "GUID": "77F1F073-892C-4951-8E06-32C18AB58082"}}, {"type": "Feature", "id": 811, "geometry": {"type": "Polygon", "coordinates": [[[231.43220408115306, 724.3690416267178], [232.16909367624427, 724.2502346773929], [232.38335527848108, 724.49351520899], [232.1027163580864, 724.5450678722199], [232.0706395421408, 724.8394325469728], [231.87862492479255, 724.8548600243865], [229.97431734717333, 724.6013060544007], [229.60930543301333, 724.4199574217151], [229.6047830711584, 724.3591145195194], [230.741650672432, 724.358313787749], [230.63741812909973, 724.1085110025278], [230.9117717039584, 724.3487006495155], [231.43220408115306, 724.3690416267178]]]}, "properties": {"OBJECTID_12": 811, "SETTLEMENT": "19028", "SETTL_NAME": "Ballyheigue", "EAST": 475181.800748, "NORTH": 628070.020168, "GUID": "11AFE7D9-CB72-4A7F-8AC5-B1A07194F805"}}, {"type": "Feature", "id": 812, "geometry": {"type": "Polygon", "coordinates": [[[365.0506387768544, 737.072113950098], [364.38602159317014, 737.8534882955558], [364.2927705334005, 737.9998053886819], [363.8587344033525, 737.9199314884108], [363.0454084734112, 737.6638512749456], [363.1549361746069, 737.6627812730234], [363.1804394447691, 737.5244754833052], [364.1869175683797, 737.1118373015282], [364.40891296325015, 736.8988487001686], [364.3455053566507, 736.8556000652719], [365.04462462918616, 736.9300409259912], [365.00153454123625, 737.0697176901255], [365.0506387768544, 737.072113950098]]]}, "properties": {"OBJECTID_12": 812, "SETTLEMENT": "18054", "SETTL_NAME": "Doneraile", "EAST": 559923.621324, "NORTH": 607603.639362, "GUID": "F43B4CAE-CB8B-4074-8E12-14A1BEE08EB5"}}, {"type": "Feature", "id": 813, "geometry": {"type": "Polygon", "coordinates": [[[272.8521417493792, 760.698467924747], [273.66539934855575, 761.0413538680297], [273.5908690138389, 761.0686527607712], [273.5083899464373, 761.1245932611162], [273.5124666199125, 761.1561498678365], [272.76032733174293, 761.2244812848655], [272.4769823353803, 761.2300143058975], [272.2359695829248, 761.0428580129064], [272.60855901589656, 760.8770781734402], [272.616407661488, 760.8398017377579], [272.76828657682665, 760.8501864252307], [272.76083990186345, 760.6905775245414], [272.8521417493792, 760.698467924747]]]}, "properties": {"OBJECTID_12": 813, "SETTLEMENT": "19009", "SETTL_NAME": "Kilgarvan", "EAST": 500689.627887, "NORTH": 573426.110738, "GUID": "84069E4E-B2A1-431C-AF36-7BAE39A41808"}}, {"type": "Feature", "id": 814, "geometry": {"type": "Polygon", "coordinates": [[[490.47881375328535, 517.109908864543], [490.496538081392, 517.2247015535812], [491.08257402102504, 517.3103040776193], [491.07646454438185, 517.4550066121234], [490.902238912976, 517.503046951865], [490.9949300656448, 517.535424632113], [490.60756495669654, 517.6101109612817], [490.6434864913845, 517.6315608238091], [489.90304991645974, 517.6982260666827], [489.8192164644917, 517.6624281334388], [490.14057588309976, 517.590927568491], [490.16094414821225, 516.9048101806372], [490.47881375328535, 517.109908864543]]]}, "properties": {"OBJECTID_12": 814, "SETTLEMENT": "33027", "SETTL_NAME": "Burnfoot", "EAST": 638141.128449, "NORTH": 923532.9996559999, "GUID": "770CE271-58AB-47FF-9847-75D66533AFDD"}}, {"type": "Feature", "id": 815, "geometry": {"type": "Polygon", "coordinates": [[[384.14296681046505, 673.8808192290043], [384.01580953381864, 673.9106746183312], [384.0489129538336, 673.9039135899029], [384.19601187347735, 674.4875207575614], [384.44260290056855, 674.6975909580351], [383.77386115875413, 674.414189456861], [383.39204168606824, 674.2506142367181], [383.8664292410325, 674.2514073797481], [383.8024982071808, 673.8325941179684], [383.9002058862624, 673.8147178912403], [383.8825924053419, 673.7719048563483], [383.9769568173312, 673.8082710721616], [384.14296681046505, 673.8808192290043]]]}, "properties": {"OBJECTID_12": 815, "SETTLEMENT": "27015", "SETTL_NAME": "Woodford", "EAST": 573159.694131, "NORTH": 700278.935086, "GUID": "BB2CB22B-4A9C-4165-9F9B-3BD83C6EA9EB"}}, {"type": "Feature", "id": 816, "geometry": {"type": "Polygon", "coordinates": [[[357.81919575914134, 700.8068761411051], [357.53471378598505, 701.11207613956], [357.12031836384745, 701.2278206831984], [357.21941612959256, 701.29106720536], [356.76308468972695, 701.4233121400028], [356.7371741944427, 701.1825930238589], [356.5587398348384, 701.0411989694306], [356.60186303018986, 701.0296962953212], [356.7080499526144, 701.087231420183], [357.2556262274347, 700.8624046000913], [357.2355912268469, 700.8401055216335], [357.5968334675637, 700.7743913400423], [357.81919575914134, 700.8068761411051]]]}, "properties": {"OBJECTID_12": 816, "SETTLEMENT": "16018", "SETTL_NAME": "Ballycannan", "EAST": 556027.673429, "NORTH": 661405.829165, "GUID": "228F56CD-19B5-4789-A6F8-3FE3471B534F"}}, {"type": "Feature", "id": 817, "geometry": {"type": "Polygon", "coordinates": [[[396.09304792041706, 521.5949540239735], [396.7396460326016, 521.8811682213715], [396.79477449939094, 521.8593187424422], [396.9198562101269, 522.0037519039665], [396.6072057851883, 522.0498279579517], [396.6431595642539, 521.9312106700712], [396.0951798169312, 522.220995075465], [396.0748523388427, 522.3038148948256], [395.7973506047765, 522.6341816189504], [395.743253010864, 522.8634021649951], [395.23029194772585, 522.8364561891859], [395.47274646193495, 521.8867994669123], [396.09304792041706, 521.5949540239735]]]}, "properties": {"OBJECTID_12": 817, "SETTLEMENT": "33023", "SETTL_NAME": "Loch An Iúir", "EAST": 581467.251363, "NORTH": 916847.014714, "GUID": "71046AFB-2745-4C59-AFA3-3A251A6EDD04"}}, {"type": "Feature", "id": 818, "geometry": {"type": "Polygon", "coordinates": [[[480.0986166793195, 534.5290661889402], [482.66825147013867, 534.8046074105857], [482.37985022515414, 534.9993616758494], [482.4930551370176, 535.1164088695958], [481.3158975601568, 535.8942385762626], [479.93925089624, 536.1806159383401], [481.26390454712, 535.6396037915325], [480.8203619166421, 535.2427104236176], [480.56135183683625, 535.2378593969763], [480.6132095049963, 535.1804634438683], [480.4915185538464, 535.1745122678701], [480.2605095078219, 534.6721034475836], [480.0986166793195, 534.5290661889402]]]}, "properties": {"OBJECTID_12": 818, "SETTLEMENT": "33048", "SETTL_NAME": "Lifford", "EAST": 632876.85589, "NORTH": 898453.351203, "GUID": "DD76B555-DBAE-400C-AA6D-A9826998CA55"}}, {"type": "Feature", "id": 819, "geometry": {"type": "Polygon", "coordinates": [[[338.7800516778176, 741.3895347222735], [338.9266803063755, 741.4027798930072], [338.9196417609536, 741.41846734842], [338.7313902083168, 741.5151262304103], [338.35373826886615, 741.5873149419236], [338.25117460293546, 741.5603530122972], [338.1414275048032, 741.5451582741761], [338.0746326946859, 741.4673667414428], [338.0941865407744, 741.3880709032888], [338.25212051760855, 741.3928093456051], [338.7296242732501, 741.32027347661], [338.7019513283691, 741.3822682063759], [338.7800516778176, 741.3895347222735]]]}, "properties": {"OBJECTID_12": 819, "SETTLEMENT": "18109", "SETTL_NAME": "Castlemagner", "EAST": 543419.326447, "NORTH": 601950.635409, "GUID": "BD714235-F62F-46C1-8F16-8C600052C9C3"}}, {"type": "Feature", "id": 820, "geometry": {"type": "Polygon", "coordinates": [[[413.3369104720992, 763.7467932471147], [414.12949772481386, 763.7729798460934], [414.77614309794984, 763.8421619210974], [413.0073036707595, 764.339680850099], [411.7543527302176, 764.5714073898453], [411.7065209684139, 764.4839093025594], [411.5464957825237, 764.5018352692517], [411.50203934063785, 764.3735388718081], [412.5387407345024, 764.2966484882068], [413.1206552657867, 763.7844437978221], [412.9483441456256, 763.7131988138015], [413.28246683904536, 763.6515943948827], [413.3369104720992, 763.7467932471147]]]}, "properties": {"OBJECTID_12": 820, "SETTLEMENT": "18064", "SETTL_NAME": "Cloyne", "EAST": 591273.304434, "NORTH": 567768.049322, "GUID": "E7153FA0-6BC4-4C01-AC2E-3653373726A3"}}, {"type": "Feature", "id": 821, "geometry": {"type": "Polygon", "coordinates": [[[343.30884800468056, 765.0813312723959], [343.49334963513706, 765.1680678354633], [343.2339573525536, 765.2404051301327], [342.8051786864992, 765.2512036591546], [342.9311100090752, 765.3977511154073], [342.54316945953707, 765.4109139545927], [342.3676035364405, 765.4242472503839], [342.0656744043136, 765.2750551882409], [342.1318770765952, 765.2631586363378], [342.1406889037408, 765.2297508797692], [342.0322850900117, 765.1023354498353], [343.08895345154986, 764.9521199739232], [343.30884800468056, 765.0813312723959]]]}, "properties": {"OBJECTID_12": 821, "SETTLEMENT": "18089", "SETTL_NAME": "Cloughduv", "EAST": 545765.469631, "NORTH": 566526.816277, "GUID": "DB0C28BB-AD46-4D2D-B533-9355E9BAE603"}}, {"type": "Feature", "id": 822, "geometry": {"type": "Polygon", "coordinates": [[[378.7527425588277, 692.8255483063658], [379.9686886421152, 693.6015495498594], [379.7024219972459, 693.5386965192297], [379.2020561415339, 693.6696712763481], [379.44394237941225, 693.4227419364914], [379.28930879108907, 693.3755170386802], [378.3248834321184, 693.4552073648147], [378.2952224039381, 693.3905924660619], [378.57434619245976, 693.3463427205949], [378.55074717552213, 693.3192823854563], [378.933115454512, 693.2489104478755], [377.94503482989336, 692.8815227069134], [378.7527425588277, 692.8255483063658]]]}, "properties": {"OBJECTID_12": 822, "SETTLEMENT": "16024", "SETTL_NAME": "Killaloe", "EAST": 569834.255935, "NORTH": 672955.422556, "GUID": "8010890E-F5D6-4005-AC55-D16F90448D0F"}}, {"type": "Feature", "id": 823, "geometry": {"type": "Polygon", "coordinates": [[[412.4522875312288, 662.8564555208521], [412.69493751753066, 662.8813416693071], [412.6842067567445, 662.8459796111111], [413.2944970958176, 662.9817398103778], [412.66362802723415, 663.2183092128562], [412.6849512864032, 663.2768603658495], [412.7485394010496, 663.3155180123], [412.5796291946101, 663.3567013707684], [412.4412658572256, 663.3217553437561], [411.44696423984533, 663.2925492669125], [412.2313781930208, 662.8561797140422], [412.2954451303307, 662.8601524303309], [412.4522875312288, 662.8564555208521]]]}, "properties": {"OBJECTID_12": 823, "SETTLEMENT": "27022", "SETTL_NAME": "Eyrecourt", "EAST": 591094.972791, "NORTH": 716583.99105, "GUID": "0AC4D267-9207-40FE-B92A-1A6BB3147CAF"}}, {"type": "Feature", "id": 824, "geometry": {"type": "Polygon", "coordinates": [[[460.2089300502251, 537.6066640469844], [460.8351790258432, 537.7979017881545], [460.9098798586539, 538.1435998220794], [460.72355033606294, 538.3004314745473], [461.1534923611136, 538.3266920712159], [460.618688715936, 538.5378201993839], [459.81825132244694, 538.8189745628273], [459.6876793842976, 538.539649998184], [460.23623017300906, 538.5670838289859], [460.07377389755413, 538.4861683459028], [460.23014740173227, 538.4814072650372], [459.9774737766336, 537.6768363756303], [460.2089300502251, 537.6066640469844]]]}, "properties": {"OBJECTID_12": 824, "SETTLEMENT": "33052", "SETTL_NAME": "Killygordan", "EAST": 620303.03664, "NORTH": 894263.038608, "GUID": "08FFF515-C661-4386-B4B3-F1613309D0DC"}}, {"type": "Feature", "id": 825, "geometry": {"type": "Polygon", "coordinates": [[[515.671020273119, 498.7083024789743], [515.948437124032, 498.95998185366517], [516.1021802099989, 499.03384019880775], [516.5905287070069, 499.16098053735504], [516.5835120828822, 499.2171959420224], [516.611491415984, 499.24282889519986], [515.3880335999413, 498.96263831942383], [515.6459118155125, 498.94752853423336], [515.19849006272, 498.854349865003], [515.135176385296, 498.81710660733154], [515.2029619979136, 498.80087953210256], [515.2081677874005, 498.73863237708827], [515.671020273119, 498.7083024789743]]]}, "properties": {"OBJECTID_12": 825, "SETTLEMENT": "33056", "SETTL_NAME": "Culdaff", "EAST": 653039.938959, "NORTH": 949186.137661, "GUID": "86115B25-194C-4D29-8C7B-97C4DB09C2D7"}}, {"type": "Feature", "id": 826, "geometry": {"type": "Polygon", "coordinates": [[[371.5740372551627, 754.9830895498508], [372.1597530398901, 755.140452590932], [372.0358846762304, 755.1523321624552], [372.4881490393056, 755.4369158887084], [372.30623679145384, 755.4792862942156], [371.8939759768352, 755.6957592457323], [371.84960728416854, 755.7189149983178], [371.8846325707008, 755.6686836312829], [371.68614175834665, 755.5511282905474], [371.7647894284523, 755.5444245032809], [371.3511026645696, 755.1914546445546], [371.26519410745067, 755.078790580216], [371.5740372551627, 754.9830895498508]]]}, "properties": {"OBJECTID_12": 826, "SETTLEMENT": "18087", "SETTL_NAME": "Whitechurch", "EAST": 564738.666531, "NORTH": 581083.692954, "GUID": "B7AD4D5E-C740-41B4-ACB3-E047B168B9EB"}}, {"type": "Feature", "id": 827, "geometry": {"type": "Polygon", "coordinates": [[[629.1201092923712, 636.0422110000259], [629.2149395976768, 636.0766460880011], [630.816329156097, 636.2948119293175], [630.83422949456, 636.2322551479328], [631.5995962432021, 636.3776353332495], [630.0158755973206, 636.3707836983435], [629.8501578993963, 636.6440916943043], [629.6236461574442, 636.6260570184877], [629.3564570029995, 636.602332815648], [629.187771684128, 636.3907292727112], [629.0926342261088, 636.3875180416544], [629.1081947212928, 636.3229030832299], [629.1201092923712, 636.0422110000259]]]}, "properties": {"OBJECTID_12": 827, "SETTLEMENT": "04006", "SETTL_NAME": "Loughshinny", "EAST": 726333.11849, "NORTH": 756893.904158, "GUID": "7C082186-8B3A-4275-A5F9-81EAE0EE6693"}}, {"type": "Feature", "id": 828, "geometry": {"type": "Polygon", "coordinates": [[[322.5483634449707, 746.5270584634095], [322.6792629062091, 746.7150307013405], [322.74472962152214, 746.8790925869124], [322.45101888713174, 746.9111289666619], [322.6592759051243, 746.8899151404771], [322.5582683685696, 746.7440845991563], [322.508165625168, 746.7361669009304], [322.3481613644043, 746.7354622229855], [322.18327630208853, 746.7162209748807], [322.05348910312216, 746.6527417952589], [322.11158544021225, 746.6495802306697], [322.0755043694048, 746.6023356783452], [322.5483634449707, 746.5270584634095]]]}, "properties": {"OBJECTID_12": 828, "SETTLEMENT": "18108", "SETTL_NAME": "Rathcoole", "EAST": 533092.993251, "NORTH": 594229.875042, "GUID": "37DB8B84-28E0-40F5-903E-FC2C28FA3685"}}, {"type": "Feature", "id": 829, "geometry": {"type": "Polygon", "coordinates": [[[262.8356650194069, 788.4103988003694], [262.2738465364661, 790.000182371417], [261.93602067907307, 790.0588277527122], [261.08480988665065, 789.4141955516185], [261.4823592896576, 789.3493885155191], [261.29336611534507, 789.3722379038144], [261.4944816388384, 789.2805093665934], [261.107923119104, 789.1630947885762], [261.1772213756224, 788.9681348642725], [261.22314796729495, 788.8691476881065], [260.69665669632855, 788.7867779111712], [260.7962360744608, 788.7870408422646], [262.8356650194069, 788.4103988003694]]]}, "properties": {"OBJECTID_12": 829, "SETTLEMENT": "18079", "SETTL_NAME": "Schull", "EAST": 492779.779286, "NORTH": 531451.381115, "GUID": "E83E4902-B439-4918-BC1D-F0BE21B8B9C9"}}, {"type": "Feature", "id": 830, "geometry": {"type": "Polygon", "coordinates": [[[317.50063259516907, 784.8001709084663], [317.89426759861016, 785.0614716093708], [317.8228833936565, 785.0688510720879], [318.46512284800747, 785.5157133050732], [318.61351882548905, 785.6469326415049], [316.91305578959145, 785.142516426534], [316.5602033385333, 785.4857413401127], [315.5995778056864, 785.4699084001691], [315.6605582112288, 785.5172369871412], [315.5813429514368, 785.526560923249], [316.7230438244907, 784.9801280723634], [316.99133830349655, 784.8508434434142], [317.50063259516907, 784.8001709084663]]]}, "properties": {"OBJECTID_12": 830, "SETTLEMENT": "18011", "SETTL_NAME": "Rosscarbery", "EAST": 528890.283863, "NORTH": 536562.48201, "GUID": "999A4DA5-0DDB-40F7-8376-8194102E4D5A"}}, {"type": "Feature", "id": 831, "geometry": {"type": "Polygon", "coordinates": [[[392.81979861123415, 766.2613095791912], [393.0376276423925, 766.617707298618], [393.2670433089088, 766.8537532992349], [392.845464631328, 766.8860332324526], [392.8797041201824, 766.94757331169], [392.11818556569494, 766.9693999385324], [392.3909410830688, 766.7763591659137], [391.92621353040107, 766.7036725196275], [392.01084348172907, 766.6366906141463], [391.9614317310123, 766.5436616178686], [391.96631754384424, 766.5199912324057], [392.23405056472853, 766.4975596884719], [392.81979861123415, 766.2613095791912]]]}, "properties": {"OBJECTID_12": 831, "SETTLEMENT": "18020", "SETTL_NAME": "Ringaskiddy-Loughbeg", "EAST": 578016.592166, "NORTH": 564093.139124, "GUID": "90398600-4AD3-4207-8171-22368726BA7A"}}, {"type": "Feature", "id": 832, "geometry": {"type": "Polygon", "coordinates": [[[462.2471920544853, 532.6627723959621], [462.3535962214603, 532.646055327439], [463.73367431437333, 532.6851703633108], [463.85896690934504, 532.7998012635595], [463.60691954308265, 533.3680897107207], [463.7326764135083, 533.4448721003946], [463.16893058780056, 533.4517133893584], [462.1760941502464, 533.3680934662325], [461.1853366625749, 533.4230586838819], [460.46629145845225, 533.4382988618407], [461.36937239408104, 533.2207577284323], [461.44202192101335, 533.1211371647416], [462.2471920544853, 532.6627723959621]]]}, "properties": {"OBJECTID_12": 832, "SETTLEMENT": "33047", "SETTL_NAME": "Convoy", "EAST": 621473.911391, "NORTH": 901413.413915, "GUID": "452B39B8-D406-453A-9C4B-B9EC3053E989"}}, {"type": "Feature", "id": 833, "geometry": {"type": "Polygon", "coordinates": [[[401.3354301318261, 746.7798960887226], [401.6155015328608, 746.9429883165982], [401.4981068464224, 746.9781626449982], [401.68854486928853, 747.0003368971816], [401.8451911522496, 747.1083660550788], [402.0779140230464, 747.211723905758], [401.9927924068448, 747.3781615944035], [401.5328632043424, 747.3865899298092], [401.3268877433504, 747.2375275087278], [401.06155542937387, 747.0825498105481], [400.50916774632105, 747.0518528537768], [400.58387627334935, 746.9321926080501], [401.3354301318261, 746.7798960887226]]]}, "properties": {"OBJECTID_12": 833, "SETTLEMENT": "18029", "SETTL_NAME": "Castlelyons", "EAST": 583683.940742, "NORTH": 593227.870999, "GUID": "662383BA-682D-4AB3-A5CD-487808B8602A"}}, {"type": "Feature", "id": 834, "geometry": {"type": "Polygon", "coordinates": [[[504.96602396798613, 497.96397715727267], [505.1060018940821, 498.001467448795], [505.16700284864214, 497.9803778908151], [505.2809700306112, 498.0321009547547], [505.57903385190934, 497.9751874730482], [505.5886684463456, 497.9869088108481], [505.61468087845975, 498.2231606674316], [505.1786271816555, 498.23710192674616], [505.0133795225515, 498.20558043183763], [504.6808974948405, 497.99931971202165], [504.7014308719136, 498.00155525495063], [504.7428334427061, 497.97185433877695], [504.96602396798613, 497.96397715727267]]]}, "properties": {"OBJECTID_12": 834, "SETTLEMENT": "33057", "SETTL_NAME": "Malin", "EAST": 646773.831674, "NORTH": 950139.549251, "GUID": "A1FF15EE-EE98-4091-96A9-C6E14200581B"}}, {"type": "Feature", "id": 835, "geometry": {"type": "Polygon", "coordinates": [[[541.6286910340917, 708.3178311006715], [541.826205385888, 708.3535842350651], [541.9739600115424, 708.7984151220661], [541.9103363892192, 708.8200726453798], [542.526515487519, 709.0418014770693], [540.9035459601066, 708.8356608341347], [540.2675653897589, 708.2549193463534], [540.3903904245814, 708.379599144425], [540.7518613492769, 708.4557525039748], [540.6533090266678, 708.4377620618109], [541.250207096576, 708.4642830588538], [541.1513245724917, 708.4260814986823], [541.6286910340917, 708.3178311006715]]]}, "properties": {"OBJECTID_12": 835, "SETTLEMENT": "01004", "SETTL_NAME": "Borris", "EAST": 672735.461659, "NORTH": 650618.502482, "GUID": "C1DB04FB-BABA-49D7-94D4-7BD0C9B1323C"}}, {"type": "Feature", "id": 836, "geometry": {"type": "Polygon", "coordinates": [[[544.5124448890485, 675.5514755531799], [544.524644658881, 675.7458000507978], [544.3817546595669, 675.8317463573871], [544.1892590469377, 675.9344469201731], [544.1434164270592, 675.8713646664467], [543.9905573643872, 675.9413252780772], [543.7446925778133, 675.8366331020098], [543.7665888931051, 675.8277550941355], [543.6483320392832, 675.7857708513161], [543.5503100417621, 675.7424161653954], [544.1817318298432, 675.4805875964113], [544.2678200366742, 675.4694694355089], [544.5124448890485, 675.5514755531799]]]}, "properties": {"OBJECTID_12": 836, "SETTLEMENT": "06039", "SETTL_NAME": "Kilmead", "EAST": 673843.928478, "NORTH": 698798.259791, "GUID": "41E38168-F9C1-44BB-9F8F-6398634BD472"}}, {"type": "Feature", "id": 837, "geometry": {"type": "Polygon", "coordinates": [[[191.018078478912, 757.2895216392959], [190.126436449344, 757.8436173610736], [189.05806986727467, 758.1336192447086], [188.101048451264, 758.4497874588095], [187.975634531488, 758.5124887805232], [187.99227460712532, 758.193194054573], [187.96292580272, 758.1748950783557], [188.011360570624, 758.0567466380729], [188.18285451570134, 758.0171162301003], [188.23766487264, 758.0602686625743], [188.19772696304, 757.9334580631584], [190.402638637728, 757.3412823216956], [191.018078478912, 757.2895216392959]]]}, "properties": {"OBJECTID_12": 837, "SETTLEMENT": "19001", "SETTL_NAME": "Cahirciveen", "EAST": 447071.725098, "NORTH": 579487.811303, "GUID": "61A2E379-E9FA-4E55-86D1-30CCE8D86103"}}, {"type": "Feature", "id": 838, "geometry": {"type": "Polygon", "coordinates": [[[541.1692401968043, 615.6708929216355], [539.022095636111, 616.0208156308191], [538.5367295929814, 616.0085311447002], [538.5892970455893, 616.0281874162849], [537.2139419576278, 616.1590561203785], [537.8507349365045, 615.8301996821277], [538.334595965792, 615.8681037673042], [537.8591696211904, 615.5983780029791], [538.1328848914933, 615.7404777961365], [538.9647288396171, 615.526813683228], [539.4669866553098, 615.7922057752724], [540.0193136306592, 615.791208831458], [541.1692401968043, 615.6708929216355]]]}, "properties": {"OBJECTID_12": 838, "SETTLEMENT": "32003", "SETTL_NAME": "Mullagh", "EAST": 669530.998689, "NORTH": 785111.183262, "GUID": "700D0746-959D-4B66-A455-0138E0C400DB"}}, {"type": "Feature", "id": 839, "geometry": {"type": "Polygon", "coordinates": [[[500.1501751494336, 596.9053196667729], [498.89378108353816, 598.4322075001096], [498.7185059644491, 598.3272289629424], [498.3802569660203, 597.7654182244519], [498.97453674203626, 597.7157212261167], [498.8851470535488, 597.6160195781206], [498.5517713426613, 597.6676390322796], [498.9580275741504, 597.5155956248557], [498.91021599116374, 597.4658284037406], [499.2213510260203, 597.4065292248489], [499.1549655463189, 597.3337136360102], [499.347961655008, 597.2961171876836], [500.1501751494336, 596.9053196667729]]]}, "properties": {"OBJECTID_12": 839, "SETTLEMENT": "32012", "SETTL_NAME": "Ballyhaise", "EAST": 644628.4456, "NORTH": 810983.061843, "GUID": "2AAE34BA-1D60-4595-8A3A-265EC3BE6444"}}, {"type": "Feature", "id": 840, "geometry": {"type": "Polygon", "coordinates": [[[467.3254227294848, 525.0584934248828], [467.02083663828904, 525.3395270934899], [467.3269035969824, 525.6605300179176], [467.3244026624811, 525.7270401571186], [467.6897591960416, 525.8206757557542], [467.64683536496, 525.8498294792433], [466.784554170624, 526.0267758591349], [466.4062419981504, 526.2290187103163], [466.6793452708789, 525.6597533763146], [466.1756328917525, 525.6170139511653], [466.4263594225259, 525.5117134737169], [466.98613892901545, 525.2745659210723], [467.3254227294848, 525.0584934248828]]]}, "properties": {"OBJECTID_12": 840, "SETTLEMENT": "33038", "SETTL_NAME": "Manorcunningham", "EAST": 624190.185137, "NORTH": 911842.566261, "GUID": "CF035DA5-32AE-41DD-9377-929E7BEF0B2A"}}, {"type": "Feature", "id": 841, "geometry": {"type": "Polygon", "coordinates": [[[297.095413228752, 744.1037820192265], [297.19155557080427, 744.1664956608086], [297.614253697296, 744.4709851943859], [297.52926492629655, 744.4829722321136], [298.6013333161973, 744.5946418925389], [298.2703889616917, 744.74539941757], [298.3177158874752, 744.7726442751847], [298.0185939499936, 744.866192047552], [297.92413834651416, 744.877141857804], [297.93939118957974, 745.0423648709362], [297.5015199063477, 744.619963330544], [297.32404757596055, 744.5499540697648], [297.095413228752, 744.1037820192265]]]}, "properties": {"OBJECTID_12": 841, "SETTLEMENT": "18068", "SETTL_NAME": "Knocknagree", "EAST": 517226.425739, "NORTH": 597681.287835, "GUID": "EC6D98A2-6EE6-4274-B9B8-A4CD839B1E90"}}, {"type": "Feature", "id": 842, "geometry": {"type": "Polygon", "coordinates": [[[348.7330706120683, 764.657057376687], [349.01445493478934, 764.6216212785097], [349.5073295111552, 764.7176089882578], [350.05616631112, 764.7582735552421], [349.5925098882464, 764.8106689912482], [349.4719187440096, 764.9013384144853], [349.28539027838616, 764.9572405887795], [348.9625144753568, 765.1014698256532], [348.44299169130454, 765.0446342648889], [348.50255542674773, 764.9186255550384], [348.12351271930453, 764.9416533289027], [348.45309208060905, 764.6554815458524], [348.7330706120683, 764.657057376687]]]}, "properties": {"OBJECTID_12": 842, "SETTLEMENT": "18083", "SETTL_NAME": "Rathard-Aherla", "EAST": 549717.685287, "NORTH": 567033.359943, "GUID": "646BA598-1F03-441F-A2BA-898145A8A124"}}, {"type": "Feature", "id": 843, "geometry": {"type": "Polygon", "coordinates": [[[512.8647622707008, 511.55673620605484], [512.4767467833685, 511.94271184164927], [512.5719274294763, 511.9648581623278], [512.5355408853344, 511.9904367782165], [511.91203652231576, 512.0566259417719], [511.5336369101888, 512.0451315678218], [512.0123732991232, 511.9111225081617], [511.93966421638504, 511.79569567880446], [511.90017111513174, 511.7776681535344], [511.7243283068939, 511.72446243222817], [512.473909764353, 511.68612076318726], [512.7801522752096, 511.5335482235181], [512.8647622707008, 511.55673620605484]]]}, "properties": {"OBJECTID_12": 843, "SETTLEMENT": "33061", "SETTL_NAME": "Quigleys Point", "EAST": 651180.517472, "NORTH": 931136.789328, "GUID": "D17F9A43-80AC-40B0-9D3B-8E61024CDC74"}}, {"type": "Feature", "id": 844, "geometry": {"type": "Polygon", "coordinates": [[[414.4631089039627, 746.7261910018339], [414.8815674554144, 746.6464542081396], [415.05542961173654, 746.6809040146683], [416.785132899168, 746.9772860506656], [415.8463632428363, 746.9954770827891], [415.4488893441771, 747.1287222725695], [415.4041107702048, 747.046174787557], [415.0230797945461, 747.0855231806921], [415.1855693883093, 747.251907669054], [414.8241841102101, 747.1840384014056], [414.8600939107776, 746.9804933164221], [414.3828107070261, 746.6730581690249], [414.4631089039627, 746.7261910018339]]]}, "properties": {"OBJECTID_12": 844, "SETTLEMENT": "18031", "SETTL_NAME": "Conna", "EAST": 592725.255064, "NORTH": 593421.591244, "GUID": "B466B749-6E78-4CEB-8851-9FF4333F723C"}}, {"type": "Feature", "id": 845, "geometry": {"type": "Polygon", "coordinates": [[[345.7476308361472, 688.0699264843614], [345.78690839384853, 688.3577381140758], [346.55053532948267, 688.8477666877242], [346.3559567377504, 688.846074681339], [346.0447472164619, 688.6458454946335], [345.4161018392843, 688.7685003148417], [344.9308926976736, 688.522423376004], [345.2547318144448, 688.4177864608256], [345.2486447338656, 688.3064692399289], [345.06103896632106, 688.2470688443202], [345.4665820946048, 688.2330737927963], [345.5838758498144, 688.0580804696724], [345.7476308361472, 688.0699264843614]]]}, "properties": {"OBJECTID_12": 845, "SETTLEMENT": "16029", "SETTL_NAME": "Tulla", "EAST": 548877.313015, "NORTH": 679764.92854, "GUID": "8610482A-8FB4-424D-9760-ADFACD1ED814"}}, {"type": "Feature", "id": 846, "geometry": {"type": "Polygon", "coordinates": [[[243.67370702949228, 742.7949766126357], [244.13067989331626, 743.0993698385631], [244.34590291645654, 743.0464330103214], [244.39840288045335, 743.0760163529314], [244.2373164751008, 743.2109565553013], [244.1503333122304, 743.2504620923227], [244.2011223683104, 743.2673017424767], [243.5731987736128, 743.5435964580022], [242.65062379917654, 743.3750907794974], [242.6165062351712, 743.3449893905986], [243.24763577657174, 742.9757249485016], [243.28355037650667, 742.9532435142049], [243.67370702949228, 742.7949766126357]]]}, "properties": {"OBJECTID_12": 846, "SETTLEMENT": "19015", "SETTL_NAME": "Milltown", "EAST": 482477.097702, "NORTH": 600402.093673, "GUID": "AA783E4D-4F30-43EE-8602-DE1D3FCCD4E2"}}, {"type": "Feature", "id": 847, "geometry": {"type": "Polygon", "coordinates": [[[461.2663687287552, 710.922821257702], [461.3554962982795, 710.9171653881634], [462.2480925816992, 711.0800899893999], [461.8574457437525, 711.2218922168903], [461.7118163455392, 711.4270739804308], [461.96823889318296, 711.6234894500603], [461.96498988177706, 711.7054438711175], [462.0828818017536, 711.8730579988033], [461.9541450639787, 711.8614045592414], [460.3938912461877, 711.4489528378531], [461.11945013701654, 710.9510925790377], [461.18864873806507, 710.8234710969343], [461.2663687287552, 710.922821257702]]]}, "properties": {"OBJECTID_12": 847, "SETTLEMENT": "23006", "SETTL_NAME": "Killenaule", "EAST": 622185.168006, "NORTH": 646227.545478, "GUID": "2DFFDF6A-5D23-46E7-B753-89A94735F729"}}, {"type": "Feature", "id": 848, "geometry": {"type": "Polygon", "coordinates": [[[432.7792472900544, 599.529817941013], [432.80402221034774, 599.6164787498474], [432.7084733070432, 599.6337968836815], [432.8785587163104, 599.7000709839197], [432.7564316086592, 599.7305669656503], [432.9315003376256, 599.7955316478913], [432.87819196304747, 599.8837976112213], [432.72806681812375, 599.8335025857226], [432.5412419420779, 599.8000824608228], [432.28521973482344, 599.7847162715582], [432.41978658900905, 599.5772302096036], [432.4202686687509, 599.6029053206112], [432.7792472900544, 599.529817941013]]]}, "properties": {"OBJECTID_12": 848, "SETTLEMENT": "28015", "SETTL_NAME": "Keshcarrigan", "EAST": 603600.084692, "NORTH": 807607.77919, "GUID": "4B83D8B9-13E5-4372-A3E8-11561ACCFEBB"}}, {"type": "Feature", "id": 849, "geometry": {"type": "Polygon", "coordinates": [[[438.06081386739305, 711.1120307143232], [438.61270069465064, 711.1567410995265], [438.23870590982614, 711.3380695909198], [438.245031434432, 711.3690568062938], [437.7478058759733, 710.9955376000498], [437.93773932112214, 710.8689507917708], [438.04706925243624, 710.7538213088028], [437.9279143849536, 710.7317664216806], [438.26900475158504, 710.7480320746513], [438.2276561841888, 710.7928023326541], [438.11332540849816, 710.7828336830526], [438.0483181649163, 710.8466506467996], [438.06081386739305, 711.1120307143232]]]}, "properties": {"OBJECTID_12": 849, "SETTLEMENT": "23030", "SETTL_NAME": "Boherlahan", "EAST": 607299.317362, "NORTH": 646426.619642, "GUID": "04EF0DDA-1F17-40CF-BEC5-21FF4D2370C4"}}, {"type": "Feature", "id": 850, "geometry": {"type": "Polygon", "coordinates": [[[478.0170561887968, 627.7876925834778], [478.0022778124768, 627.8368218555061], [478.0251571671168, 627.8475904618897], [477.99315028933546, 627.8572610726108], [478.071699282928, 627.8810862356181], [477.94683702157545, 627.9317632257361], [478.0331065123424, 627.9718046137186], [477.8569710580384, 627.9278586482177], [477.58141985458775, 627.7766116426232], [477.6887721405237, 627.7372616314856], [477.65653054562455, 627.7094266594895], [477.8136970599093, 627.6356653492462], [478.0170561887968, 627.7876925834778]]]}, "properties": {"OBJECTID_12": 850, "SETTLEMENT": "13021", "SETTL_NAME": "Rathowen", "EAST": 631716.974818, "NORTH": 767547.79533, "GUID": "13A92318-FF43-4A2A-97AA-EEF750E05773"}}, {"type": "Feature", "id": 851, "geometry": {"type": "Polygon", "coordinates": [[[506.5444953387552, 591.3898525245573], [506.81047867777704, 591.4655766303845], [506.85503165958613, 591.4140741594775], [506.91112347331307, 591.4173634763416], [506.9043629521632, 591.4500201340675], [506.9759826036363, 591.5131163367543], [506.84783873982934, 591.7318358089485], [506.79899347605334, 591.7623173537318], [506.60254518040426, 591.78062087017], [506.56179090307944, 591.7206776833873], [506.3159254720139, 591.5841714930087], [506.3331396858848, 591.5427449953936], [506.5444953387552, 591.3898525245573]]]}, "properties": {"OBJECTID_12": 851, "SETTLEMENT": "34018", "SETTL_NAME": "Scotshouse", "EAST": 649045.086451, "NORTH": 819467.784538, "GUID": "4DDCDD2F-1DC0-407D-8FBC-31C24B70B6D1"}}, {"type": "Feature", "id": 852, "geometry": {"type": "Polygon", "coordinates": [[[555.7240414149717, 588.416915943703], [556.054314850273, 588.5424036376], [556.940814319553, 588.6241024102211], [556.7815823003658, 588.6513235493211], [555.9830800622453, 588.6922934155522], [555.8447493890869, 588.6111211504162], [555.4621873380746, 588.5532605271519], [555.5824492323766, 588.4989498723569], [555.5137719622752, 588.4629463593027], [555.5625708686975, 588.4377499734869], [555.3771766580213, 588.3225745096343], [555.7241218565397, 588.3856796648614], [555.7240414149717, 588.416915943703]]]}, "properties": {"OBJECTID_12": 852, "SETTLEMENT": "34019", "SETTL_NAME": "Annayalla", "EAST": 679209.495589, "NORTH": 824148.471895, "GUID": "3DBCF4DB-5185-4848-B87A-A315119F5FD8"}}, {"type": "Feature", "id": 853, "geometry": {"type": "Polygon", "coordinates": [[[578.5342271530762, 724.6787434394992], [578.9297865741877, 724.7393813296308], [578.8475966720416, 724.781466888017], [578.8284742146187, 724.8598272175053], [578.5245266113195, 724.788817502549], [578.6317826633461, 724.9628688270119], [578.3042742790112, 725.1207610576853], [577.800018134063, 725.0206268179212], [577.6898590191765, 725.024436682483], [578.208449928736, 724.7273294222102], [578.301293274064, 724.6801742022823], [578.5699381937728, 724.5649530699184], [578.5342271530762, 724.6787434394992]]]}, "properties": {"OBJECTID_12": 853, "SETTLEMENT": "14047", "SETTL_NAME": "Killurin", "EAST": 696758.44628, "NORTH": 627097.354949, "GUID": "BE2779A0-5EB6-4B35-B1A0-E5B14F56BE65"}}, {"type": "Feature", "id": 854, "geometry": {"type": "Polygon", "coordinates": [[[570.4858664044981, 736.6143411589543], [570.6668659494261, 736.7359588044899], [570.7387740486773, 736.7498836953423], [570.6484044367978, 736.7999162869457], [570.7949090992395, 736.8563930712886], [570.7872295022389, 736.8869767216535], [570.0383570472245, 736.9085460882962], [569.8939093820395, 736.7784773176157], [570.0664871048907, 736.7611123827083], [570.0778004616064, 736.7970688718498], [570.223848259248, 736.6381042945885], [570.3886548088875, 736.5818123475833], [570.4858664044981, 736.6143411589543]]]}, "properties": {"OBJECTID_12": 854, "SETTLEMENT": "14048", "SETTL_NAME": "Duncormick", "EAST": 692041.888418, "NORTH": 609390.352677, "GUID": "AFED1255-292B-4F0A-B48D-5DD4A389A1E5"}}, {"type": "Feature", "id": 855, "geometry": {"type": "Polygon", "coordinates": [[[581.4484945609504, 738.450649387531], [581.2023766390593, 738.7565871016168], [581.0970273758314, 738.7998782787645], [581.0430747408864, 738.7628486452429], [580.9927781751264, 738.8017798024148], [581.1584296321088, 738.8449903065812], [580.8437261236053, 738.9298300015824], [580.9422289023157, 738.9728664827646], [580.6787883580107, 738.9433810361234], [580.856126398767, 738.6880576484908], [581.2320221826049, 738.5859100346349], [581.1765464028, 738.5236118202065], [581.4484945609504, 738.450649387531]]]}, "properties": {"OBJECTID_12": 855, "SETTLEMENT": "14049", "SETTL_NAME": "Kilmore", "EAST": 699075.243061, "NORTH": 606727.417064, "GUID": "7598BAC0-46F3-47EB-9B5F-40137FC63BDC"}}, {"type": "Feature", "id": 856, "geometry": {"type": "Polygon", "coordinates": [[[586.9987451925323, 669.9845717370675], [587.0165418585451, 670.0305152243758], [587.1373702110069, 670.0254677459538], [587.2524090359883, 670.1431766956108], [587.1439786309227, 670.4042717890262], [586.7536757458987, 670.5767278088322], [586.7038635095157, 670.6424968925804], [586.7346174357472, 670.1096233018884], [586.5738367164512, 670.0049138637647], [586.7787219819861, 669.9970809240831], [586.8778087481653, 670.030154004252], [586.8424502009323, 669.9965330278495], [586.9987451925323, 669.9845717370675]]]}, "properties": {"OBJECTID_12": 856, "SETTLEMENT": "15033", "SETTL_NAME": "Ballyknockan", "EAST": 700568.916472, "NORTH": 707191.069878, "GUID": "E0E1BBBE-91C8-42B2-91FA-BF0ECC12F67B"}}, {"type": "Feature", "id": 857, "geometry": {"type": "Polygon", "coordinates": [[[566.8939727274709, 652.874155485765], [566.0439032932885, 652.9415127208557], [565.9181621964523, 652.9180902314355], [566.1415452360224, 652.7439458837838], [566.7074046820992, 652.7096801720165], [566.7081445454901, 652.7480502307719], [567.2105426147253, 652.703271416017], [567.4951614250133, 652.7051331806318], [567.6727504871093, 652.7550753801956], [566.8248892857952, 652.9175892905489], [567.0053139722816, 652.932435619985], [566.9932003300597, 652.8665965578357], [566.8939727274709, 652.874155485765]]]}, "properties": {"OBJECTID_12": 857, "SETTLEMENT": "06045", "SETTL_NAME": "Rathcoffey", "EAST": 687552.914804, "NORTH": 732262.332605, "GUID": "6A76B38E-38EE-4D78-BC8E-92EE761029FE"}}, {"type": "Feature", "id": 858, "geometry": {"type": "Polygon", "coordinates": [[[320.202842631184, 647.6499891780932], [320.54439281398294, 647.6840331430602], [320.5688237657536, 647.7314796125783], [320.75097097112746, 647.724593462881], [320.76844991639575, 647.7819289224342], [321.0963137215189, 647.8032079186806], [320.8972765121333, 647.9166910282901], [320.5416807383168, 647.8828898194499], [320.4821584579573, 647.9042034278187], [320.2023307452704, 647.8692909239156], [320.22959297478934, 647.7500386851558], [320.1916115149792, 647.73801811945], [320.202842631184, 647.6499891780932]]]}, "properties": {"OBJECTID_12": 858, "SETTLEMENT": "27042", "SETTL_NAME": "Corrandulla", "EAST": 533839.203755, "NORTH": 739184.430206, "GUID": "472657BF-9CCB-4FC0-A23B-48D88C02098D"}}, {"type": "Feature", "id": 859, "geometry": {"type": "Polygon", "coordinates": [[[329.15324979844695, 663.6487067751586], [330.3470314433899, 664.3716120382522], [330.3770013664661, 664.4418718030707], [330.1262689051168, 664.4797706110589], [330.1573951689867, 664.5234899458444], [329.6922505810592, 664.5951030471002], [329.487753140256, 664.4816269998303], [328.97912658085227, 664.3030041593387], [328.5072095557184, 663.8269546869979], [328.6424103551147, 663.8275224507737], [328.5876722450912, 663.773811639404], [329.13425630537387, 663.7462169372867], [329.15324979844695, 663.6487067751586]]]}, "properties": {"OBJECTID_12": 859, "SETTLEMENT": "27043", "SETTL_NAME": "Ballinderreen", "EAST": 539136.123967, "NORTH": 715400.051208, "GUID": "6ABB28A6-2D3B-46A8-B7B4-ECDBA353FF5F"}}, {"type": "Feature", "id": 860, "geometry": {"type": "Polygon", "coordinates": [[[334.2460854159307, 662.0615641084922], [334.60724052562455, 662.1142792767637], [334.63729538574506, 662.1674155834226], [334.4079928584832, 662.1429090910697], [334.1731243100608, 662.2714853676474], [334.2509483139733, 662.3304768025354], [334.3572689228576, 662.3443228310873], [334.39741837449066, 662.3877892330362], [334.74514455721174, 662.3141673267838], [334.8056517640192, 662.3765885935793], [334.2144116175392, 662.4988384178143], [333.84267704632106, 662.2014789659362], [334.2460854159307, 662.0615641084922]]]}, "properties": {"OBJECTID_12": 860, "SETTLEMENT": "27044", "SETTL_NAME": "Kilcolgan", "EAST": 542132.220295, "NORTH": 718066.232758, "GUID": "CD478B4A-3B1E-4250-93C6-B7B0A2AFB40F"}}, {"type": "Feature", "id": 861, "geometry": {"type": "Polygon", "coordinates": [[[334.1385711107573, 649.3847885410684], [334.22952532834455, 649.3620009160926], [334.1672012376587, 649.3070671336187], [334.8349040650091, 649.2513897362587], [334.7672075750741, 649.2079328886854], [335.6033621562827, 649.3393986382476], [335.4795299344491, 649.3715759610178], [335.6036967477845, 649.4471608352125], [333.40586356903896, 649.4651895287838], [333.58682004867944, 649.1237500072878], [333.6699906280853, 649.2112534153922], [333.5712420567328, 649.2316933534095], [334.1385711107573, 649.3847885410684]]]}, "properties": {"OBJECTID_12": 861, "SETTLEMENT": "27045", "SETTL_NAME": "Turloughmore", "EAST": 542321.852332, "NORTH": 736863.895257, "GUID": "7AE8F270-9B8F-4490-B731-27628C13A428"}}, {"type": "Feature", "id": 862, "geometry": {"type": "Polygon", "coordinates": [[[346.489068334128, 644.8145175948672], [346.7757619340704, 644.7017116867307], [347.0456005472245, 644.7902545340214], [347.06290366276266, 644.9738015753715], [347.0182269637632, 644.9658611288211], [346.51951942897705, 645.0128868885413], [346.56511875360536, 645.04099540002], [345.8779931586027, 645.3281638272844], [345.622100904896, 645.2112197658056], [346.3062101556736, 644.9574571015557], [346.23925007659625, 644.912071225909], [346.30711160401387, 644.8562477891992], [346.489068334128, 644.8145175948672]]]}, "properties": {"OBJECTID_12": 862, "SETTLEMENT": "27046", "SETTL_NAME": "Abbeyknockmoy", "EAST": 550013.480696, "NORTH": 743018.846766, "GUID": "6CBB7289-9EA7-4BFE-B87E-B97AF4D5784A"}}, {"type": "Feature", "id": 863, "geometry": {"type": "Polygon", "coordinates": [[[307.2550258344619, 691.4484282428787], [307.3146077343541, 691.441793384131], [307.22976303896, 691.2818478840272], [307.49820677597336, 691.2492719456776], [307.49467529957974, 691.2974616783497], [307.3527601500896, 691.3194888417116], [307.7571345994496, 691.5990710024025], [307.71749027679465, 691.7342038251367], [307.7465508129131, 691.726786659733], [307.7186141311648, 691.681127872245], [307.79515706002667, 691.6720387329283], [307.30358267725546, 691.519474315078], [307.2550258344619, 691.4484282428787]]]}, "properties": {"OBJECTID_12": 863, "SETTLEMENT": "16039", "SETTL_NAME": "Kilmaley", "EAST": 524732.337092, "NORTH": 675679.140947, "GUID": "EC7AD948-7102-4152-B9EE-CBAE4D8E1F0B"}}, {"type": "Feature", "id": 864, "geometry": {"type": "Polygon", "coordinates": [[[366.521849760864, 590.5161381192811], [366.62883654688534, 590.5476676611817], [366.69072222135145, 590.5220871265217], [367.06685919211947, 590.5395232683743], [366.73095067719254, 590.6862828220872], [366.6586477149504, 590.776282029844], [366.4559453626432, 590.7632627002487], [366.49157044226456, 590.7853610188117], [366.6112432916693, 590.8770895558813], [366.115567512448, 590.7571688201351], [366.2446765690837, 590.7864760780992], [366.3822981657344, 590.5184405573351], [366.521849760864, 590.5161381192811]]]}, "properties": {"OBJECTID_12": 864, "SETTLEMENT": "31022", "SETTL_NAME": "Ballinacarrow", "EAST": 563180.796056, "NORTH": 820546.596562, "GUID": "0CC044CA-3473-4F1A-9E97-36D13292816E"}}, {"type": "Feature", "id": 865, "geometry": {"type": "Polygon", "coordinates": [[[410.26617203521704, 602.1965270444798], [410.4519584063424, 602.387213130994], [409.879212732784, 602.4523775390633], [409.86246304954454, 602.5318800146038], [409.7797117043296, 602.545089310827], [409.6815636310944, 602.4773490784111], [409.47609810115625, 602.5062119889039], [409.363258459344, 602.3691841672305], [409.3093382469312, 602.2917306953694], [409.53977519960745, 602.2405839682888], [409.5961899316224, 602.2732039250916], [410.01725382250453, 602.2199839336376], [410.26617203521704, 602.1965270444798]]]}, "properties": {"OBJECTID_12": 865, "SETTLEMENT": "30027", "SETTL_NAME": "Cootehall", "EAST": 589660.922045, "NORTH": 803843.645088, "GUID": "C26B9758-A85C-401C-B42B-183C3D22FA64"}}, {"type": "Feature", "id": 866, "geometry": {"type": "Polygon", "coordinates": [[[332.1658846333408, 627.2584535469199], [332.13873945189016, 627.3034053473406], [332.3615450581408, 627.3728352300509], [331.2981290699829, 627.4384677415253], [331.06534535441494, 627.3232193014259], [331.20002979017386, 627.3287449544563], [331.2795158602517, 627.290316312386], [331.2427636875616, 627.3284443864042], [331.436713063264, 627.3361899290275], [331.8047702887264, 627.3099224910558], [331.79215448229974, 627.2742107399399], [332.2240994177856, 627.1969500829354], [332.1658846333408, 627.2584535469199]]]}, "properties": {"OBJECTID_12": 866, "SETTLEMENT": "29035", "SETTL_NAME": "Irishtown", "EAST": 541198.195444, "NORTH": 768509.814238, "GUID": "F017D545-DACE-4A6E-B369-96193469F382"}}, {"type": "Feature", "id": 867, "geometry": {"type": "Polygon", "coordinates": [[[220.02133353950506, 595.2282828991677], [220.36141224295892, 595.2076650702434], [220.537810386176, 595.2051084867935], [220.0685784682528, 595.3221154326353], [220.09651026368746, 595.3733204706274], [218.19227397256748, 595.6827688759003], [218.12977129927575, 595.6556655205062], [218.78926760593066, 595.534643126074], [218.7631467864352, 595.4862222342387], [219.00361433713707, 595.3679344590879], [219.54136123715094, 595.3326179512956], [219.71407614582188, 595.2224966562486], [220.02133353950506, 595.2282828991677]]]}, "properties": {"OBJECTID_12": 867, "SETTLEMENT": "29036", "SETTL_NAME": "Dumha Thuama", "EAST": 472784.058428, "NORTH": 815443.30056, "GUID": "7BCDE43A-AAF4-43B9-9056-22B7BD5F09C6"}}, {"type": "Feature", "id": 868, "geometry": {"type": "Polygon", "coordinates": [[[477.30787430736, 534.3861661185223], [478.46106527922666, 534.6433055509438], [478.13463928478825, 534.5802399344169], [478.0452557556011, 534.6331110676779], [478.1234436182741, 534.6525373884987], [477.6131008980896, 534.6805806438934], [477.2471789556896, 534.5789469450124], [477.0862680501312, 534.3307235912802], [477.0230521159904, 534.2178555885796], [477.441548033696, 534.1633718893524], [477.39821659632, 534.1928907233873], [477.5525370908928, 534.2433823403214], [477.30787430736, 534.3861661185223]]]}, "properties": {"OBJECTID_12": 868, "SETTLEMENT": "33062", "SETTL_NAME": "Ballindrait", "EAST": 630630.772246, "NORTH": 899612.774416, "GUID": "75EEEA53-5EC5-42B1-8F56-D0A92BB3DAB3"}}, {"type": "Feature", "id": 869, "geometry": {"type": "Polygon", "coordinates": [[[358.1367599212928, 756.4367417212007], [358.12875274301865, 756.45965538456], [357.72885078753706, 756.5123246574127], [357.70436245936, 756.5492025970038], [357.5877232088128, 756.5162871661079], [357.5152909409888, 756.4592124478821], [357.57516119842984, 756.4720105482356], [357.76757005116906, 756.3264094482495], [357.8018870029792, 756.2689043471174], [358.0655074833301, 756.2957835255366], [357.9982615761312, 756.3284130833546], [358.17043652904215, 756.3950490208895], [358.1367599212928, 756.4367417212007]]]}, "properties": {"OBJECTID_12": 869, "SETTLEMENT": "18115", "SETTL_NAME": "Courtbrack", "EAST": 555664.448941, "NORTH": 579582.419861, "GUID": "E4FF3B32-75EF-4F54-9664-3204F1CE51D2"}}, {"type": "Feature", "id": 870, "geometry": {"type": "Polygon", "coordinates": [[[260.8704295153685, 772.3958066747363], [260.99514593195414, 772.4875214983927], [261.18941294827096, 772.4702229602741], [261.1904510511371, 772.434545075127], [261.4620277297835, 772.4387723399391], [261.58646546641387, 772.4831564137173], [261.39400306599464, 772.5294008264444], [260.78909150050026, 772.7307155635671], [260.3544369394293, 772.7923416461946], [260.9375030858133, 772.5849457323435], [260.91883760989975, 772.5657441852277], [260.8409178185344, 772.4291395713021], [260.8704295153685, 772.3958066747363]]]}, "properties": {"OBJECTID_12": 870, "SETTLEMENT": "18116", "SETTL_NAME": "Glengarriff", "EAST": 492722.800491, "NORTH": 556340.376706, "GUID": "4E65E53B-93F5-4F3A-B49C-8A1A90CC9623"}}, {"type": "Feature", "id": 871, "geometry": {"type": "Polygon", "coordinates": [[[437.4481228818592, 672.0569142554054], [438.3946632570965, 672.539629444635], [438.44408178329707, 672.6292913946938], [438.2020859663851, 672.6634865109264], [437.9121881885504, 672.5948525440333], [437.3847318181035, 672.6401755436519], [437.44320667641387, 672.7751393491693], [436.4813408652064, 672.7922077472701], [436.0978872735936, 672.6891243880948], [436.60411820933973, 672.531834734767], [436.8358354756405, 672.5149725732854], [437.18732981331414, 671.9428674264697], [437.4481228818592, 672.0569142554054]]]}, "properties": {"OBJECTID_12": 871, "SETTLEMENT": "12028", "SETTL_NAME": "Crinkle", "EAST": 606754.615193, "NORTH": 702982.422103, "GUID": "1D6C9690-E9A8-4E43-9A35-FBE4E973740E"}}, {"type": "Feature", "id": 872, "geometry": {"type": "Polygon", "coordinates": [[[355.0454315608064, 739.857363304013], [355.05788886404906, 739.9237604719015], [355.8503137744864, 739.8732110658755], [355.7997627566912, 739.9551031705766], [355.7157481541216, 739.9555403463052], [355.6644313268576, 739.9307256515393], [355.5350655476619, 739.9425202649961], [355.486238038704, 739.9470585413187], [355.18558542106456, 739.9738538472226], [355.0999837208224, 740.0738164873902], [354.6611851827061, 739.991405649839], [354.696952518944, 739.8935474525842], [355.0454315608064, 739.857363304013]]]}, "properties": {"OBJECTID_12": 872, "SETTLEMENT": "18117", "SETTL_NAME": "New Twopothouse", "EAST": 554161.361995, "NORTH": 604023.358782, "GUID": "DD110B3D-611A-4591-8539-EEE8D6690595"}}, {"type": "Feature", "id": 873, "geometry": {"type": "Polygon", "coordinates": [[[611.596882654128, 600.811050860222], [611.8677600776971, 600.8562652511242], [611.8615257061311, 600.7362932125397], [613.5499874290763, 601.0877052437743], [613.5021726574635, 601.2705333937242], [613.6810699964939, 601.3024982234574], [613.620593531007, 601.4269069056413], [611.2336454665867, 601.1568074642565], [610.294307927775, 600.6031865708417], [610.3794811257013, 600.5356707782956], [610.2374090007168, 600.5017924855729], [611.1642162989727, 600.6351654495683], [611.596882654128, 600.811050860222]]]}, "properties": {"OBJECTID_12": 873, "SETTLEMENT": "10021", "SETTL_NAME": "Lordship", "EAST": 713757.77717, "NORTH": 807145.369202, "GUID": "6A7B9057-F82D-46E3-B65B-4B1A9B300C6B"}}]}