{
  "type": "FeatureCollection",
  "metadata": {
    "projection": "Web Mercator (EPSG:3857) translated to local origin",
    "origin_lon": -12,
    "origin_lat": 49,
    "origin_mercator_x": -1335833.8895192828,
    "origin_mercator_y": 6274861.394006577,
    "local_bbox": [
      0,
      0,
      1725452.1072957404,
      2350961.8061970146
    ],
    "units": "metres"
  },
  "bbox": [
    0,
    0,
    1725452.1072957404,
    2350961.8061970146
  ],
  "features": [
    {
      "type": "Feature",
      "geometry": {
        "type": "MultiPolygon",
        "coordinates": [
          [
            [
              [
                518423.60442132025,
                1096808.7108944878
              ],
              [
                512431.2487360034,
                1089400.466464121
              ],
              [
                510368.12732110545,
                1077046.6533217682
              ],
              [
                506778.0440207188,
                1074369.8420624835
              ],
              [
                506232.19668997684,
                1060768.3136827154
              ],
              [
                494272.6899444923,
                1038966.1997500714
              ],
              [
                473864.6495558964,
                1030928.6382240662
              ],
              [
                463336.8654168723,
                1034535.704033358
              ],
              [
                456354.81756476813,
                1025046.4822478313
              ],
              [
                462168.86636514566,
                1017505.9989314647
              ],
              [
                474067.80517756566,
                1012962.6296403129
              ],
              [
                478294.0439682397,
                1011349.5605278825
              ],
              [
                460900.96486092405,
                997506.1997609325
              ],
              [
                445367.2127956089,
                998173.5728514222
              ],
              [
                442111.81878005527,
                995056.8815383445
              ],
              [
                428684.95772890607,
                982215.1868124614
              ],
              [
                438254.8314157665,
                966768.4761554673
              ],
              [
                442111.81878005527,
                963346.6964212628
              ],
              [
                459571.0661926996,
                947876.1117849369
              ],
              [
                464385.23620232986,
                935232.5833764644
              ],
              [
                478387.137341446,
                933479.0673159985
              ],
              [
                489762.4239258381,
                924056.8351655882
              ],
              [
                494922.8591115136,
                920698.1927843932
              ],
              [
                516482.0250773742,
                918898.0479391767
              ],
              [
                526678.0156854758,
                924056.8351655882
              ],
              [
                532469.1842116805,
                935232.5833764644
              ],
              [
                539767.5992736346,
                939510.4292059625
              ],
              [
                534506.1412047864,
                952105.7600816069
              ],
              [
                535612.561097188,
                959508.8137521092
              ],
              [
                554589.1504988812,
                974510.7151587429
              ],
              [
                571711.3568911199,
                958073.9336196817
              ],
              [
                578977.3305591511,
                936212.8047914058
              ],
              [
                581482.7319920203,
                935232.5833764644
              ],
              [
                596237.3227624354,
                929462.426578966
              ],
              [
                595872.2732015585,
                924056.8351655882
              ],
              [
                594832.9257513896,
                908686.6576662445
              ],
              [
                601682.8496130608,
                903760.1646733526
              ],
              [
                603188.4861350205,
                892015.3087789109
              ],
              [
                591660.0890532008,
                879769.7512464421
              ],
              [
                566325.5956939926,
                871828.0630720137
              ],
              [
                557473.9818557701,
                854211.7959337486
              ],
              [
                518322.6404261559,
                857331.2166873403
              ],
              [
                508023.7795879282,
                855881.1418915428
              ],
              [
                502308.38623911026,
                867070.2220601989
              ],
              [
                494041.20440297097,
                869342.4371405998
              ],
              [
                493504.06904689793,
                877047.9300665008
              ],
              [
                486395.80426182575,
                883537.2331211707
              ],
              [
                467854.02456103405,
                861147.6456185393
              ],
              [
                454320.7793687044,
                861558.7149809059
              ],
              [
                457525.33544260904,
                851583.6784419799
              ],
              [
                442986.95662297064,
                829583.5422411785
              ],
              [
                441540.7609242364,
                820765.6810244471
              ],
              [
                447705.17123528745,
                808877.8424098054
              ],
              [
                454083.75189765973,
                777252.6170739466
              ],
              [
                440357.20386048,
                761858.8896256955
              ],
              [
                447289.044952443,
                747272.1430397639
              ],
              [
                436210.2670712981,
                739065.4985174043
              ],
              [
                406005.2079125921,
                703820.9657877712
              ],
              [
                391305.04536003503,
                704605.1465286957
              ],
              [
                379568.9974641865,
                715887.7633403363
              ],
              [
                366456.7591351437,
                713001.3790632077
              ],
              [
                357651.45086550724,
                704179.4666562704
              ],
              [
                348738.8938362112,
                704485.2530843131
              ],
              [
                344824.319786138,
                719258.7981102495
              ],
              [
                339545.93458683754,
                723903.4194005001
              ],
              [
                333103.7322751265,
                728649.2324539945
              ],
              [
                332048.42327977007,
                734639.827572884
              ],
              [
                335814.43256382155,
                744337.4234254472
              ],
              [
                328290.2759347535,
                754725.6504177228
              ],
              [
                257405.46419250104,
                754339.4846444027
              ],
              [
                252604.1609348962,
                767966.4772517076
              ],
              [
                240443.57233853778,
                768891.4662790839
              ],
              [
                233149.72805487574,
                779972.8041607477
              ],
              [
                214031.94190161792,
                786885.0542259887
              ],
              [
                210339.59639816917,
                807151.5996937389
              ],
              [
                230360.07152302773,
                824019.9185651252
              ],
              [
                237761.78661965975,
                846832.2433651825
              ],
              [
                253966.73020388116,
                855786.1585432831
              ],
              [
                257528.9386584966,
                863391.6888702866
              ],
              [
                247202.30561106512,
                873600.9534329809
              ],
              [
                226743.1574423751,
                873695.7117131259
              ],
              [
                205678.65109976497,
                891382.0148092182
              ],
              [
                207207.94167767582,
                896225.3368496709
              ],
              [
                216300.27634501713,
                897879.3726939233
              ],
              [
                230205.83603082714,
                889565.5658157887
              ],
              [
                234397.73598685232,
                893660.9146383973
              ],
              [
                234311.8453186613,
                905376.1609794963
              ],
              [
                228644.1212021911,
                914328.1473098733
              ],
              [
                227195.5495002449,
                924056.8351655882
              ],
              [
                225029.49262199947,
                928838.1936329454
              ],
              [
                214271.06407152792,
                925957.0622181287
              ],
              [
                219122.29545658664,
                945653.2041556742
              ],
              [
                233989.78133387538,
                944787.2215999635
              ],
              [
                249184.6411356649,
                958143.0263811173
              ],
              [
                294369.25528790243,
                954871.1380259581
              ],
              [
                308860.10235476564,
                945980.9370414848
              ],
              [
                319235.5235067409,
                926104.1979709519
              ],
              [
                333809.1673391863,
                949378.2512426851
              ],
              [
                377278.2492865956,
                944320.3483375618
              ],
              [
                381279.5379917368,
                951061.7245634021
              ],
              [
                377605.7065893932,
                965990.013935444
              ],
              [
                412671.0700056212,
                990054.5190099617
              ],
              [
                420074.12438704504,
                1001177.1965238508
              ],
              [
                420511.8350738683,
                1013074.9152374696
              ],
              [
                380887.42399097397,
                1013657.8661569962
              ],
              [
                363822.45897145383,
                1029889.7477183044
              ],
              [
                398083.1968705844,
                1059379.2172978008
              ],
              [
                397956.77199280437,
                1086470.1202708017
              ],
              [
                415769.77682849916,
                1113667.8899728656
              ],
              [
                442111.81878005527,
                1124902.0069073997
              ],
              [
                445474.45086859004,
                1126337.2417876013
              ],
              [
                459046.6158039223,
                1123659.8332498614
              ],
              [
                481445.1679110738,
                1136624.1476754276
              ],
              [
                493365.12918669044,
                1116278.442505855
              ],
              [
                496461.8101061543,
                1099411.8095329702
              ],
              [
                500659.48442680924,
                1108111.2996065477
              ],
              [
                499342.89712065586,
                1133178.7710580518
              ],
              [
                518801.7001812416,
                1155652.6140104365
              ],
              [
                555865.5121730824,
                1134377.0058669234
              ],
              [
                528092.0389381739,
                1100025.7299251668
              ],
              [
                518423.60442132025,
                1096808.7108944878
              ]
            ]
          ],
          [
            [
              [
                276008.5130278305,
                714565.6359158466
              ],
              [
                271212.30007658596,
                716102.8609761633
              ],
              [
                270213.1671264176,
                720373.6241490953
              ],
              [
                264499.0167710313,
                721479.6783148069
              ],
              [
                267025.9574121756,
                727770.5222831396
              ],
              [
                272951.4333492983,
                724718.6600887366
              ],
              [
                279252.93060763064,
                718501.3472453514
              ],
              [
                276008.5130278305,
                714565.6359158466
              ]
            ]
          ],
          [
            [
              [
                390330.7191791618,
                1081129.6377673568
              ],
              [
                382035.5754454067,
                1082431.84413087
              ],
              [
                385380.62139210606,
                1091297.7166017713
              ],
              [
                390163.68272475526,
                1087451.5149636008
              ],
              [
                390330.7191791618,
                1081129.6377673568
              ]
            ]
          ],
          [
            [
              [
                261434.84025232005,
                726466.5602572635
              ],
              [
                252408.72253692942,
                731284.1936012786
              ],
              [
                255073.72149922908,
                735154.3072391748
              ],
              [
                261913.37869823189,
                732826.6797527336
              ],
              [
                261434.84025232005,
                726466.5602572635
              ]
            ]
          ],
          [
            [
              [
                224291.58933601854,
                854449.4419382038
              ],
              [
                220679.74997699144,
                857961.6873326721
              ],
              [
                225922.30009637098,
                864254.934361401
              ],
              [
                229364.94919148134,
                858258.4700423777
              ],
              [
                224291.58933601854,
                854449.4419382038
              ]
            ]
          ],
          [
            [
              [
                201853.156464695,
                819326.2409534594
              ],
              [
                197364.34171191812,
                820151.1812484358
              ],
              [
                198685.82384740398,
                828303.9456682457
              ],
              [
                204457.00451375893,
                826662.1026280848
              ],
              [
                201853.156464695,
                819326.2409534594
              ]
            ]
          ],
          [
            [
              [
                207437.85427479097,
                835195.5593941025
              ],
              [
                206593.93453591713,
                839185.7216461338
              ],
              [
                206839.43664848618,
                843820.6202058
              ],
              [
                212531.35516572278,
                842243.1132387891
              ],
              [
                213016.155110355,
                836744.0631944062
              ],
              [
                207437.85427479097,
                835195.5593941025
              ]
            ]
          ],
          [
            [
              [
                250032.84055235935,
                728887.7186030429
              ],
              [
                242532.3143795207,
                735685.2557327524
              ],
              [
                244122.235786014,
                737790.0428225808
              ],
              [
                251611.3359036788,
                736111.8198549831
              ],
              [
                250032.84055235935,
                728887.7186030429
              ]
            ]
          ]
        ]
      },
      "properties": {
        "name": "Connacht"
      }
    },
    {
      "type": "Feature",
      "geometry": {
        "type": "MultiPolygon",
        "coordinates": [
          [
            [
              [
                446709.100572992,
                697931.8529496854
              ],
              [
                440893.35403905634,
                695148.3291081134
              ],
              [
                441229.79115122,
                689906.4584448179
              ],
              [
                448827.4068443418,
                682216.4434008887
              ],
              [
                464973.395737558,
                702378.0434701759
              ],
              [
                471656.21791160805,
                702325.1087161181
              ],
              [
                480332.5713453989,
                694113.5102697099
              ],
              [
                475658.69038821175,
                683285.3409599056
              ],
              [
                481559.10029294726,
                667783.8552144496
              ],
              [
                492274.51243183936,
                674539.4148430564
              ],
              [
                511461.49956731114,
                671593.1809827378
              ],
              [
                533903.5844971655,
                687581.6196749005
              ],
              [
                546146.3406813537,
                675548.4796218053
              ],
              [
                549879.6723515216,
                671572.2869065413
              ],
              [
                560423.2433754515,
                673783.6493964018
              ],
              [
                563341.96795506,
                685980.6003160924
              ],
              [
                579415.7886450414,
                684079.8161418857
              ],
              [
                589239.4557427783,
                692411.2638222268
              ],
              [
                609923.5626799248,
                685283.6835740106
              ],
              [
                607484.2260252582,
                673629.6825114898
              ],
              [
                594139.7871495985,
                676213.5106906705
              ],
              [
                589638.458972863,
                669284.8477721047
              ],
              [
                606222.4868340831,
                650725.9351551775
              ],
              [
                613732.2997241247,
                652688.5593185257
              ],
              [
                628368.5827000831,
                670239.1596254595
              ],
              [
                640044.6936217379,
                668523.020437262
              ],
              [
                651829.4415684206,
                659764.099327446
              ],
              [
                643835.59227414,
                642538.2645332823
              ],
              [
                643117.5152121092,
                621926.4826829713
              ],
              [
                626499.1911516036,
                590619.3048979109
              ],
              [
                619557.1491867846,
                586105.6631961092
              ],
              [
                630567.83549576,
                568642.1159563838
              ],
              [
                626800.1971622775,
                559065.4010062069
              ],
              [
                605144.6681471303,
                557886.8499691663
              ],
              [
                579491.2563579871,
                567789.9359856481
              ],
              [
                570731.57705707,
                556327.4482564647
              ],
              [
                561436.5769077828,
                566741.8744462095
              ],
              [
                557900.012567663,
                554596.2822908135
              ],
              [
                549454.1164172539,
                550106.1862180186
              ],
              [
                516414.0440454545,
                550145.9932174189
              ],
              [
                490900.9377840358,
                542532.5781988492
              ],
              [
                488292.27939713176,
                539573.8273245348
              ],
              [
                491225.39636238816,
                530855.3013296006
              ],
              [
                488599.60880016035,
                523687.7271202998
              ],
              [
                475536.7924288465,
                516161.7043919042
              ],
              [
                462849.0768778678,
                516990.4070699122
              ],
              [
                442908.0859845056,
                497501.9834729824
              ],
              [
                416052.1850258042,
                490969.8521071514
              ],
              [
                399645.77520450973,
                473008.273841016
              ],
              [
                367677.1159735264,
                454436.3725368306
              ],
              [
                300837.38112603116,
                434818.0907995757
              ],
              [
                261380.74966646382,
                438989.1975976303
              ],
              [
                267434.700875069,
                466645.53140311316
              ],
              [
                226077.81208917033,
                459945.0242632916
              ],
              [
                223523.95350460266,
                467196.4304059651
              ],
              [
                228567.29116131575,
                485203.2407399379
              ],
              [
                207842.7926148523,
                487263.15170723945
              ],
              [
                185824.78774545412,
                500246.3924057046
              ],
              [
                189151.22274307767,
                512591.4651730219
              ],
              [
                217223.83148725703,
                532126.4248034023
              ],
              [
                220786.57182639395,
                540035.7429438382
              ],
              [
                183250.24778060312,
                548110.3919616193
              ],
              [
                179510.15434192377,
                553809.6042486122
              ],
              [
                181527.04432702367,
                560430.8192191375
              ],
              [
                201220.39744339488,
                572763.6927968748
              ],
              [
                232961.5946645299,
                573428.7311418084
              ],
              [
                245204.85579392267,
                609398.3225597907
              ],
              [
                267552.1826789123,
                626229.9378061658
              ],
              [
                293305.48489804356,
                629380.012359743
              ],
              [
                260620.0815446165,
                646100.9726811145
              ],
              [
                283666.1854749236,
                677670.7557996558
              ],
              [
                290902.04388110805,
                707545.253800543
              ],
              [
                299434.3948668885,
                722753.8463888625
              ],
              [
                332048.42327977007,
                734639.827572884
              ],
              [
                333103.7322751265,
                728649.2324539945
              ],
              [
                339545.93458683754,
                723903.4194005001
              ],
              [
                344824.319786138,
                719258.7981102495
              ],
              [
                348738.8938362112,
                704485.2530843131
              ],
              [
                357651.45086550724,
                704179.4666562704
              ],
              [
                366456.7591351437,
                713001.3790632077
              ],
              [
                379568.9974641865,
                715887.7633403363
              ],
              [
                391305.04536003503,
                704605.1465286957
              ],
              [
                406005.2079125921,
                703820.9657877712
              ],
              [
                436210.2670712981,
                739065.4985174043
              ],
              [
                453286.8844585159,
                726223.3123828927
              ],
              [
                445772.1167379444,
                705185.5846373839
              ],
              [
                446709.100572992,
                697931.8529496854
              ]
            ]
          ],
          [
            [
              [
                207015.58048439398,
                449212.35100482125
              ],
              [
                204623.86096455413,
                454045.4159715343
              ],
              [
                206521.15095853386,
                458932.8208759669
              ],
              [
                210193.95655176602,
                457694.3625439601
              ],
              [
                210624.64331268403,
                451117.4262664709
              ],
              [
                207015.58048439398,
                449212.35100482125
              ]
            ]
          ]
        ]
      },
      "properties": {
        "name": "Munster"
      }
    },
    {
      "type": "Feature",
      "geometry": {
        "type": "MultiPolygon",
        "coordinates": [
          [
            [
              [
                648979.1722417532,
                892015.3087789109
              ],
              [
                646490.4869889049,
                892015.3087789109
              ],
              [
                631590.349101217,
                896524.7965646666
              ],
              [
                629230.9408428118,
                892015.3087789109
              ],
              [
                628927.4451717254,
                876745.424463016
              ],
              [
                640287.1466934527,
                864863.3659135355
              ],
              [
                643994.4418479184,
                826170.0305465925
              ],
              [
                649612.2007675443,
                820765.6810244471
              ],
              [
                656071.0050454714,
                814982.7624710174
              ],
              [
                658415.0698045024,
                806258.8643102907
              ],
              [
                652636.0158445245,
                793348.5161170252
              ],
              [
                653048.943139158,
                781304.7821721286
              ],
              [
                644832.4706706547,
                771018.3949693013
              ],
              [
                656036.1142887961,
                759754.8870532652
              ],
              [
                656476.3067323443,
                747219.3894746387
              ],
              [
                662912.3282519712,
                729690.4535399377
              ],
              [
                663271.3720150074,
                708305.2515975814
              ],
              [
                666810.1306849279,
                699578.891346992
              ],
              [
                653372.00699561,
                672239.1256661052
              ],
              [
                651829.4415684206,
                659764.099327446
              ],
              [
                640044.6936217379,
                668523.020437262
              ],
              [
                628368.5827000831,
                670239.1596254595
              ],
              [
                613732.2997241247,
                652688.5593185257
              ],
              [
                606222.4868340831,
                650725.9351551775
              ],
              [
                589638.458972863,
                669284.8477721047
              ],
              [
                594139.7871495985,
                676213.5106906705
              ],
              [
                607484.2260252582,
                673629.6825114898
              ],
              [
                609923.5626799248,
                685283.6835740106
              ],
              [
                589239.4557427783,
                692411.2638222268
              ],
              [
                579415.7886450414,
                684079.8161418857
              ],
              [
                563341.96795506,
                685980.6003160924
              ],
              [
                560423.2433754515,
                673783.6493964018
              ],
              [
                549879.6723515216,
                671572.2869065413
              ],
              [
                546146.3406813537,
                675548.4796218053
              ],
              [
                533903.5844971655,
                687581.6196749005
              ],
              [
                511461.49956731114,
                671593.1809827378
              ],
              [
                492274.51243183936,
                674539.4148430564
              ],
              [
                481559.10029294726,
                667783.8552144496
              ],
              [
                475658.69038821175,
                683285.3409599056
              ],
              [
                480332.5713453989,
                694113.5102697099
              ],
              [
                471656.21791160805,
                702325.1087161181
              ],
              [
                464973.395737558,
                702378.0434701759
              ],
              [
                448827.4068443418,
                682216.4434008887
              ],
              [
                441229.79115122,
                689906.4584448179
              ],
              [
                440893.35403905634,
                695148.3291081134
              ],
              [
                446709.100572992,
                697931.8529496854
              ],
              [
                445772.1167379444,
                705185.5846373839
              ],
              [
                453286.8844585159,
                726223.3123828927
              ],
              [
                436210.2670712981,
                739065.4985174043
              ],
              [
                447289.044952443,
                747272.1430397639
              ],
              [
                440357.20386048,
                761858.8896256955
              ],
              [
                454083.75189765973,
                777252.6170739466
              ],
              [
                447705.17123528745,
                808877.8424098054
              ],
              [
                441540.7609242364,
                820765.6810244471
              ],
              [
                442986.95662297064,
                829583.5422411785
              ],
              [
                457525.33544260904,
                851583.6784419799
              ],
              [
                454320.7793687044,
                861558.7149809059
              ],
              [
                467854.02456103405,
                861147.6456185393
              ],
              [
                486395.80426182575,
                883537.2331211707
              ],
              [
                493504.06904689793,
                877047.9300665008
              ],
              [
                494041.20440297097,
                869342.4371405998
              ],
              [
                502308.38623911026,
                867070.2220601989
              ],
              [
                508023.7795879282,
                855881.1418915428
              ],
              [
                518322.6404261559,
                857331.2166873403
              ],
              [
                557473.9818557701,
                854211.7959337486
              ],
              [
                566325.5956939926,
                871828.0630720137
              ],
              [
                591660.0890532008,
                879769.7512464421
              ],
              [
                603188.4861350205,
                892015.3087789109
              ],
              [
                601682.8496130608,
                903760.1646733526
              ],
              [
                638081.5957749443,
                914700.1754744714
              ],
              [
                655093.8719436384,
                896680.207263968
              ],
              [
                648979.1722417532,
                892015.3087789109
              ]
            ]
          ],
          [
            [
              [
                659097.2639192315,
                773489.6549666738
              ],
              [
                655004.3194207972,
                779606.7000225661
              ],
              [
                660092.9216975358,
                782119.3971974719
              ],
              [
                664569.7120528754,
                778336.1321760006
              ],
              [
                659097.2639192315,
                773489.6549666738
              ]
            ]
          ]
        ]
      },
      "properties": {
        "name": "Leinster"
      }
    },
    {
      "type": "Feature",
      "geometry": {
        "type": "Polygon",
        "coordinates": [
          [
            [
              1173739.8298120413,
              1048798.3408347517
            ],
            [
              1185845.0689104286,
              1060014.4893245716
            ],
            [
              1197549.5341309055,
              1033351.1380696911
            ],
            [
              1198747.6101505626,
              1032410.0972745977
            ],
            [
              1198997.3815882406,
              1032218.8779564695
            ],
            [
              1200286.8804095108,
              1031231.6673662085
            ],
            [
              1200587.0534164307,
              1031141.9675116781
            ],
            [
              1201150.2743801067,
              1030726.6253243852
            ],
            [
              1202301.5446727104,
              1030121.8136645108
            ],
            [
              1202572.5042169832,
              1029896.6672392664
            ],
            [
              1202792.07801639,
              1029546.5030491911
            ],
            [
              1202941.9726050522,
              1029099.6182166142
            ],
            [
              1203008.7704221008,
              1028596.0269207144
            ],
            [
              1202986.4924976886,
              1028080.8132577008
            ],
            [
              1202858.8803975403,
              1027566.461186396
            ],
            [
              1202980.5492613928,
              1026795.5171049833
            ],
            [
              1202418.829997655,
              1026048.5427984139
            ],
            [
              1202420.986367512,
              1025063.0832492337
            ],
            [
              1204140.8167292029,
              1021232.1787876682
            ],
            [
              1206416.584197638,
              1018725.1763811884
            ],
            [
              1205956.8669833173,
              1018173.4787182324
            ],
            [
              1206156.9280344609,
              1016273.2863603625
            ],
            [
              1206129.5841826585,
              1015918.4697409263
            ],
            [
              1206167.1556239969,
              1015406.7563479962
            ],
            [
              1206204.3718448384,
              1015132.9157488383
            ],
            [
              1206216.7805171562,
              1014893.7267141351
            ],
            [
              1206304.4460633132,
              1014431.6567623084
            ],
            [
              1206487.6255136756,
              1013984.3700190317
            ],
            [
              1206779.716280289,
              1012386.7256844258
            ],
            [
              1206049.6653598668,
              1011607.8921781303
            ],
            [
              1205674.4682481638,
              1010452.0320628723
            ],
            [
              1202485.1523691558,
              1006958.3893390801
            ],
            [
              1201533.7615656091,
              1006396.109757605
            ],
            [
              1198997.3815882406,
              1007007.7516041873
            ],
            [
              1197316.0412763248,
              1008126.4068169734
            ],
            [
              1196250.3755608217,
              1008084.6222917726
            ],
            [
              1195731.5014992997,
              1007355.9691873668
            ],
            [
              1195320.149820737,
              1004390.4297750583
            ],
            [
              1195431.959117285,
              1004359.2158244876
            ],
            [
              1195543.6870392947,
              1004327.1464822311
            ],
            [
              1195906.676299037,
              1007239.7390756486
            ],
            [
              1196452.5618123654,
              1007904.4481867626
            ],
            [
              1197142.277339814,
              1007836.0258576265
            ],
            [
              1198566.9632186177,
              1006871.8399119629
            ],
            [
              1198997.3815882406,
              1006698.431393411
            ],
            [
              1200541.5067128176,
              1006076.3283681739
            ],
            [
              1201726.853682663,
              1005960.1887110109
            ],
            [
              1202601.936199789,
              1006249.4607189083
            ],
            [
              1206290.5679737153,
              1010161.3047727747
            ],
            [
              1207440.2613144093,
              1010099.2395128142
            ],
            [
              1207204.8704625173,
              1011016.1945768213
            ],
            [
              1207673.5704918304,
              1012875.1529013859
            ],
            [
              1207472.9961465136,
              1014825.5022531059
            ],
            [
              1209004.5343762669,
              1015448.0742269084
            ],
            [
              1209171.717772404,
              1017139.9071922041
            ],
            [
              1210201.1009036326,
              1016621.9156277785
            ],
            [
              1211822.493554689,
              1015148.2271082932
            ],
            [
              1215103.3933146065,
              1013685.9025525991
            ],
            [
              1216378.001484186,
              1013868.556298309
            ],
            [
              1217889.7201691638,
              1013237.0731219156
            ],
            [
              1218758.5687948011,
              1012815.3757218458
            ],
            [
              1219955.8655780246,
              1011352.443640125
            ],
            [
              1220480.6256576243,
              1010927.1960635753
            ],
            [
              1221089.836487805,
              1010452.0320628723
            ],
            [
              1221715.7154079755,
              1009963.8675485468
            ],
            [
              1222698.8891506619,
              1009430.8927488839
            ],
            [
              1224254.8016734794,
              1008535.1886813948
            ],
            [
              1226256.7157361654,
              1007713.6483251033
            ],
            [
              1228079.6837173938,
              1007049.7161425082
            ],
            [
              1228944.4691816184,
              1006890.6574206706
            ],
            [
              1230156.794096107,
              1007213.8689015023
            ],
            [
              1230807.7348185163,
              1007613.9396373816
            ],
            [
              1231087.8703171052,
              1007670.4218594069
            ],
            [
              1231387.7093655493,
              1007606.6392438738
            ],
            [
              1233289.318778415,
              1006884.7849884275
            ],
            [
              1235853.1794192304,
              1004375.3468510676
            ],
            [
              1238606.7560795974,
              1003961.0463736979
            ],
            [
              1240876.9896335101,
              1004320.2288068188
            ],
            [
              1243319.9078814748,
              1003262.7920160536
            ],
            [
              1244088.9050389428,
              1002487.7229530979
            ],
            [
              1245770.8875530057,
              1001862.0341644483
            ],
            [
              1247727.305673758,
              1002183.830108936
            ],
            [
              1247790.5806741982,
              1001974.3980778679
            ],
            [
              1232932.522889864,
              989111.4515532581
            ],
            [
              1198377.5841631657,
              992551.2953807488
            ],
            [
              1187917.015066643,
              985595.8027862515
            ],
            [
              1176115.1331578915,
              988170.3467207523
            ],
            [
              1164906.9601723205,
              986368.7381616291
            ],
            [
              1146939.7417743546,
              997479.19556389
            ],
            [
              1131980.76463398,
              989267.7360825175
            ],
            [
              1120505.67934685,
              982974.5239352714
            ],
            [
              1094252.059802669,
              982565.2738643363
            ],
            [
              1092151.2804511853,
              996921.3490252048
            ],
            [
              1078512.8984525905,
              1012962.6296403129
            ],
            [
              1079660.1189421145,
              1020097.7063487591
            ],
            [
              1074652.129342556,
              1029797.7958331546
            ],
            [
              1078458.4400671301,
              1046562.8238682756
            ],
            [
              1089053.3605457805,
              1046960.4120723158
            ],
            [
              1111770.4904452274,
              1059958.8408431653
            ],
            [
              1123982.0098236948,
              1057618.268931428
            ],
            [
              1133126.5514397805,
              1068729.8036538204
            ],
            [
              1149581.3311383068,
              1067157.7809456028
            ],
            [
              1162248.7877664678,
              1064156.853960638
            ],
            [
              1173739.8298120413,
              1048798.3408347517
            ]
          ]
        ]
      },
      "properties": {
        "name": "Durham"
      }
    },
    {
      "type": "Feature",
      "geometry": {
        "type": "Polygon",
        "coordinates": [
          [
            [
              1185845.0689104286,
              1060014.4893245716
            ],
            [
              1173739.8298120413,
              1048798.3408347517
            ],
            [
              1162248.7877664678,
              1064156.853960638
            ],
            [
              1149581.3311383068,
              1067157.7809456028
            ],
            [
              1133126.5514397805,
              1068729.8036538204
            ],
            [
              1123982.0098236948,
              1057618.268931428
            ],
            [
              1111770.4904452274,
              1059958.8408431653
            ],
            [
              1089053.3605457805,
              1046960.4120723158
            ],
            [
              1078458.4400671301,
              1046562.8238682756
            ],
            [
              1067255.3265524153,
              1057414.1569289984
            ],
            [
              1051798.07546756,
              1051846.5208284203
            ],
            [
              1047121.5262934938,
              1063408.1853931649
            ],
            [
              1049929.187305816,
              1072817.7899258863
            ],
            [
              1046862.6293292386,
              1080182.607767527
            ],
            [
              1058033.381711387,
              1100076.8608291093
            ],
            [
              1040803.8418453604,
              1114069.0942343874
            ],
            [
              1036412.1778385844,
              1123784.9863142706
            ],
            [
              1038336.8533178589,
              1127092.3201512396
            ],
            [
              1050299.1042001164,
              1147679.7241729107
            ],
            [
              1060199.929619909,
              1155516.6712487834
            ],
            [
              1072825.2977957546,
              1157247.966215008
            ],
            [
              1076986.3918638197,
              1166146.2828022456
            ],
            [
              1090891.486456799,
              1174859.1994155468
            ],
            [
              1078992.3477145745,
              1211463.7509488529
            ],
            [
              1109373.4211332933,
              1246054.0292443633
            ],
            [
              1129998.5640286002,
              1216095.7877163608
            ],
            [
              1131980.76463398,
              1214322.3673362322
            ],
            [
              1153545.7028493907,
              1195055.0605876194
            ],
            [
              1166369.510596683,
              1127092.3201512396
            ],
            [
              1173118.9690631905,
              1101455.8042036742
            ],
            [
              1184005.0690471076,
              1076179.4013701174
            ],
            [
              1185845.0689104286,
              1060014.4893245716
            ]
          ]
        ]
      },
      "properties": {
        "name": "Northumberland"
      }
    },
    {
      "type": "Feature",
      "geometry": {
        "type": "Polygon",
        "coordinates": [
          [
            [
              1049929.187305816,
              1072817.7899258863
            ],
            [
              1047121.5262934938,
              1063408.1853931649
            ],
            [
              1051798.07546756,
              1051846.5208284203
            ],
            [
              1067255.3265524153,
              1057414.1569289984
            ],
            [
              1078458.4400671301,
              1046562.8238682756
            ],
            [
              1074652.129342556,
              1029797.7958331546
            ],
            [
              1079660.1189421145,
              1020097.7063487591
            ],
            [
              1078512.8984525905,
              1012962.6296403129
            ],
            [
              1092151.2804511853,
              996921.3490252048
            ],
            [
              1094252.059802669,
              982565.2738643363
            ],
            [
              1080317.6349728922,
              975582.4701458504
            ],
            [
              1075821.4349511424,
              961635.5926254364
            ],
            [
              1076332.9914259347,
              943044.7108881306
            ],
            [
              1061895.8252892054,
              938358.894995491
            ],
            [
              1054996.0889610227,
              935232.5833764644
            ],
            [
              1036284.4121175434,
              926760.4617831707
            ],
            [
              1025712.7807895705,
              931914.506697909
            ],
            [
              1016405.9502727081,
              928838.3672823003
            ],
            [
              1003484.9228726538,
              924506.087252277
            ],
            [
              997784.8682364717,
              936666.3062543366
            ],
            [
              991116.1505758675,
              924056.8351655882
            ],
            [
              985281.9112028352,
              913041.7762574134
            ],
            [
              982979.4877257323,
              913828.7743143151
            ],
            [
              972399.214777005,
              917446.2601003209
            ],
            [
              974756.0935226176,
              924056.8351655882
            ],
            [
              978736.0999448658,
              935232.5833764644
            ],
            [
              978898.4742276829,
              940234.704667177
            ],
            [
              976296.2019060021,
              944706.7660140749
            ],
            [
              969825.2292945397,
              934027.3857914591
            ],
            [
              958715.5696055351,
              943951.4754755711
            ],
            [
              953432.4192641105,
              962480.7300134385
            ],
            [
              933108.620679419,
              992797.7626924664
            ],
            [
              936911.7946433885,
              1012962.6296403129
            ],
            [
              938553.5090014415,
              1019598.8527772389
            ],
            [
              951966.6521517482,
              1039696.4320738306
            ],
            [
              958538.693287379,
              1061964.7996320138
            ],
            [
              967942.8472067665,
              1065771.0599274067
            ],
            [
              973122.1165370904,
              1076499.934526165
            ],
            [
              982979.4877257323,
              1074286.1976250885
            ],
            [
              988611.6998114436,
              1073021.615694928
            ],
            [
              989570.784684244,
              1080182.607767527
            ],
            [
              995481.5685636543,
              1084462.119760421
            ],
            [
              999220.7380505549,
              1096007.9773830855
            ],
            [
              1017626.234530784,
              1108076.2998517444
            ],
            [
              1036412.1778385844,
              1123784.9863142706
            ],
            [
              1040803.8418453604,
              1114069.0942343874
            ],
            [
              1058033.381711387,
              1100076.8608291093
            ],
            [
              1046862.6293292386,
              1080182.607767527
            ],
            [
              1049929.187305816,
              1072817.7899258863
            ]
          ]
        ]
      },
      "properties": {
        "name": "Cumbria"
      }
    },
    {
      "type": "Feature",
      "properties": {
        "name": "Cheshire"
      },
      "geometry": {
        "type": "Polygon",
        "coordinates": [
          [
            [
              1114600.20518451,
              747746.3813102478
            ],
            [
              1109435.3491679009,
              745409.230497431
            ],
            [
              1098117.7106063294,
              740290.2783719692
            ],
            [
              1085834.412976799,
              725627.9429568183
            ],
            [
              1073290.8126404793,
              719326.6886442434
            ],
            [
              1070808.0080623624,
              707845.8465218646
            ],
            [
              1053295.462324685,
              700045.9488568027
            ],
            [
              1035352.0266680208,
              707296.8857011488
            ],
            [
              1032285.2860161546,
              705047.243352103
            ],
            [
              1019314.5562445696,
              709799.2891099174
            ],
            [
              1012446.5827066945,
              727523.4714797456
            ],
            [
              1006124.657319925,
              734069.9704139223
            ],
            [
              1008886.8452108183,
              740906.0163709456
            ],
            [
              1007140.9930276007,
              746741.751412644
            ],
            [
              992503.0952511041,
              755653.4932557428
            ],
            [
              989551.6815917019,
              763136.5339680389
            ],
            [
              982979.4877257323,
              775675.3420365462
            ],
            [
              981101.1523240877,
              779262.5746225445
            ],
            [
              982979.4877257323,
              780500.2200250803
            ],
            [
              995613.6790844251,
              788829.9718652954
            ],
            [
              1009828.4711799563,
              765364.253854447
            ],
            [
              1029436.8428857396,
              766571.1416636929
            ],
            [
              1021169.6452422247,
              769724.167557912
            ],
            [
              1007001.2317408696,
              776969.2043430861
            ],
            [
              1000902.2621509474,
              789646.1207642518
            ],
            [
              991393.3109497344,
              810251.2936291229
            ],
            [
              994353.5838594931,
              820765.6810244471
            ],
            [
              1006750.8768777351,
              838217.3631580696
            ],
            [
              1006756.3759492692,
              828775.86638455
            ],
            [
              999058.7001752437,
              820765.6810244471
            ],
            [
              998451.1712712524,
              808608.3565926654
            ],
            [
              1009031.2066641864,
              807860.8001889512
            ],
            [
              1014347.2076099773,
              801882.2794992039
            ],
            [
              1019782.527019897,
              799366.0734021934
            ],
            [
              1031876.0755680002,
              805025.6709349165
            ],
            [
              1037871.6575147997,
              819835.21510344
            ],
            [
              1056277.4749291164,
              824972.8182661589
            ],
            [
              1070993.2436950426,
              825699.6655135928
            ],
            [
              1071872.2223943463,
              832500.7581776213
            ],
            [
              1082990.3759831437,
              824328.9717851337
            ],
            [
              1085708.4040999545,
              830799.9893666971
            ],
            [
              1094437.7804543674,
              829333.1737786476
            ],
            [
              1096909.6456661155,
              835348.0660483651
            ],
            [
              1106976.6245541228,
              834051.6080746697
            ],
            [
              1109435.3491679009,
              829064.7994950237
            ],
            [
              1113530.6278134244,
              820765.6810244471
            ],
            [
              1123260.082331791,
              808357.623423283
            ],
            [
              1117274.7116105712,
              803008.1524436129
            ],
            [
              1109741.3877101166,
              776925.8539978955
            ],
            [
              1114600.20518451,
              747746.3813102478
            ]
          ]
        ]
      }
    },
    {
      "type": "Feature",
      "geometry": {
        "type": "Polygon",
        "coordinates": [
          [
            [
              1052527.1506726434,
              924056.8351655882
            ],
            [
              1052061.1549277166,
              920279.2414970817
            ],
            [
              1060928.5145739503,
              904060.2938169232
            ],
            [
              1070073.901884214,
              904036.3230699515
            ],
            [
              1076240.4405126097,
              893246.9507450946
            ],
            [
              1079136.4916496545,
              892015.3087789109
            ],
            [
              1083234.561408773,
              890272.7968328008
            ],
            [
              1092658.4099724717,
              886267.2074314645
            ],
            [
              1108059.6841627024,
              866964.330885441
            ],
            [
              1106381.0419012795,
              862348.1513466137
            ],
            [
              1100246.2020544887,
              857465.2325200839
            ],
            [
              1095345.964712637,
              844092.3213168522
            ],
            [
              1096909.6456661155,
              835348.0660483651
            ],
            [
              1094437.7804543674,
              829333.1737786476
            ],
            [
              1085708.4040999545,
              830799.9893666971
            ],
            [
              1082990.3759831437,
              824328.9717851337
            ],
            [
              1071872.2223943463,
              832500.7581776213
            ],
            [
              1070993.2436950426,
              825699.6655135928
            ],
            [
              1056277.4749291164,
              824972.8182661589
            ],
            [
              1037871.6575147997,
              819835.21510344
            ],
            [
              1031876.0755680002,
              805025.6709349165
            ],
            [
              1019782.527019897,
              799366.0734021934
            ],
            [
              1014347.2076099773,
              801882.2794992039
            ],
            [
              1009031.2066641864,
              807860.8001889512
            ],
            [
              998451.1712712524,
              808608.3565926654
            ],
            [
              999058.7001752437,
              820765.6810244471
            ],
            [
              1006756.3759492692,
              828775.86638455
            ],
            [
              1006750.8768777351,
              838217.3631580696
            ],
            [
              1011383.025938947,
              843695.3010546118
            ],
            [
              1020383.0617202795,
              842844.305199462
            ],
            [
              1017728.5571803388,
              845686.165084606
            ],
            [
              1000683.910416916,
              846030.234100611
            ],
            [
              995488.8509734236,
              853076.3086989624
            ],
            [
              996538.7050910955,
              871803.0933831893
            ],
            [
              1000467.9844458997,
              880446.7666363772
            ],
            [
              1014762.4620385694,
              892015.3087789109
            ],
            [
              1011528.541441478,
              901522.1284510745
            ],
            [
              1022031.3841146365,
              916111.1141418768
            ],
            [
              1018518.3160907542,
              924056.8351655882
            ],
            [
              1016405.9502727081,
              928838.3672823003
            ],
            [
              1025712.7807895705,
              931914.506697909
            ],
            [
              1036284.4121175434,
              926760.4617831707
            ],
            [
              1054996.0889610227,
              935232.5833764644
            ],
            [
              1061895.8252892054,
              938358.894995491
            ],
            [
              1059849.3656190843,
              935232.5833764644
            ],
            [
              1052527.1506726434,
              924056.8351655882
            ]
          ]
        ]
      },
      "properties": {
        "name": "Lancashire"
      }
    },
    {
      "type": "Feature",
      "geometry": {
        "type": "Polygon",
        "coordinates": [
          [
            [
              1302881.4144547991,
              921377.1883817175
            ],
            [
              1309395.4634790637,
              924056.8351655882
            ],
            [
              1313510.518700038,
              924056.8351655882
            ],
            [
              1321434.695128781,
              917205.3269651104
            ],
            [
              1314469.3128063206,
              902929.7974285008
            ],
            [
              1316336.6587478358,
              892015.3087789109
            ],
            [
              1318281.18360551,
              880665.7490899963
            ],
            [
              1344017.6653382685,
              830911.7278093072
            ],
            [
              1325898.1897067777,
              827958.5103411628
            ],
            [
              1307993.3301498482,
              844949.5273473971
            ],
            [
              1289175.8277664103,
              842372.1018709484
            ],
            [
              1275705.2103630116,
              840608.753406439
            ],
            [
              1266194.0781903332,
              844113.4188695494
            ],
            [
              1260110.3519122542,
              841485.6927977046
            ],
            [
              1258090.3051290335,
              835821.5389501983
            ],
            [
              1265852.9251392654,
              840383.242271902
            ],
            [
              1277600.8074101778,
              835458.3229256673
            ],
            [
              1302980.8629464086,
              840502.6209788993
            ],
            [
              1337768.3996302884,
              805912.7626563506
            ],
            [
              1328975.7440452958,
              803301.0066690752
            ],
            [
              1322303.3616357336,
              790268.6200125981
            ],
            [
              1312771.6402553162,
              800170.4436209528
            ],
            [
              1313248.1758409452,
              813586.2305900827
            ],
            [
              1302739.744484072,
              820956.3755582785
            ],
            [
              1297924.7381311122,
              813180.8952360582
            ],
            [
              1287434.8788728055,
              811838.347200823
            ],
            [
              1289211.0429080871,
              805019.4482549727
            ],
            [
              1280920.9678847117,
              795983.4920579875
            ],
            [
              1268050.7204288484,
              793564.6415101411
            ],
            [
              1264696.691333202,
              803059.2723645726
            ],
            [
              1255818.1434102235,
              804325.0910107112
            ],
            [
              1247065.7794696444,
              792762.795538283
            ],
            [
              1237246.652982614,
              794297.8570032055
            ],
            [
              1231692.5021313413,
              801635.7879892103
            ],
            [
              1239512.418060847,
              826982.3231408093
            ],
            [
              1219104.2714734562,
              830428.1471901536
            ],
            [
              1214951.4511152315,
              835788.5266542016
            ],
            [
              1230578.0670129668,
              842092.9584883964
            ],
            [
              1231898.7252729007,
              872625.2367308363
            ],
            [
              1232838.6476085486,
              893694.828025219
            ],
            [
              1242116.9889073647,
              899110.4788354132
            ],
            [
              1258327.0794595624,
              897924.6551941661
            ],
            [
              1270619.2746333585,
              910984.3143791342
            ],
            [
              1283677.2490521022,
              915983.5552771129
            ],
            [
              1288481.205387131,
              924056.8351655882
            ],
            [
              1290425.938078299,
              927327.4084769068
            ],
            [
              1297270.9978348217,
              924056.8351655882
            ],
            [
              1302881.4144547991,
              921377.1883817175
            ]
          ]
        ]
      },
      "properties": {
        "name": "East Yorkshire"
      }
    },
    {
      "type": "Feature",
      "geometry": {
        "type": "Polygon",
        "coordinates": [
          [
            [
              1274767.5013928004,
              982443.6411855137
            ],
            [
              1292998.4284286818,
              946308.3578289477
            ],
            [
              1313510.518700038,
              924056.8351655882
            ],
            [
              1309395.4634790637,
              924056.8351655882
            ],
            [
              1302881.4144547991,
              921377.1883817175
            ],
            [
              1297270.9978348217,
              924056.8351655882
            ],
            [
              1290425.938078299,
              927327.4084769068
            ],
            [
              1288481.205387131,
              924056.8351655882
            ],
            [
              1283677.2490521022,
              915983.5552771129
            ],
            [
              1270619.2746333585,
              910984.3143791342
            ],
            [
              1258327.0794595624,
              897924.6551941661
            ],
            [
              1242116.9889073647,
              899110.4788354132
            ],
            [
              1232838.6476085486,
              893694.828025219
            ],
            [
              1231898.7252729007,
              872625.2367308363
            ],
            [
              1230578.0670129668,
              842092.9584883964
            ],
            [
              1214951.4511152315,
              835788.5266542016
            ],
            [
              1219104.2714734562,
              830428.1471901536
            ],
            [
              1198600.7240824637,
              823867.2823250117
            ],
            [
              1198051.8980647882,
              839673.5267237183
            ],
            [
              1190897.5266390634,
              846537.5875603771
            ],
            [
              1186609.7280586595,
              867490.694969954
            ],
            [
              1188444.8974353168,
              882545.3742966112
            ],
            [
              1149581.3311383068,
              878611.7738613486
            ],
            [
              1143566.5942240874,
              878313.0631471016
            ],
            [
              1131980.76463398,
              882231.9543839861
            ],
            [
              1121504.942652143,
              885777.0632265666
            ],
            [
              1108059.6841627024,
              866964.330885441
            ],
            [
              1092658.4099724717,
              886267.2074314645
            ],
            [
              1083234.561408773,
              890272.7968328008
            ],
            [
              1079136.4916496545,
              892015.3087789109
            ],
            [
              1076240.4405126097,
              893246.9507450946
            ],
            [
              1070073.901884214,
              904036.3230699515
            ],
            [
              1060928.5145739503,
              904060.2938169232
            ],
            [
              1052061.1549277166,
              920279.2414970817
            ],
            [
              1052527.1506726434,
              924056.8351655882
            ],
            [
              1059849.3656190843,
              935232.5833764644
            ],
            [
              1061895.8252892054,
              938358.894995491
            ],
            [
              1076332.9914259347,
              943044.7108881306
            ],
            [
              1075821.4349511424,
              961635.5926254364
            ],
            [
              1080317.6349728922,
              975582.4701458504
            ],
            [
              1094252.059802669,
              982565.2738643363
            ],
            [
              1120505.67934685,
              982974.5239352714
            ],
            [
              1131980.76463398,
              989267.7360825175
            ],
            [
              1146939.7417743546,
              997479.19556389
            ],
            [
              1164906.9601723205,
              986368.7381616291
            ],
            [
              1176115.1331578915,
              988170.3467207523
            ],
            [
              1187917.015066643,
              985595.8027862515
            ],
            [
              1198377.5841631657,
              992551.2953807488
            ],
            [
              1232932.522889864,
              989111.4515532581
            ],
            [
              1247790.5806741982,
              1001974.3980778679
            ],
            [
              1274767.5013928004,
              982443.6411855137
            ]
          ]
        ]
      },
      "properties": {
        "name": "North Yorkshire"
      }
    },
    {
      "type": "Feature",
      "properties": {
        "name": "South Yorkshire"
      },
      "geometry": {
        "type": "Polygon",
        "coordinates": [
          [
            [
              1222471.4950457145,
              788465.1979289306
            ],
            [
              1212215.8071342793,
              783530.8492463734
            ],
            [
              1202285.3992277263,
              765956.3559358949
            ],
            [
              1188372.410969648,
              769190.5924743079
            ],
            [
              1157820.888040925,
              765930.83017305
            ],
            [
              1149581.3311383068,
              781802.2059231522
            ],
            [
              1142264.2197452383,
              787369.7226868551
            ],
            [
              1140855.6785321778,
              793618.5427589333
            ],
            [
              1135295.110780186,
              797607.3828472188
            ],
            [
              1132988.7935699322,
              805117.043820912
            ],
            [
              1123260.082331791,
              808357.623423283
            ],
            [
              1113530.6278134244,
              820765.6810244471
            ],
            [
              1109435.3491679009,
              829064.7994950237
            ],
            [
              1106976.6245541228,
              834051.6080746697
            ],
            [
              1096909.6456661155,
              835348.0660483651
            ],
            [
              1095345.964712637,
              844092.3213168522
            ],
            [
              1100246.2020544887,
              857465.2325200839
            ],
            [
              1106381.0419012795,
              862348.1513466137
            ],
            [
              1108059.6841627024,
              866964.330885441
            ],
            [
              1121504.942652143,
              885777.0632265666
            ],
            [
              1131980.76463398,
              882231.9543839861
            ],
            [
              1143566.5942240874,
              878313.0631471016
            ],
            [
              1149581.3311383068,
              878611.7738613486
            ],
            [
              1188444.8974353168,
              882545.3742966112
            ],
            [
              1186609.7280586595,
              867490.694969954
            ],
            [
              1190897.5266390634,
              846537.5875603771
            ],
            [
              1198051.8980647882,
              839673.5267237183
            ],
            [
              1198600.7240824637,
              823867.2823250117
            ],
            [
              1219104.2714734562,
              830428.1471901536
            ],
            [
              1239512.418060847,
              826982.3231408093
            ],
            [
              1231692.5021313413,
              801635.7879892103
            ],
            [
              1222471.4950457145,
              788465.1979289306
            ]
          ]
        ]
      }
    },
    {
      "type": "Feature",
      "geometry": {
        "type": "MultiPolygon",
        "coordinates": [
          [
            [
              [
                990150.9286595447,
                1802783.8012076616
              ],
              [
                992978.4414993012,
                1786299.3637715029
              ],
              [
                987607.1560661122,
                1771023.845814988
              ],
              [
                982979.4877257323,
                1766741.6752092335
              ],
              [
                897178.903050673,
                1687786.4994580057
              ],
              [
                885045.3904714196,
                1661069.118019892
              ],
              [
                901800.6212529524,
                1653170.2832616745
              ],
              [
                901847.8337414253,
                1644749.7069258103
              ],
              [
                866653.0001914364,
                1593771.9354707664
              ],
              [
                842460.0620502343,
                1586977.450541976
              ],
              [
                870166.6092280364,
                1586109.0366802514
              ],
              [
                887813.2904993409,
                1607516.8771499982
              ],
              [
                902815.5822762329,
                1607196.7597745396
              ],
              [
                919850.3925154873,
                1616047.5570351826
              ],
              [
                922980.3676474974,
                1620315.9899779418
              ],
              [
                929264.992433258,
                1621705.064840803
              ],
              [
                934512.137821212,
                1616047.5570351826
              ],
              [
                936602.7868763972,
                1616047.5570351826
              ],
              [
                947974.5602176569,
                1629845.9737444064
              ],
              [
                962748.7503429065,
                1634348.1755568404
              ],
              [
                982979.4877257323,
                1627121.7909783134
              ],
              [
                988848.9131860468,
                1625026.5366672333
              ],
              [
                1023971.3341865098,
                1628707.7885200717
              ],
              [
                1026036.8695645749,
                1609278.3545484953
              ],
              [
                1032816.030742903,
                1595176.8879590267
              ],
              [
                1018689.5541880272,
                1593943.279837845
              ],
              [
                1003348.5082950923,
                1582988.8192363894
              ],
              [
                1001731.312722801,
                1575071.551063329
              ],
              [
                1005468.4998322164,
                1553144.265162102
              ],
              [
                1003480.7453861209,
                1545287.8105201963
              ],
              [
                982979.4877257323,
                1538101.1779169207
              ],
              [
                978432.7859471907,
                1536508.2724655075
              ],
              [
                965367.7065619426,
                1522367.1680452125
              ],
              [
                960609.3924426581,
                1506892.671911993
              ],
              [
                921640.598725301,
                1500827.4115041178
              ],
              [
                916053.92343577,
                1485249.2078957567
              ],
              [
                912638.6520335841,
                1472190.01917559
              ],
              [
                897386.3195371714,
                1471855.6811757553
              ],
              [
                887296.8024597866,
                1463870.5155811198
              ],
              [
                871497.2938118691,
                1464677.4902807418
              ],
              [
                842147.5270138576,
                1442186.8889143812
              ],
              [
                832628.2689636204,
                1445590.368097948
              ],
              [
                822622.2963848449,
                1423021.058254188
              ],
              [
                814607.6710887208,
                1419157.5723576955
              ],
              [
                811474.6530384268,
                1417647.8185378313
              ],
              [
                812467.8080206185,
                1413080.112161588
              ],
              [
                814607.6710887208,
                1413114.499628405
              ],
              [
                823916.7930059697,
                1401517.3842415102
              ],
              [
                816390.5228650509,
                1392324.3511252524
              ],
              [
                814607.6710887208,
                1376242.8935687207
              ],
              [
                799740.5153850431,
                1364543.7100972412
              ],
              [
                798738.9573397676,
                1357890.330395788
              ],
              [
                803079.7903066939,
                1348296.1247905735
              ],
              [
                797919.6278537718,
                1341330.789995553
              ],
              [
                807476.9363531076,
                1329650.810864592
              ],
              [
                807216.478466957,
                1324138.1568335108
              ],
              [
                792898.5268219466,
                1297465.5737073869
              ],
              [
                783516.4945344015,
                1268916.4588757092
              ],
              [
                774748.9824601578,
                1259892.9039719617
              ],
              [
                772558.8448383401,
                1241953.3873659857
              ],
              [
                746878.889473217,
                1261110.5804307917
              ],
              [
                743466.055967877,
                1289592.2651825072
              ],
              [
                736324.2269091759,
                1285630.0536570158
              ],
              [
                734011.7418198967,
                1267099.2290401459
              ],
              [
                738569.1004359347,
                1239532.150444951
              ],
              [
                727653.5541090013,
                1212049.736680735
              ],
              [
                718848.2013115647,
                1164043.7324588513
              ],
              [
                708709.2555972827,
                1150203.4788209423
              ],
              [
                695143.4476727899,
                1153233.5887489216
              ],
              [
                694846.3504233925,
                1169465.4931152742
              ],
              [
                709092.98512531,
                1231521.7262409842
              ],
              [
                705423.296255182,
                1274557.9605641812
              ],
              [
                714926.1173146847,
                1318621.4141496206
              ],
              [
                711309.7932273266,
                1340963.484366117
              ],
              [
                730807.6395955652,
                1379158.5863196366
              ],
              [
                739113.0101396155,
                1406048.3427890306
              ],
              [
                739218.2196375176,
                1406555.0327768577
              ],
              [
                739236.8652069494,
                1407093.545244677
              ],
              [
                739167.5029227907,
                1407618.2292750357
              ],
              [
                739016.2726115606,
                1408082.633505187
              ],
              [
                738796.560887308,
                1408445.635643158
              ],
              [
                738527.8161556207,
                1408675.0873196293
              ],
              [
                738233.8270577284,
                1408750.6654070197
              ],
              [
                737938.1558110127,
                1408668.1316170963
              ],
              [
                705766.2089334421,
                1390122.60711342
              ],
              [
                677337.4060938805,
                1401001.5575500373
              ],
              [
                671147.5268852132,
                1418330.8958084052
              ],
              [
                660132.5871698115,
                1431537.5674857674
              ],
              [
                687214.9096350744,
                1452175.0757892625
              ],
              [
                685801.423053642,
                1472563.2619652264
              ],
              [
                699450.5938033271,
                1512105.576392157
              ],
              [
                699572.7502465501,
                1512620.9726645695
              ],
              [
                699605.0775379929,
                1513178.1804944184
              ],
              [
                699544.84055778,
                1513727.4996298533
              ],
              [
                699397.6323310657,
                1514217.9171499684
              ],
              [
                699177.1217781473,
                1514603.8811092926
              ],
              [
                698903.7840042711,
                1514849.5351588456
              ],
              [
                698602.9990741027,
                1514932.0555802332
              ],
              [
                698300.2277589455,
                1514846.2496759351
              ],
              [
                671320.8615737698,
                1498872.5168183763
              ],
              [
                668273.9934547654,
                1517561.1833195249
              ],
              [
                637630.2261865921,
                1521091.3990245052
              ],
              [
                622338.4035461018,
                1538299.0472661015
              ],
              [
                613692.3983658432,
                1556393.9462541146
              ],
              [
                597075.8520776111,
                1562208.0048887515
              ],
              [
                587551.2837537094,
                1578287.7875035908
              ],
              [
                603739.8290863796,
                1600657.8898348166
              ],
              [
                619656.29800633,
                1599129.6751660518
              ],
              [
                625352.3480351487,
                1616002.3809467377
              ],
              [
                631822.3136505035,
                1622862.7304779394
              ],
              [
                648106.66064827,
                1603298.0290980954
              ],
              [
                655865.9709073983,
                1569230.838455814
              ],
              [
                665131.5282758895,
                1572476.3670325885
              ],
              [
                665992.5028286693,
                1553029.7982474808
              ],
              [
                670018.6058728138,
                1546372.4463187046
              ],
              [
                686155.6549203625,
                1540688.0400157059
              ],
              [
                723082.8768951192,
                1560629.3079879414
              ],
              [
                694925.6979545559,
                1560577.7265516603
              ],
              [
                688220.7642787312,
                1568926.8054711064
              ],
              [
                685012.9944111338,
                1583588.6253263652
              ],
              [
                686246.9784249844,
                1594962.7066455781
              ],
              [
                700150.1872657934,
                1602810.3345294995
              ],
              [
                693040.0105684622,
                1618326.427557609
              ],
              [
                695437.3070834738,
                1631089.1622584052
              ],
              [
                691632.8344663209,
                1655292.0066958629
              ],
              [
                699367.4179948757,
                1660709.7758016596
              ],
              [
                708822.9163596043,
                1653248.1826089863
              ],
              [
                712183.1556356846,
                1670033.610810794
              ],
              [
                725337.4168498603,
                1666480.2741358988
              ],
              [
                749489.9061635312,
                1675668.411863383
              ],
              [
                748394.1670423102,
                1685477.7087336974
              ],
              [
                734185.552844554,
                1706149.964651255
              ],
              [
                744428.3590871517,
                1715666.973127787
              ],
              [
                742739.0830313745,
                1741211.9062919496
              ],
              [
                761496.2427924017,
                1751573.7410717253
              ],
              [
                762211.8760576525,
                1778627.5740026906
              ],
              [
                769245.741908209,
                1803136.7622820577
              ],
              [
                777452.8904788005,
                1817558.8331670156
              ],
              [
                810814.1162419502,
                1812279.8230131082
              ],
              [
                816794.1376163672,
                1799695.1568004712
              ],
              [
                830027.720980865,
                1811873.1032975428
              ],
              [
                847951.1317082949,
                1801145.718616128
              ],
              [
                885131.9057532744,
                1815446.2788028894
              ],
              [
                904351.0839251367,
                1813163.525227772
              ],
              [
                931200.517221418,
                1822530.978083549
              ],
              [
                954441.0316255136,
                1821385.503362015
              ],
              [
                964542.9929974566,
                1830955.9943069126
              ],
              [
                982979.4877257323,
                1826288.1770083532
              ],
              [
                994176.6972999447,
                1823454.6506498177
              ],
              [
                990150.9286595447,
                1802783.8012076616
              ]
            ]
          ],
          [
            [
              [
                625439.6224046135,
                1726731.1030713646
              ],
              [
                626820.2686230668,
                1699351.9271116639
              ],
              [
                617293.6084946133,
                1692545.5182417799
              ],
              [
                616383.4111346749,
                1684035.2882416472
              ],
              [
                606769.5472133205,
                1675717.4805723503
              ],
              [
                595542.0669752565,
                1675703.3490112806
              ],
              [
                592246.074964056,
                1673975.326202101
              ],
              [
                594492.9184005162,
                1665833.1805937802
              ],
              [
                593343.8089305462,
                1663149.1754073761
              ],
              [
                580974.2762103175,
                1669425.7762791924
              ],
              [
                582698.3101072991,
                1655456.5418980923
              ],
              [
                558275.7542543141,
                1637968.8673550263
              ],
              [
                550126.581653769,
                1648680.4133579899
              ],
              [
                548410.0657185949,
                1635217.35790879
              ],
              [
                542721.070339865,
                1640107.5967669832
              ],
              [
                548319.5078694334,
                1648518.2569132745
              ],
              [
                546258.1143556663,
                1654242.7001847317
              ],
              [
                550977.3770409917,
                1656191.6754641598
              ],
              [
                570145.6621680518,
                1673662.2636042656
              ],
              [
                569989.3770613832,
                1677169.0640651882
              ],
              [
                557501.940859072,
                1684035.2882416472
              ],
              [
                551247.8948695264,
                1684035.2882416472
              ],
              [
                541170.5278692833,
                1695936.134504986
              ],
              [
                542083.0210824,
                1698001.1618130943
              ],
              [
                550293.6457154084,
                1699299.188454669
              ],
              [
                550871.6292020301,
                1702605.3916238109
              ],
              [
                543965.1580446524,
                1714094.9599384395
              ],
              [
                546001.143329923,
                1729301.6956348848
              ],
              [
                553404.3979751128,
                1742104.2350398349
              ],
              [
                570471.627344393,
                1733856.780063847
              ],
              [
                569980.6378134363,
                1746372.6725890897
              ],
              [
                578279.0986453799,
                1743526.1559455255
              ],
              [
                576725.8387547055,
                1753242.6364204194
              ],
              [
                605345.627991848,
                1769263.88906324
              ],
              [
                640288.7593789145,
                1799404.5745848324
              ],
              [
                646031.5859690838,
                1792518.6918052938
              ],
              [
                647898.5278208496,
                1780580.9961337904
              ],
              [
                644811.2077573572,
                1763092.0871195365
              ],
              [
                636578.4316588757,
                1753242.6364204194
              ],
              [
                625439.6224046135,
                1726731.1030713646
              ]
            ]
          ],
          [
            [
              [
                1188179.929662637,
                2226554.616940324
              ],
              [
                1198348.1890271108,
                2234239.0930539193
              ],
              [
                1206878.3833090796,
                2214177.9114343924
              ],
              [
                1210945.7477017315,
                2218114.1351235015
              ],
              [
                1217915.335006633,
                2205307.345884555
              ],
              [
                1209506.2847171193,
                2201720.390080736
              ],
              [
                1214076.764672855,
                2193573.997454514
              ],
              [
                1202450.0590110049,
                2174327.8460334716
              ],
              [
                1215459.8907556077,
                2161953.040947645
              ],
              [
                1217638.5136006125,
                2153663.7521558786
              ],
              [
                1213738.3370568808,
                2149982.5614622077
              ],
              [
                1208699.0335071941,
                2160330.790135783
              ],
              [
                1202140.2169044262,
                2150527.952982058
              ],
              [
                1192710.9594379873,
                2100709.886117559
              ],
              [
                1183011.2493762353,
                2103056.698209852
              ],
              [
                1193621.4829640393,
                2151339.881858089
              ],
              [
                1189384.0006821551,
                2168906.3127852743
              ],
              [
                1182233.6451070572,
                2171285.899498944
              ],
              [
                1171400.6939461073,
                2160121.470887904
              ],
              [
                1149449.2682622802,
                2176941.86902338
              ],
              [
                1147407.8079504953,
                2181889.7969372952
              ],
              [
                1147508.5178032608,
                2191492.566197292
              ],
              [
                1149449.2682622802,
                2192595.5390059995
              ],
              [
                1182700.009764773,
                2192281.73642964
              ],
              [
                1185332.6790979262,
                2211313.604074928
              ],
              [
                1184010.8269364496,
                2216111.7936763717
              ],
              [
                1181314.0074090236,
                2204388.016425994
              ],
              [
                1174815.792246487,
                2206854.8479716917
              ],
              [
                1178546.9744486092,
                2214410.9392171847
              ],
              [
                1172944.7579562846,
                2231015.566704833
              ],
              [
                1159872.92114399,
                2235247.9723650618
              ],
              [
                1159507.3273421207,
                2239002.3089375785
              ],
              [
                1178282.8294382854,
                2262352.6628912566
              ],
              [
                1188621.6776847558,
                2264148.216814085
              ],
              [
                1186200.5369800944,
                2236760.6370516913
              ],
              [
                1188179.929662637,
                2226554.616940324
              ]
            ]
          ],
          [
            [
              [
                673646.6009182241,
                1247866.5579771688
              ],
              [
                669339.7618068418,
                1243268.281841441
              ],
              [
                657752.8505252412,
                1248243.4463726478
              ],
              [
                664854.0981748888,
                1220061.921186977
              ],
              [
                655229.2299879113,
                1211588.2748513166
              ],
              [
                636464.6934181914,
                1201150.4648994273
              ],
              [
                631558.6348462064,
                1203554.1207620995
              ],
              [
                632660.3028435026,
                1211588.2748513166
              ],
              [
                637364.779517459,
                1218637.2205842156
              ],
              [
                631050.9638669163,
                1229720.6352985417
              ],
              [
                634774.4821673717,
                1239646.1552842725
              ],
              [
                630330.1328719999,
                1239867.2676395606
              ],
              [
                620190.130958384,
                1224089.6197681269
              ],
              [
                610764.2779759335,
                1220614.611830662
              ],
              [
                618087.4726452167,
                1252821.752972304
              ],
              [
                630162.9274346026,
                1262358.469591015
              ],
              [
                631665.8629004317,
                1252841.3825987475
              ],
              [
                651404.9131130518,
                1269837.6177960914
              ],
              [
                656047.7452831495,
                1256157.2613960756
              ],
              [
                661870.058108569,
                1268968.5387981134
              ],
              [
                668939.4777346936,
                1273927.6363072852
              ],
              [
                673646.6009182241,
                1291034.9374264553
              ],
              [
                692384.9138441825,
                1306409.9555383874
              ],
              [
                698466.2331722294,
                1319848.897882809
              ],
              [
                703175.9937371372,
                1319624.9575750316
              ],
              [
                700869.4311787259,
                1303283.0942434967
              ],
              [
                673646.6009182241,
                1247866.5579771688
              ]
            ]
          ],
          [
            [
              [
                703369.7529919067,
                1376909.7700199792
              ],
              [
                706471.5086330025,
                1369390.7901666416
              ],
              [
                694012.4531122386,
                1350860.3609022377
              ],
              [
                685258.0348817718,
                1346554.8469577273
              ],
              [
                680372.6205093549,
                1353164.4774180828
              ],
              [
                674086.71087404,
                1347662.610933859
              ],
              [
                669138.6731654749,
                1347410.1492097331
              ],
              [
                662878.6469815611,
                1342442.5297223264
              ],
              [
                658289.7935212309,
                1343639.9877259443
              ],
              [
                652669.5467223049,
                1341396.7780190986
              ],
              [
                643937.9981906698,
                1341396.7780190986
              ],
              [
                636257.6927099918,
                1337266.1680133715
              ],
              [
                624036.3116491508,
                1341396.7780190986
              ],
              [
                629853.9535087392,
                1351720.6411781628
              ],
              [
                649116.2798944687,
                1351087.3510809466
              ],
              [
                656575.5812315993,
                1354458.502230364
              ],
              [
                656321.8404748421,
                1358007.2715564584
              ],
              [
                647225.4801607546,
                1357821.0455998573
              ],
              [
                653168.5385661703,
                1372584.880368771
              ],
              [
                658751.8219508218,
                1376550.443815901
              ],
              [
                658279.689941606,
                1380028.3873240808
              ],
              [
                641755.3279916137,
                1376784.9895628393
              ],
              [
                640188.9253879039,
                1382085.6878717337
              ],
              [
                642875.2600664502,
                1386048.9305489492
              ],
              [
                632615.0386687565,
                1390740.7427107943
              ],
              [
                633931.5745453109,
                1404591.448982303
              ],
              [
                656543.310824416,
                1413268.2603335911
              ],
              [
                674086.71087404,
                1388176.952572506
              ],
              [
                690091.5578961959,
                1385884.544891473
              ],
              [
                703369.7529919067,
                1376909.7700199792
              ]
            ]
          ],
          [
            [
              [
                548484.6380888786,
                1616047.5570351826
              ],
              [
                537758.5466259627,
                1583243.3073549215
              ],
              [
                531547.2271720513,
                1583813.5392740527
              ],
              [
                534394.2365074266,
                1567845.5647278493
              ],
              [
                526896.8699156981,
                1567102.38335831
              ],
              [
                528236.9849301949,
                1555811.85258245
              ],
              [
                534778.2937600429,
                1546634.6289269459
              ],
              [
                527336.2899133043,
                1532809.8346416568
              ],
              [
                531264.2955504993,
                1506978.0366680864
              ],
              [
                524117.0692776077,
                1498768.2276781928
              ],
              [
                522873.3845493741,
                1505873.379573957
              ],
              [
                518423.60442132025,
                1506258.0633676276
              ],
              [
                512116.9933682169,
                1512306.9701096676
              ],
              [
                508608.5984252454,
                1532982.2926386772
              ],
              [
                511473.5468965614,
                1563814.3567697722
              ],
              [
                518423.60442132025,
                1567699.238295313
              ],
              [
                518423.60442132025,
                1571134.1197562972
              ],
              [
                512323.1153203539,
                1576198.0923403166
              ],
              [
                514819.7880806299,
                1588257.7000597771
              ],
              [
                512978.74994041957,
                1600649.3935005115
              ],
              [
                501939.46910516394,
                1604167.9014681187
              ],
              [
                498928.75421718054,
                1610183.3848775476
              ],
              [
                503170.86627668294,
                1620448.2024537874
              ],
              [
                513668.0359972712,
                1617655.2205406092
              ],
              [
                518423.60442132025,
                1623226.2474896517
              ],
              [
                528856.6675848706,
                1624694.1706459476
              ],
              [
                536161.2140130572,
                1636616.2722438779
              ],
              [
                539921.0603161397,
                1626427.3732094439
              ],
              [
                548774.088913768,
                1623558.6654453324
              ],
              [
                548484.6380888786,
                1616047.5570351826
              ]
            ]
          ],
          [
            [
              [
                1014228.5597344718,
                1899434.234558342
              ],
              [
                1023790.9252556376,
                1905131.0470457012
              ],
              [
                1031456.5989024439,
                1898314.1419004444
              ],
              [
                1031479.7912051588,
                1894805.1384021156
              ],
              [
                1015838.0915164211,
                1879971.0571673913
              ],
              [
                1007402.1773847474,
                1850773.1602542335
              ],
              [
                1000696.8405097262,
                1864476.8754906831
              ],
              [
                1008865.1828831912,
                1878782.1244040858
              ],
              [
                1003966.772294177,
                1894825.2932442054
              ],
              [
                982975.1301242695,
                1887376.674205847
              ],
              [
                979467.5560512175,
                1887007.0688697007
              ],
              [
                975873.0925515102,
                1894279.2862498146
              ],
              [
                962157.3210202733,
                1901003.508259005
              ],
              [
                962777.5505876068,
                1926530.5149548333
              ],
              [
                965799.4595409438,
                1933668.9205977954
              ],
              [
                979387.1040080723,
                1938039.0020834291
              ],
              [
                982975.1301242695,
                1936157.612812155
              ],
              [
                997321.1926123749,
                1924110.2427071342
              ],
              [
                997939.2218386559,
                1908763.6838581078
              ],
              [
                1010173.1053028221,
                1905889.2986612795
              ],
              [
                1014228.5597344718,
                1899434.234558342
              ]
            ]
          ],
          [
            [
              [
                756965.2350583054,
                1171964.4170167213
              ],
              [
                744266.6368025942,
                1179513.1352306595
              ],
              [
                736288.7575137815,
                1211542.1628636783
              ],
              [
                741178.7527945709,
                1222171.7201349987
              ],
              [
                749841.0459087545,
                1227241.5684218071
              ],
              [
                759023.919500948,
                1221644.3710799925
              ],
              [
                763892.6210329316,
                1211542.1628636783
              ],
              [
                769185.4100837806,
                1177457.5193519555
              ],
              [
                756965.2350583054,
                1171964.4170167213
              ]
            ]
          ],
          [
            [
              [
                1219864.858554721,
                2236191.458897992
              ],
              [
                1216876.5100901523,
                2234313.065259858
              ],
              [
                1211779.425713492,
                2237345.721183005
              ],
              [
                1209582.5671774202,
                2233474.804229592
              ],
              [
                1205287.6201046023,
                2237810.7707034824
              ],
              [
                1203313.6188476342,
                2246947.1248871433
              ],
              [
                1203972.4809536966,
                2252932.429640456
              ],
              [
                1201855.2375608427,
                2260944.611771331
              ],
              [
                1203472.3063402334,
                2267506.8105323045
              ],
              [
                1208849.5871072393,
                2272545.1491042515
              ],
              [
                1210578.9879395135,
                2288735.488088195
              ],
              [
                1222958.4230850486,
                2288597.238027611
              ],
              [
                1225984.0548961107,
                2275533.690277259
              ],
              [
                1222483.4644513228,
                2268467.9597322503
              ],
              [
                1221418.9703734536,
                2256955.0507845646
              ],
              [
                1224110.5991843499,
                2254955.7289842954
              ],
              [
                1219864.858554721,
                2236191.458897992
              ]
            ]
          ],
          [
            [
              [
                984783.7689493225,
                1868480.4965797327
              ],
              [
                988856.200939152,
                1872013.8920844505
              ],
              [
                992964.8772193512,
                1868167.819169282
              ],
              [
                982979.4877257323,
                1858491.872662805
              ],
              [
                980663.2558450312,
                1857801.396654278
              ],
              [
                974034.7965443113,
                1862194.8378424281
              ],
              [
                969483.6379786332,
                1857696.8359343456
              ],
              [
                965161.1937670747,
                1866335.27500265
              ],
              [
                960983.516879746,
                1870445.5310676843
              ],
              [
                960215.8700276967,
                1876132.089737556
              ],
              [
                953698.2297253397,
                1878719.178025323
              ],
              [
                957280.4053343837,
                1888461.3226712141
              ],
              [
                967066.4404329802,
                1891987.478869848
              ],
              [
                970711.3201961096,
                1889187.922239988
              ],
              [
                970736.7667185108,
                1884461.077640595
              ],
              [
                982979.4877257323,
                1874843.9780580346
              ],
              [
                984783.7689493225,
                1868480.4965797327
              ]
            ]
          ],
          [
            [
              [
                1248956.8608416659,
                2301235.5600507455
              ],
              [
                1245244.615643402,
                2301671.6256909026
              ],
              [
                1244798.9476167304,
                2290906.9134298535
              ],
              [
                1239375.7020301032,
                2283122.814302816
              ],
              [
                1238811.493328596,
                2277927.098929624
              ],
              [
                1234506.937936563,
                2279921.231562431
              ],
              [
                1231207.0180171272,
                2276722.268509575
              ],
              [
                1227080.7033862532,
                2279594.1592590464
              ],
              [
                1229092.669264994,
                2292284.309448424
              ],
              [
                1231832.374403614,
                2300806.8093554405
              ],
              [
                1230008.1758967314,
                2304027.1743096197
              ],
              [
                1238944.4066855297,
                2315038.8449719353
              ],
              [
                1248486.5453439017,
                2312087.9784598453
              ],
              [
                1246914.5094173527,
                2307695.6485952726
              ],
              [
                1248956.8608416659,
                2301235.5600507455
              ]
            ]
          ],
          [
            [
              [
                632704.0529618567,
                1472090.3084737686
              ],
              [
                626795.9969665746,
                1476019.5352740018
              ],
              [
                619551.4668833748,
                1486951.7995551834
              ],
              [
                629788.4423223631,
                1496749.9206096819
              ],
              [
                639778.8879472469,
                1489875.3824752495
              ],
              [
                637349.4290049615,
                1476019.5352740018
              ],
              [
                632704.0529618567,
                1472090.3084737686
              ]
            ]
          ],
          [
            [
              [
                597904.4239756525,
                1399055.333715883
              ],
              [
                594393.9312168706,
                1401995.3921866128
              ],
              [
                599730.9184470318,
                1411223.9048744906
              ],
              [
                609175.7919229552,
                1419619.022969869
              ],
              [
                617836.0781693653,
                1422621.5166194225
              ],
              [
                617083.35380638,
                1417817.925986234
              ],
              [
                612206.5525569253,
                1408155.4064385127
              ],
              [
                604495.6470180195,
                1401352.7001819452
              ],
              [
                597904.4239756525,
                1399055.333715883
              ]
            ]
          ],
          [
            [
              [
                577086.1565693121,
                1381593.2437711433
              ],
              [
                570343.8386915327,
                1381336.4104637662
              ],
              [
                568365.610188227,
                1372913.0519405175
              ],
              [
                564359.2659084192,
                1372616.0382376602
              ],
              [
                560261.0627885564,
                1375904.1842960948
              ],
              [
                557095.9581195572,
                1384567.6923501948
              ],
              [
                562402.2741583288,
                1389453.7348675998
              ],
              [
                569446.6747288944,
                1387574.228842021
              ],
              [
                570928.3225685008,
                1390425.2131164083
              ],
              [
                577861.9484458605,
                1392189.6689586071
              ],
              [
                577086.1565693121,
                1381593.2437711433
              ]
            ]
          ],
          [
            [
              [
                508491.87715616263,
                1475933.7357735457
              ],
              [
                501944.0102724682,
                1476005.007840883
              ],
              [
                494547.9201497071,
                1471343.63847687
              ],
              [
                493984.752953358,
                1476357.0564902276
              ],
              [
                499117.30828388187,
                1485249.2078957567
              ],
              [
                500637.22542671254,
                1487884.4603272788
              ],
              [
                509195.5983453378,
                1494914.2023523478
              ],
              [
                510563.3058993822,
                1485249.2078957567
              ],
              [
                511213.374433585,
                1480659.7594096707
              ],
              [
                508491.87715616263,
                1475933.7357735457
              ]
            ]
          ],
          [
            [
              [
                1001072.3084617524,
                1929969.8495905707
              ],
              [
                989549.4714545371,
                1938799.0077436287
              ],
              [
                988732.1778907112,
                1942944.7497910531
              ],
              [
                993395.8761201173,
                1948980.6288453508
              ],
              [
                996478.1878083952,
                1945240.0684217205
              ],
              [
                1005608.7246533092,
                1944295.4827440558
              ],
              [
                1004307.2396171882,
                1940707.2177998098
              ],
              [
                1007325.5802242456,
                1931182.9315880015
              ],
              [
                1001072.3084617524,
                1929969.8495905707
              ]
            ]
          ],
          [
            [
              [
                642846.6548534979,
                1283429.137361995
              ],
              [
                637123.1794870105,
                1283541.1408714652
              ],
              [
                636555.6090481967,
                1290178.4608495915
              ],
              [
                639432.5048838609,
                1293496.4081278527
              ],
              [
                640741.3110689356,
                1300651.8331785211
              ],
              [
                650914.0701898644,
                1309786.8634588923
              ],
              [
                652616.7308559353,
                1307198.6622113409
              ],
              [
                646385.8218433142,
                1295903.6664934456
              ],
              [
                646964.9672827751,
                1292029.1213256624
              ],
              [
                642846.6548534979,
                1283429.137361995
              ]
            ]
          ],
          [
            [
              [
                1236803.37988347,
                2265799.9385424415
              ],
              [
                1243157.9766502343,
                2266512.4826166434
              ],
              [
                1244324.1625300907,
                2261403.930073268
              ],
              [
                1248782.7737446679,
                2260804.0873849625
              ],
              [
                1246990.6755487884,
                2252329.127225115
              ],
              [
                1243493.1039772695,
                2256803.9532971317
              ],
              [
                1238520.2332280213,
                2257159.3346942896
              ],
              [
                1237897.2901367801,
                2251454.246726292
              ],
              [
                1234452.7552894934,
                2253128.1173092825
              ],
              [
                1229811.4083440404,
                2262692.107941781
              ],
              [
                1233927.3180534258,
                2269728.9746000087
              ],
              [
                1236803.37988347,
                2265799.9385424415
              ]
            ]
          ],
          [
            [
              [
                1012539.6198635576,
                1964586.3702196097
              ],
              [
                1009909.9169722032,
                1967274.3503449988
              ],
              [
                1003596.5476014937,
                1962037.1687018275
              ],
              [
                999138.1249621329,
                1965853.3396806037
              ],
              [
                997865.6964281785,
                1974922.0889625568
              ],
              [
                1004635.3619426211,
                1980582.5638630744
              ],
              [
                1006600.1142196931,
                1972740.99299719
              ],
              [
                1012856.3847066251,
                1970829.841659693
              ],
              [
                1012539.6198635576,
                1964586.3702196097
              ]
            ]
          ],
          [
            [
              [
                1053330.2249526335,
                1963788.799741297
              ],
              [
                1058206.2739049713,
                1964441.8267929265
              ],
              [
                1056673.4567255913,
                1958075.1674904851
              ],
              [
                1047405.0696156458,
                1952900.0729456758
              ],
              [
                1043345.3397363155,
                1958568.8695555413
              ],
              [
                1046772.6700449766,
                1964263.8518747455
              ],
              [
                1045925.6194454272,
                1967607.1225733869
              ],
              [
                1051613.579218933,
                1970591.5697880583
              ],
              [
                1053330.2249526335,
                1963788.799741297
              ]
            ]
          ],
          [
            [
              [
                639473.8401485067,
                1730102.5885497984
              ],
              [
                636651.6184354617,
                1735286.579274091
              ],
              [
                645451.6140937182,
                1744963.0930524236
              ],
              [
                651023.3760223946,
                1746548.851578625
              ],
              [
                650129.1776109894,
                1737519.8098335573
              ],
              [
                639473.8401485067,
                1730102.5885497984
              ]
            ]
          ],
          [
            [
              [
                654457.9158265577,
                1457928.3887318643
              ],
              [
                644003.6513093889,
                1462300.1236923747
              ],
              [
                644255.5137723789,
                1466415.0270717246
              ],
              [
                650019.2024143654,
                1468029.2757257381
              ],
              [
                652705.4558296823,
                1474687.1229197895
              ],
              [
                655867.1947538778,
                1470151.9471287932
              ],
              [
                654457.9158265577,
                1457928.3887318643
              ]
            ]
          ],
          [
            [
              [
                1025384.5793159753,
                1936007.2357541984
              ],
              [
                1022896.1066833459,
                1943550.9994699107
              ],
              [
                1026387.2813916514,
                1946786.0538135907
              ],
              [
                1025357.6672724795,
                1956296.6865903465
              ],
              [
                1028763.3181103095,
                1959535.0602882123
              ],
              [
                1033335.429119225,
                1955816.071419552
              ],
              [
                1029099.9289921958,
                1947766.7325538583
              ],
              [
                1028867.8727156506,
                1937598.7843975145
              ],
              [
                1025384.5793159753,
                1936007.2357541984
              ]
            ]
          ],
          [
            [
              [
                1020929.835897105,
                1909774.68427445
              ],
              [
                1009304.4522655245,
                1913111.8860921357
              ],
              [
                1012698.3823854912,
                1921004.0426154844
              ],
              [
                1017785.7368820598,
                1917883.5887944056
              ],
              [
                1019842.0872889314,
                1922136.3672670498
              ],
              [
                1023584.099319038,
                1920540.319839526
              ],
              [
                1020929.835897105,
                1909774.68427445
              ]
            ]
          ],
          [
            [
              [
                1046163.5266744117,
                1920898.690543685
              ],
              [
                1043565.0250778496,
                1932814.2469246667
              ],
              [
                1039557.7914666254,
                1938208.6462206636
              ],
              [
                1041018.415507203,
                1942783.2480697809
              ],
              [
                1046103.6425769799,
                1936518.2830896797
              ],
              [
                1045956.5703826875,
                1931986.8701244937
              ],
              [
                1050937.5288269022,
                1931445.0131500214
              ],
              [
                1052986.1795985547,
                1925243.5121472375
              ],
              [
                1046163.5266744117,
                1920898.690543685
              ]
            ]
          ],
          [
            [
              [
                722445.3348092632,
                1379304.1689755498
              ],
              [
                719452.4529697478,
                1380933.2031977726
              ],
              [
                715885.9738541901,
                1377939.8815784305
              ],
              [
                713351.614770861,
                1382140.9275443638
              ],
              [
                719122.5833735822,
                1384796.8242671266
              ],
              [
                725750.41371918,
                1392898.5565701881
              ],
              [
                727939.3728015403,
                1387697.3002731502
              ],
              [
                725170.1347133414,
                1387481.1614914201
              ],
              [
                722445.3348092632,
                1379304.1689755498
              ]
            ]
          ],
          [
            [
              [
                1224312.283830264,
                2197953.039936292
              ],
              [
                1221896.6932927754,
                2204340.022317908
              ],
              [
                1229514.8675807836,
                2210101.657937308
              ],
              [
                1230593.5115904391,
                2204340.022317908
              ],
              [
                1224312.283830264,
                2197953.039936292
              ]
            ]
          ],
          [
            [
              [
                1035413.2629633083,
                1944587.9465001142
              ],
              [
                1034259.8505497435,
                1949181.546991271
              ],
              [
                1035021.5959103012,
                1952995.8893615706
              ],
              [
                1041072.4983006886,
                1959551.2543803202
              ],
              [
                1042059.439094943,
                1955408.9010310192
              ],
              [
                1035413.2629633083,
                1944587.9465001142
              ]
            ]
          ],
          [
            [
              [
                1106228.8523500026,
                2148297.9440129315
              ],
              [
                1101008.8538896665,
                2154599.827552206
              ],
              [
                1107588.1601805445,
                2160702.0111790514
              ],
              [
                1109425.8220006034,
                2156612.353293636
              ],
              [
                1106228.8523500026,
                2148297.9440129315
              ]
            ]
          ],
          [
            [
              [
                498532.98915975785,
                1458647.0038760295
              ],
              [
                495631.2253290871,
                1463877.954522525
              ],
              [
                497702.1082728446,
                1467472.7751195868
              ],
              [
                502458.07054525067,
                1466096.9484041072
              ],
              [
                504114.6125481647,
                1461740.156360318
              ],
              [
                498532.98915975785,
                1458647.0038760295
              ]
            ]
          ],
          [
            [
              [
                383095.8462844292,
                1647710.6574895428
              ],
              [
                376367.12585981155,
                1653564.8908696854
              ],
              [
                377326.6872913481,
                1659007.8663417445
              ],
              [
                382313.9400735274,
                1658191.5257403385
              ],
              [
                383095.8462844292,
                1647710.6574895428
              ]
            ]
          ],
          [
            [
              [
                652563.7920928566,
                1921849.0820979662
              ],
              [
                646202.6751208777,
                1923812.0329931434
              ],
              [
                649853.2306195667,
                1932430.1745642936
              ],
              [
                653500.0549115624,
                1931245.7529259427
              ],
              [
                652563.7920928566,
                1921849.0820979662
              ]
            ]
          ],
          [
            [
              [
                1220974.8323218697,
                2150778.7786138216
              ],
              [
                1219165.254739544,
                2155859.6111568147
              ],
              [
                1220066.4602676183,
                2161354.9864122933
              ],
              [
                1224551.7554320556,
                2161927.569312946
              ],
              [
                1225717.0026659637,
                2154948.510283607
              ],
              [
                1220974.8323218697,
                2150778.7786138216
              ]
            ]
          ],
          [
            [
              [
                1014665.8223603498,
                1974910.821955666
              ],
              [
                1011262.7582535204,
                1980891.2461591056
              ],
              [
                1014155.5832404075,
                1990327.9311851459
              ],
              [
                1017608.1703830576,
                1981410.9387110183
              ],
              [
                1014665.8223603498,
                1974910.821955666
              ]
            ]
          ],
          [
            [
              [
                1152037.0088263035,
                2016583.658694853
              ],
              [
                1151565.3240988047,
                2020845.4861491593
              ],
              [
                1152936.0770201548,
                2027008.6606447771
              ],
              [
                1158220.1581038386,
                2026281.8269487433
              ],
              [
                1157110.1578426529,
                2019021.1465501236
              ],
              [
                1152037.0088263035,
                2016583.658694853
              ]
            ]
          ],
          [
            [
              [
                1066073.7031082101,
                1979542.4137662398
              ],
              [
                1062034.2251385662,
                1982428.129121053
              ],
              [
                1064913.0653917785,
                1988726.4553240016
              ],
              [
                1068195.6461873301,
                1989520.055646264
              ],
              [
                1069905.3873296105,
                1981865.529194557
              ],
              [
                1066073.7031082101,
                1979542.4137662398
              ]
            ]
          ],
          [
            [
              [
                532512.4605542807,
                1640065.9379815357
              ],
              [
                525431.5267079474,
                1644848.8924523573
              ],
              [
                529108.3943494,
                1649529.7314832509
              ],
              [
                534661.708523376,
                1646731.0631800378
              ],
              [
                532512.4605542807,
                1640065.9379815357
              ]
            ]
          ],
          [
            [
              [
                555071.0083806848,
                1666287.3572520176
              ],
              [
                550322.2537113501,
                1672186.3869844107
              ],
              [
                557487.3671339798,
                1677274.1899773786
              ],
              [
                558938.8921420119,
                1672424.1417977791
              ],
              [
                555071.0083806848,
                1666287.3572520176
              ]
            ]
          ],
          [
            [
              [
                1016054.1659876367,
                1956678.2860943265
              ],
              [
                1013736.3394552245,
                1960694.8756330116
              ],
              [
                1018546.1575406829,
                1967050.8923855703
              ],
              [
                1022441.7371460409,
                1957677.746889311
              ],
              [
                1016054.1659876367,
                1956678.2860943265
              ]
            ]
          ],
          [
            [
              [
                589684.4511770807,
                1474288.4078981886
              ],
              [
                588539.4075401919,
                1481814.5676842136
              ],
              [
                594216.5414932232,
                1483510.9320846992
              ],
              [
                595496.9231368793,
                1475733.2879135972
              ],
              [
                589684.4511770807,
                1474288.4078981886
              ]
            ]
          ],
          [
            [
              [
                584178.8188145548,
                1384634.6902049435
              ],
              [
                579982.8984438013,
                1390374.078425523
              ],
              [
                584143.169972147,
                1397639.4778142236
              ],
              [
                586955.5362367079,
                1390374.9864088958
              ],
              [
                584178.8188145548,
                1384634.6902049435
              ]
            ]
          ],
          [
            [
              [
                1066468.3008694514,
                1962980.9711073535
              ],
              [
                1061482.557468244,
                1968626.5463942224
              ],
              [
                1062808.1383873862,
                1974124.8419007994
              ],
              [
                1067714.7356343851,
                1976405.4009936992
              ],
              [
                1066468.3008694514,
                1962980.9711073535
              ]
            ]
          ],
          [
            [
              [
                792643.6313481104,
                1236155.6649917373
              ],
              [
                785695.6266660821,
                1236822.9899744634
              ],
              [
                787028.6354895605,
                1243611.215934461
              ],
              [
                791813.4419778691,
                1244534.821591774
              ],
              [
                792643.6313481104,
                1236155.6649917373
              ]
            ]
          ],
          [
            [
              [
                696379.9725540149,
                1210326.5897534704
              ],
              [
                693380.1133201367,
                1220179.584660734
              ],
              [
                697484.5731519818,
                1225686.9662440307
              ],
              [
                699219.5444115712,
                1221119.9601894002
              ],
              [
                696379.9725540149,
                1210326.5897534704
              ]
            ]
          ],
          [
            [
              [
                622587.9760558474,
                1344041.7261495441
              ],
              [
                618166.1640592985,
                1350386.8355758507
              ],
              [
                623778.243124549,
                1355408.3110300452
              ],
              [
                626199.2365535252,
                1351328.0631077224
              ],
              [
                622587.9760558474,
                1344041.7261495441
              ]
            ]
          ],
          [
            [
              [
                786688.9406125025,
                1222033.795693376
              ],
              [
                781316.4454704054,
                1225615.2421395872
              ],
              [
                780628.09627839,
                1227550.093087555
              ],
              [
                781165.8922043216,
                1229043.0660725571
              ],
              [
                786950.1398864614,
                1234163.9238897255
              ],
              [
                786688.9406125025,
                1222033.795693376
              ]
            ]
          ],
          [
            [
              [
                1144837.3862502081,
                2192747.6557696117
              ],
              [
                1140102.6744233156,
                2201113.3468698757
              ],
              [
                1142066.5124334034,
                2204973.7829232486
              ],
              [
                1148176.206431745,
                2201944.8933972856
              ],
              [
                1144837.3862502081,
                2192747.6557696117
              ]
            ]
          ],
          [
            [
              [
                483391.052647643,
                1441763.097365967
              ],
              [
                481975.1856102218,
                1444995.265095503
              ],
              [
                482064.48443594365,
                1450396.2400678564
              ],
              [
                486226.5760379649,
                1451341.6959191356
              ],
              [
                489017.26127321925,
                1444468.6564655406
              ],
              [
                483391.052647643,
                1441763.097365967
              ]
            ]
          ],
          [
            [
              [
                1011131.8213741444,
                1930149.1929928157
              ],
              [
                1006990.8402890422,
                1939881.417265946
              ],
              [
                1009940.5294982088,
                1944956.4514952246
              ],
              [
                1013385.8473667961,
                1942238.5820250781
              ],
              [
                1011131.8213741444,
                1930149.1929928157
              ]
            ]
          ],
          [
            [
              [
                1036856.2490984839,
                1920182.4205430644
              ],
              [
                1035323.239113741,
                1923721.8884561881
              ],
              [
                1039211.5108171699,
                1931325.9569555735
              ],
              [
                1042595.5339477353,
                1924403.0881441915
              ],
              [
                1041671.127990627,
                1920603.977167475
              ],
              [
                1036856.2490984839,
                1920182.4205430644
              ]
            ]
          ],
          [
            [
              [
                589899.0729289408,
                1393713.3011282636
              ],
              [
                586185.1480308818,
                1399980.2897301177
              ],
              [
                591991.8574259186,
                1404501.6538892193
              ],
              [
                593554.2437337219,
                1394595.4918012703
              ],
              [
                589899.0729289408,
                1393713.3011282636
              ]
            ]
          ]
        ]
      },
      "properties": {
        "name": "Scottish Highlands"
      }
    },
    {
      "type": "Feature",
      "geometry": {
        "type": "Polygon",
        "coordinates": [
          [
            [
              1150405.3958214838,
              523002.67890050355
            ],
            [
              1153603.387496329,
              513386.65925311856
            ],
            [
              1146178.4431389158,
              485753.57544496935
            ],
            [
              1148476.6743239965,
              469424.84872925654
            ],
            [
              1148656.2968939925,
              451305.9249560451
            ],
            [
              1157411.7332525183,
              438629.98908987734
            ],
            [
              1159427.0613138392,
              439814.08579842653
            ],
            [
              1160822.7617123134,
              432855.77330373693
            ],
            [
              1165708.4373515774,
              427214.6677212687
            ],
            [
              1163750.5715208442,
              417806.23557741754
            ],
            [
              1169046.1228535369,
              404903.242357227
            ],
            [
              1163034.6119781677,
              392748.17006750405
            ],
            [
              1150069.0846116615,
              383151.2548104534
            ],
            [
              1155949.6792017682,
              351444.160484978
            ],
            [
              1154357.8663658071,
              340366.1124400487
            ],
            [
              1148373.1500918686,
              338309.5264194971
            ],
            [
              1131980.76463398,
              346195.9110341454
            ],
            [
              1118003.1306985696,
              344633.5704288725
            ],
            [
              1109435.3491679009,
              341143.83726609405
            ],
            [
              1102365.9519169976,
              338265.525760863
            ],
            [
              1087318.2279842463,
              357536.3611463336
            ],
            [
              1076922.398073423,
              360538.47598331794
            ],
            [
              1073838.2482777128,
              367923.64903974906
            ],
            [
              1084908.7902976526,
              391289.6286915336
            ],
            [
              1081015.0034926885,
              404172.7459411416
            ],
            [
              1061573.2795136583,
              395908.03294557426
            ],
            [
              1029306.2118010044,
              403750.06481670495
            ],
            [
              1017151.8329397936,
              399851.24940118287
            ],
            [
              1002660.4421885363,
              403290.0200294098
            ],
            [
              1006316.4171653241,
              413091.07869540155
            ],
            [
              1022956.510976762,
              431360.72773092147
            ],
            [
              1037540.8461557374,
              431820.10026759
            ],
            [
              1034917.7242500402,
              437108.4991743779
            ],
            [
              1038186.3322231093,
              443306.8182667475
            ],
            [
              1053673.9903381926,
              467119.46687632427
            ],
            [
              1039045.9969907533,
              460323.1137988586
            ],
            [
              1037644.7772606148,
              476409.3056871677
            ],
            [
              1040813.4722058291,
              493891.1255187923
            ],
            [
              1062806.1684776787,
              507189.0608588569
            ],
            [
              1059607.230030566,
              526349.8936269088
            ],
            [
              1074081.4690086294,
              529128.2293810733
            ],
            [
              1082961.8040547215,
              519944.74484275933
            ],
            [
              1091967.8399566123,
              524995.825031193
            ],
            [
              1095299.644895155,
              532469.8077303832
            ],
            [
              1098698.4105111666,
              526987.4593385449
            ],
            [
              1109435.3491679009,
              529242.6266710749
            ],
            [
              1122830.779606108,
              532057.0602020435
            ],
            [
              1130706.5486429576,
              528153.6669602757
            ],
            [
              1130001.9302186836,
              537579.2835283186
            ],
            [
              1131980.76463398,
              539340.8536778428
            ],
            [
              1139062.551966841,
              545648.2496342659
            ],
            [
              1149581.3311383068,
              531830.8486499321
            ],
            [
              1150405.3958214838,
              523002.67890050355
            ]
          ]
        ]
      },
      "properties": {
        "name": "Gloucestershire"
      }
    },
    {
      "type": "Feature",
      "geometry": {
        "type": "MultiPolygon",
        "coordinates": [
          [
            [
              [
                1084908.7902976526,
                391289.6286915336
              ],
              [
                1073838.2482777128,
                367923.64903974906
              ],
              [
                1076922.398073423,
                360538.47598331794
              ],
              [
                1087318.2279842463,
                357536.3611463336
              ],
              [
                1102365.9519169976,
                338265.525760863
              ],
              [
                1109435.3491679009,
                341143.83726609405
              ],
              [
                1118003.1306985696,
                344633.5704288725
              ],
              [
                1130788.259375594,
                331936.12436576746
              ],
              [
                1137269.0656169173,
                307875.75410788506
              ],
              [
                1147475.8007822766,
                299975.9961988665
              ],
              [
                1142057.213248423,
                297322.74344185647
              ],
              [
                1131980.76463398,
                295678.270681208
              ],
              [
                1121145.212381809,
                293910.2786815064
              ],
              [
                1109435.3491679009,
                296854.5870952392
              ],
              [
                1117541.5380847927,
                286277.4128789995
              ],
              [
                1115930.8650554195,
                276465.93154506106
              ],
              [
                1070504.115092021,
                281487.8960945802
              ],
              [
                1058311.3033992557,
                275419.0377394641
              ],
              [
                1027569.014374235,
                294930.3686884176
              ],
              [
                1007684.6247665092,
                296754.63951207045
              ],
              [
                1008333.893358858,
                305069.54711849615
              ],
              [
                1012796.6203889642,
                310328.4372691931
              ],
              [
                1006960.9367568621,
                314860.91959756985
              ],
              [
                994480.991131774,
                328093.0938477414
              ],
              [
                985717.9198146528,
                329345.89298322424
              ],
              [
                982979.4877257323,
                331245.4942399785
              ],
              [
                954858.2955935516,
                350778.1251024548
              ],
              [
                936784.0751199351,
                349859.2158015119
              ],
              [
                911303.9941231632,
                370036.15980576165
              ],
              [
                910608.6214505157,
                375846.5662716534
              ],
              [
                918770.4616525162,
                379172.2367792707
              ],
              [
                921638.7215447295,
                387767.9034929639
              ],
              [
                948392.8542249466,
                384767.0977227064
              ],
              [
                967109.6960701526,
                378463.1465586247
              ],
              [
                982979.4877257323,
                381082.04743893817
              ],
              [
                993962.4643870604,
                382894.9962157095
              ],
              [
                998964.2406892471,
                386670.99411035795
              ],
              [
                1002660.4421885363,
                403290.0200294098
              ],
              [
                1017151.8329397936,
                399851.24940118287
              ],
              [
                1029306.2118010044,
                403750.06481670495
              ],
              [
                1061573.2795136583,
                395908.03294557426
              ],
              [
                1081015.0034926885,
                404172.7459411416
              ],
              [
                1084908.7902976526,
                391289.6286915336
              ]
            ]
          ],
          [
            [
              [
                1064082.7100441789,
                260766.07823050674
              ],
              [
                1061480.7280437353,
                262339.24990435224
              ],
              [
                1063443.9885283061,
                272229.2960530147
              ],
              [
                1068049.5376858658,
                267635.5594274122
              ],
              [
                1064082.7100441789,
                260766.07823050674
              ]
            ]
          ]
        ]
      },
      "properties": {
        "name": "Dorset"
      }
    },
    {
      "type": "Feature",
      "geometry": {
        "type": "MultiPolygon",
        "coordinates": [
          [
            [
              [
                866114.759655459,
                230075.58450501692
              ],
              [
                852449.1997824197,
                233618.32941287663
              ],
              [
                810425.823282709,
                229189.81436778046
              ],
              [
                800435.4278629163,
                211264.78286186326
              ],
              [
                780345.7941685643,
                200524.29310232867
              ],
              [
                774442.2549616162,
                202046.6164069306
              ],
              [
                769559.5504395581,
                177234.67790992558
              ],
              [
                757701.0250550784,
                166956.53371064924
              ],
              [
                746294.478733153,
                181640.35223492607
              ],
              [
                725493.5724919634,
                191770.58276311774
              ],
              [
                712997.796010768,
                180836.56233359687
              ],
              [
                702208.5393084271,
                181964.26045218855
              ],
              [
                706187.3506046246,
                199935.8516786825
              ],
              [
                719740.3557857991,
                208036.00090055726
              ],
              [
                732050.691027212,
                207386.7890452426
              ],
              [
                747178.968749129,
                218080.71647729445
              ],
              [
                772887.3328483056,
                247931.46220810432
              ],
              [
                779060.0842174813,
                265519.3882262837
              ],
              [
                801462.0455953529,
                277297.3908312628
              ],
              [
                825513.7085047502,
                307153.82728321664
              ],
              [
                829779.9928124405,
                333768.4874197021
              ],
              [
                838569.0802737973,
                332521.91693209857
              ],
              [
                841690.5022840553,
                320391.4531876864
              ],
              [
                839998.2480979423,
                309416.8248863816
              ],
              [
                847732.3392603885,
                303894.5450635804
              ],
              [
                857047.9793791099,
                273911.5433017621
              ],
              [
                866855.9649001792,
                261190.5850679893
              ],
              [
                866195.7675168284,
                254099.21702424157
              ],
              [
                866114.759655459,
                230075.58450501692
              ]
            ]
          ],
          [
            [
              [
                636307.8617328198,
                155711.36634303816
              ],
              [
                631181.1822902971,
                160355.42982182838
              ],
              [
                628936.0951414418,
                158240.7204240067
              ],
              [
                625890.9299880007,
                162010.00725624245
              ],
              [
                627712.4966794848,
                165945.7769712815
              ],
              [
                638778.2566367398,
                165833.6453041844
              ],
              [
                636307.8617328198,
                155711.36634303816
              ]
            ]
          ]
        ]
      },
      "properties": {
        "name": "Cornwall"
      }
    },
    {
      "type": "Feature",
      "geometry": {
        "type": "Polygon",
        "coordinates": [
          [
            [
              936784.0751199351,
              349859.2158015119
            ],
            [
              954858.2955935516,
              350778.1251024548
            ],
            [
              982979.4877257323,
              331245.4942399785
            ],
            [
              985717.9198146528,
              329345.89298322424
            ],
            [
              994480.991131774,
              328093.0938477414
            ],
            [
              1006960.9367568621,
              314860.91959756985
            ],
            [
              1012796.6203889642,
              310328.4372691931
            ],
            [
              1008333.893358858,
              305069.54711849615
            ],
            [
              1007684.6247665092,
              296754.63951207045
            ],
            [
              982979.4877257323,
              290797.2926675165
            ],
            [
              976065.3095860509,
              289130.7925526425
            ],
            [
              961484.693813897,
              279639.92342235893
            ],
            [
              952459.8721913369,
              285945.03681969363
            ],
            [
              945210.4010812236,
              261350.7797053801
            ],
            [
              940442.8300783545,
              245330.5688578179
            ],
            [
              945387.9000092866,
              237309.3876404278
            ],
            [
              931780.01420784,
              223231.28392715473
            ],
            [
              928799.8486163954,
              210170.64734586794
            ],
            [
              923165.8557527834,
              207531.41276991647
            ],
            [
              908263.2144010668,
              211472.81094404683
            ],
            [
              897988.5159035957,
              224973.25603540055
            ],
            [
              886667.076338008,
              223264.42274599057
            ],
            [
              876832.348201703,
              231693.09316531476
            ],
            [
              869439.9013432415,
              237477.82466010936
            ],
            [
              869734.7287882147,
              245240.1450988669
            ],
            [
              866195.7675168284,
              254099.21702424157
            ],
            [
              866855.9649001792,
              261190.5850679893
            ],
            [
              857047.9793791099,
              273911.5433017621
            ],
            [
              847732.3392603885,
              303894.5450635804
            ],
            [
              839998.2480979423,
              309416.8248863816
            ],
            [
              841690.5022840553,
              320391.4531876864
            ],
            [
              838569.0802737973,
              332521.91693209857
            ],
            [
              829779.9928124405,
              333768.4874197021
            ],
            [
              833531.1863628295,
              349373.12093685847
            ],
            [
              851323.8383220646,
              345150.0769961104
            ],
            [
              862117.4750010833,
              351844.374370303
            ],
            [
              865707.8328153355,
              358943.7493040459
            ],
            [
              867517.3683188893,
              380187.8643695442
            ],
            [
              921638.7215447295,
              387767.9034929639
            ],
            [
              918770.4616525162,
              379172.2367792707
            ],
            [
              910608.6214505157,
              375846.5662716534
            ],
            [
              911303.9941231632,
              370036.15980576165
            ],
            [
              936784.0751199351,
              349859.2158015119
            ]
          ]
        ]
      },
      "properties": {
        "name": "Devon"
      }
    },
    {
      "type": "Feature",
      "properties": {
        "name": "Wales"
      },
      "geometry": {
        "type": "MultiPolygon",
        "coordinates": [
          [
            [
              [
                1025317.8907033438,
                690665.2587531591
              ],
              [
                1004357.0253670127,
                700939.9761683522
              ],
              [
                985458.0186372702,
                687844.1490620263
              ],
              [
                985029.2021551216,
                671427.0632134499
              ],
              [
                1001568.7583250541,
                659651.7105544014
              ],
              [
                987747.6323579394,
                629120.8564423798
              ],
              [
                990608.3015967084,
                623954.5131151043
              ],
              [
                1000012.7320337165,
                628303.1019894863
              ],
              [
                1001122.2946979795,
                622239.4842725918
              ],
              [
                982979.4877257323,
                609049.7489971062
              ],
              [
                977180.542976499,
                604838.5015670191
              ],
              [
                982979.4877257323,
                599622.4281816743
              ],
              [
                993896.2157090614,
                589812.1375876013
              ],
              [
                1006916.0750020724,
                588662.5148774441
              ],
              [
                997842.1679406066,
                571542.6839459306
              ],
              [
                989269.1069717662,
                555700.3232262358
              ],
              [
                988799.1955637515,
                539703.3780893348
              ],
              [
                994377.2145383591,
                522218.0276997648
              ],
              [
                1005653.3811349527,
                509575.55997911
              ],
              [
                1016619.2852825797,
                511910.30992254615
              ],
              [
                1029956.7268376834,
                497558.2780061923
              ],
              [
                1040813.4722058291,
                493891.1255187923
              ],
              [
                1037644.7772606148,
                476409.3056871677
              ],
              [
                1039045.9969907533,
                460323.1137988586
              ],
              [
                1033278.4855261401,
                450556.3005671548
              ],
              [
                992670.6310847478,
                435698.7996856449
              ],
              [
                982979.4877257323,
                421541.6863732645
              ],
              [
                981149.8776444448,
                418871.69259435683
              ],
              [
                948392.8542249466,
                416209.5014777547
              ],
              [
                939629.8462486102,
                418685.17569680326
              ],
              [
                930869.6676797795,
                429966.37107939646
              ],
              [
                922239.9555541519,
                432579.20086708665
              ],
              [
                911033.4354403771,
                451591.9789656587
              ],
              [
                903220.7448137393,
                456376.0163518721
              ],
              [
                868755.5987260365,
                442893.3550021285
              ],
              [
                857880.4195181314,
                449652.8165001916
              ],
              [
                860233.5145142497,
                458220.0576475635
              ],
              [
                876058.042885636,
                460298.4317874741
              ],
              [
                884706.087105002,
                471790.3401455488
              ],
              [
                871270.3235002194,
                464455.4542134553
              ],
              [
                856822.7350761609,
                467238.4423347665
              ],
              [
                845673.6114031543,
                480938.3947783485
              ],
              [
                824557.1773010769,
                478062.67832975276
              ],
              [
                815665.2964200403,
                474452.00829386245
              ],
              [
                807710.5291725907,
                462833.53099576477
              ],
              [
                781772.0247166186,
                454614.0322249923
              ],
              [
                757917.1038677527,
                474516.8613411868
              ],
              [
                758764.5159216883,
                480769.7344636321
              ],
              [
                765963.6773011383,
                487875.9718807284
              ],
              [
                764203.0768438588,
                497465.2026452832
              ],
              [
                747680.2462047867,
                501254.6415875936
              ],
              [
                745698.6478378552,
                505618.4171131691
              ],
              [
                766548.1445915,
                519201.00051329937
              ],
              [
                772767.3516992554,
                528821.9507946074
              ],
              [
                793246.1115792337,
                530022.8625519741
              ],
              [
                815076.491009123,
                548262.2726634154
              ],
              [
                834817.8161468569,
                551789.632378296
              ],
              [
                863865.6119055338,
                570782.0205885032
              ],
              [
                877137.2003007892,
                590228.1079060463
              ],
              [
                885384.9181466051,
                618417.455820634
              ],
              [
                898235.4683978043,
                625989.9249259531
              ],
              [
                883604.4928012083,
                624512.197890332
              ],
              [
                877367.9810786133,
                634936.0945988642
              ],
              [
                877993.9795559158,
                642077.6339404844
              ],
              [
                883189.0008168281,
                650094.7201992972
              ],
              [
                883964.7188885564,
                653967.577890221
              ],
              [
                881368.2821572293,
                661423.3440644396
              ],
              [
                874631.2901378485,
                672426.0432823924
              ],
              [
                876647.5157682231,
                680330.4327387353
              ],
              [
                873003.2613979918,
                690752.2445518607
              ],
              [
                864876.9308890393,
                692742.3923426867
              ],
              [
                846208.0498219195,
                687887.3068481572
              ],
              [
                838167.7631567776,
                682183.8267641459
              ],
              [
                835445.3011846432,
                677466.4511675378
              ],
              [
                834543.1941913362,
                671020.1497433707
              ],
              [
                831967.4956132274,
                668617.3004272208
              ],
              [
                824279.7566622341,
                675139.2778104441
              ],
              [
                808823.1865187039,
                669230.3933410347
              ],
              [
                806897.8447922801,
                671318.7558375113
              ],
              [
                810511.3743151379,
                681061.9096031962
              ],
              [
                818090.5434780796,
                690021.2914307164
              ],
              [
                826596.9383208347,
                696328.694729249
              ],
              [
                832851.9993215015,
                697810.5214999821
              ],
              [
                850188.5967003002,
                713550.5774737839
              ],
              [
                852625.7601758672,
                719118.2386059305
              ],
              [
                853310.8415842263,
                729606.5826251581
              ],
              [
                865529.1181671104,
                741196.3603172312
              ],
              [
                868982.4145262346,
                747146.8706920473
              ],
              [
                875965.3068480002,
                751308.8455646159
              ],
              [
                882855.1716976969,
                751203.2157322317
              ],
              [
                889734.8337820973,
                753942.9631515415
              ],
              [
                905639.1252403131,
                762730.1622433253
              ],
              [
                908896.1157999958,
                769306.7906143144
              ],
              [
                932998.1754919016,
                762514.7098784009
              ],
              [
                948392.8542249466,
                769114.0992885912
              ],
              [
                961422.7490813702,
                773519.5018960815
              ],
              [
                982979.4877257323,
                761123.7146750689
              ],
              [
                992503.0952511041,
                755653.4932557428
              ],
              [
                1007140.9930276007,
                746741.751412644
              ],
              [
                1008886.8452108183,
                740906.0163709456
              ],
              [
                1006124.657319925,
                734069.9704139223
              ],
              [
                1012446.5827066945,
                727523.4714797456
              ],
              [
                1019314.5562445696,
                709799.2891099174
              ],
              [
                1032285.2860161546,
                705047.243352103
              ],
              [
                1031545.6467027171,
                696000.586945964
              ],
              [
                1025317.8907033438,
                690665.2587531591
              ]
            ]
          ],
          [
            [
              [
                884333.2154574655,
                765336.2953548059
              ],
              [
                880837.1345652457,
                757031.932212349
              ],
              [
                866754.2388117784,
                746187.3766982406
              ],
              [
                866172.3247452629,
                742618.6445065774
              ],
              [
                852886.4010712616,
                732282.4451885317
              ],
              [
                841556.0588407154,
                737170.086468677
              ],
              [
                839299.6975877912,
                741525.7411308168
              ],
              [
                834311.2340948265,
                742819.1543380311
              ],
              [
                835070.845460755,
                746484.0231205234
              ],
              [
                828903.7191767683,
                754175.3982117977
              ],
              [
                822563.6355772945,
                753598.7682068674
              ],
              [
                821759.8568675685,
                759604.307334207
              ],
              [
                814249.9492446424,
                760672.6475977283
              ],
              [
                814072.9619409506,
                765329.8087688889
              ],
              [
                817809.4568657711,
                768028.6996031161
              ],
              [
                826528.1315209328,
                761712.7334124483
              ],
              [
                828640.1304299361,
                777652.1423442429
              ],
              [
                826495.5674529313,
                782693.8185856119
              ],
              [
                834130.188416463,
                784241.0680956645
              ],
              [
                843053.751937767,
                787914.7897598632
              ],
              [
                857623.1612881017,
                784994.345295961
              ],
              [
                859330.2942147193,
                778087.9632986095
              ],
              [
                864942.7165892746,
                774452.770494639
              ],
              [
                868034.2045658175,
                763009.2337494353
              ],
              [
                877428.4089717588,
                767389.5396390883
              ],
              [
                884333.2154574655,
                765336.2953548059
              ]
            ]
          ]
        ]
      }
    },
    {
      "type": "Feature",
      "geometry": {
        "type": "Polygon",
        "coordinates": [
          [
            [
              1043983.7749384487,
              1442769.9664782407
            ],
            [
              1036951.325294455,
              1466598.3699252577
            ],
            [
              1014534.3390135891,
              1481490.6152822794
            ],
            [
              995073.147036728,
              1477644.7187965196
            ],
            [
              988548.1377180428,
              1464981.2384821353
            ],
            [
              982979.4877257323,
              1466101.9307590295
            ],
            [
              971279.2572100088,
              1468457.142519462
            ],
            [
              960452.5997191074,
              1459699.1160054533
            ],
            [
              946330.326922165,
              1461023.9704777515
            ],
            [
              935598.4409457962,
              1470255.949655407
            ],
            [
              912638.6520335841,
              1472190.01917559
            ],
            [
              916053.92343577,
              1485249.2078957567
            ],
            [
              921640.598725301,
              1500827.4115041178
            ],
            [
              960609.3924426581,
              1506892.671911993
            ],
            [
              965367.7065619426,
              1522367.1680452125
            ],
            [
              978432.7859471907,
              1536508.2724655075
            ],
            [
              982979.4877257323,
              1538101.1779169207
            ],
            [
              1003480.7453861209,
              1545287.8105201963
            ],
            [
              1005468.4998322164,
              1553144.265162102
            ],
            [
              1001731.312722801,
              1575071.551063329
            ],
            [
              1003348.5082950923,
              1582988.8192363894
            ],
            [
              1018689.5541880272,
              1593943.279837845
            ],
            [
              1032816.030742903,
              1595176.8879590267
            ],
            [
              1026036.8695645749,
              1609278.3545484953
            ],
            [
              1023971.3341865098,
              1628707.7885200717
            ],
            [
              1055838.3072927962,
              1623499.8972343728
            ],
            [
              1104379.6740833432,
              1628228.9729632493
            ],
            [
              1120759.2067041474,
              1623421.0891255792
            ],
            [
              1132870.038605065,
              1605622.1775532756
            ],
            [
              1135416.4737380731,
              1578304.9845105587
            ],
            [
              1110052.4561122027,
              1536975.8821207872
            ],
            [
              1104867.444365947,
              1508248.0761673683
            ],
            [
              1087074.8380477016,
              1460377.8109256998
            ],
            [
              1065845.60780178,
              1435383.5722054113
            ],
            [
              1043983.7749384487,
              1442769.9664782407
            ]
          ]
        ]
      },
      "properties": {
        "name": "North Eastern Scotland"
      }
    },
    {
      "type": "Feature",
      "geometry": {
        "type": "Polygon",
        "coordinates": [
          [
            [
              1043983.7749384487,
              1442769.9664782407
            ],
            [
              1065845.60780178,
              1435383.5722054113
            ],
            [
              1055066.9212190527,
              1400707.4918572074
            ],
            [
              1031155.1706569453,
              1378211.4691026807
            ],
            [
              996098.7704634776,
              1375375.3905794062
            ],
            [
              982979.4877257323,
              1363899.995721315
            ],
            [
              971266.0513788125,
              1353668.80207673
            ],
            [
              982979.4877257323,
              1359236.4206633056
            ],
            [
              1013817.815526369,
              1373913.8492630152
            ],
            [
              1022956.1545317506,
              1370734.7760340981
            ],
            [
              1019649.6764471566,
              1355864.8002873575
            ],
            [
              1038536.190347041,
              1347327.593971407
            ],
            [
              1045952.7358715107,
              1338336.9223901266
            ],
            [
              1035506.6997571441,
              1327795.0036230553
            ],
            [
              1023241.5423065483,
              1321332.160033729
            ],
            [
              1005815.6701470368,
              1324488.8682477325
            ],
            [
              986559.863632567,
              1307088.3207236994
            ],
            [
              982979.4877257323,
              1300047.712615652
            ],
            [
              981400.3060897584,
              1296944.3894046545
            ],
            [
              957421.5671316246,
              1287760.9250589656
            ],
            [
              937941.5823096461,
              1294151.8044119347
            ],
            [
              926589.6806106828,
              1293683.1655268269
            ],
            [
              912763.4064510774,
              1304704.1328177946
            ],
            [
              906235.7584151824,
              1305822.9935768768
            ],
            [
              910576.4028068865,
              1303311.108785348
            ],
            [
              922244.322729097,
              1290835.3446135474
            ],
            [
              944465.2840695919,
              1284003.8784844466
            ],
            [
              954527.8424606167,
              1282365.8955156785
            ],
            [
              982979.4877257323,
              1280044.705051587
            ],
            [
              993231.9596170775,
              1272989.9130526837
            ],
            [
              1011386.1264094,
              1279727.4404720487
            ],
            [
              1019203.3802445973,
              1292862.3668366158
            ],
            [
              1027431.0732724913,
              1295923.403100594
            ],
            [
              1041312.889735431,
              1294330.9214585721
            ],
            [
              1072382.5665998938,
              1272834.4540934963
            ],
            [
              1062596.4028159664,
              1262419.6367776478
            ],
            [
              1052705.7851708347,
              1264982.856174796
            ],
            [
              1049080.345130383,
              1251067.8277623719
            ],
            [
              1005602.2784755512,
              1245626.2401111117
            ],
            [
              987533.436737089,
              1228647.4194635553
            ],
            [
              982979.4877257323,
              1237472.7660877565
            ],
            [
              980646.4812222822,
              1241997.94035134
            ],
            [
              971785.5374748957,
              1239922.339368892
            ],
            [
              960796.6882651539,
              1248638.2442688337
            ],
            [
              957932.6604060228,
              1247772.6809602752
            ],
            [
              949375.0302110293,
              1238114.807745573
            ],
            [
              934913.0046508948,
              1244946.0989291463
            ],
            [
              919052.881093091,
              1240299.9440957988
            ],
            [
              921059.5870145711,
              1246460.6298830882
            ],
            [
              918224.4334276037,
              1256357.0602210285
            ],
            [
              910309.3473484735,
              1262996.73021405
            ],
            [
              888316.0668719371,
              1289159.1767321369
            ],
            [
              873592.8953598808,
              1285175.7723388933
            ],
            [
              860868.6976287859,
              1286834.1678252565
            ],
            [
              855025.1807780768,
              1276363.5946427193
            ],
            [
              844717.6619551319,
              1279955.7955113314
            ],
            [
              824863.3754754374,
              1301584.7052710354
            ],
            [
              814607.6710887208,
              1321583.3663663156
            ],
            [
              812839.8636962861,
              1330506.188202329
            ],
            [
              814607.6710887208,
              1337786.2852397729
            ],
            [
              814607.6710887208,
              1343627.7162773898
            ],
            [
              812808.8380636466,
              1348433.8097543102
            ],
            [
              803079.7903066939,
              1348296.1247905735
            ],
            [
              798738.9573397676,
              1357890.330395788
            ],
            [
              799740.5153850431,
              1364543.7100972412
            ],
            [
              814607.6710887208,
              1376242.8935687207
            ],
            [
              816390.5228650509,
              1392324.3511252524
            ],
            [
              823916.7930059697,
              1401517.3842415102
            ],
            [
              814607.6710887208,
              1413114.499628405
            ],
            [
              812467.8080206185,
              1413080.112161588
            ],
            [
              811474.6530384268,
              1417647.8185378313
            ],
            [
              814607.6710887208,
              1419157.5723576955
            ],
            [
              822622.2963848449,
              1423021.058254188
            ],
            [
              832628.2689636204,
              1445590.368097948
            ],
            [
              842147.5270138576,
              1442186.8889143812
            ],
            [
              871497.2938118691,
              1464677.4902807418
            ],
            [
              887296.8024597866,
              1463870.5155811198
            ],
            [
              897386.3195371714,
              1471855.6811757553
            ],
            [
              912638.6520335841,
              1472190.01917559
            ],
            [
              935598.4409457962,
              1470255.949655407
            ],
            [
              946330.326922165,
              1461023.9704777515
            ],
            [
              960452.5997191074,
              1459699.1160054533
            ],
            [
              971279.2572100088,
              1468457.142519462
            ],
            [
              982979.4877257323,
              1466101.9307590295
            ],
            [
              988548.1377180428,
              1464981.2384821353
            ],
            [
              995073.147036728,
              1477644.7187965196
            ],
            [
              1014534.3390135891,
              1481490.6152822794
            ],
            [
              1036951.325294455,
              1466598.3699252577
            ],
            [
              1043983.7749384487,
              1442769.9664782407
            ]
          ]
        ]
      },
      "properties": {
        "name": "Eastern Scotland"
      }
    },
    {
      "type": "Feature",
      "properties": {
        "name": "Southern Scotland"
      },
      "geometry": {
        "type": "Polygon",
        "coordinates": [
          [
            [
              1078992.3477145745,
              1211463.7509488529
            ],
            [
              1090891.486456799,
              1174859.1994155468
            ],
            [
              1076986.3918638197,
              1166146.2828022456
            ],
            [
              1072825.2977957546,
              1157247.966215008
            ],
            [
              1060199.929619909,
              1155516.6712487834
            ],
            [
              1050299.1042001164,
              1147679.7241729107
            ],
            [
              1038336.8533178589,
              1127092.3201512396
            ],
            [
              1036412.1778385844,
              1123784.9863142706
            ],
            [
              1017626.234530784,
              1108076.2998517444
            ],
            [
              999220.7380505549,
              1096007.9773830855
            ],
            [
              995481.5685636543,
              1084462.119760421
            ],
            [
              982979.4877257323,
              1080451.4150363943
            ],
            [
              939980.4937390494,
              1082161.1515006693
            ],
            [
              934973.381003117,
              1064382.4339851672
            ],
            [
              911428.5784444826,
              1058687.2097114297
            ],
            [
              890820.6900702481,
              1043352.048994856
            ],
            [
              882531.4234490143,
              1048202.5113479225
            ],
            [
              874964.0404597942,
              1045005.4586480036
            ],
            [
              863108.7583686763,
              1057068.3898930103
            ],
            [
              847294.0697497211,
              1063386.8540051887
            ],
            [
              845305.9420493781,
              1056661.5312406616
            ],
            [
              851008.4289051152,
              1039319.7786240513
            ],
            [
              849593.0747165813,
              1031046.6790678417
            ],
            [
              844658.2062151013,
              1026797.052797595
            ],
            [
              814607.6710887208,
              1049074.2044143323
            ],
            [
              798264.604729351,
              1058457.6202713288
            ],
            [
              787244.4226451716,
              1052100.386511271
            ],
            [
              786031.0425332357,
              1047110.5176324816
            ],
            [
              792020.4678442735,
              1025180.3700907845
            ],
            [
              786755.5691126055,
              1021262.539253993
            ],
            [
              777820.6504466395,
              1043227.6219491856
            ],
            [
              761147.2478398044,
              1067920.528293278
            ],
            [
              760019.1655084507,
              1082207.4240333876
            ],
            [
              765091.6076460297,
              1089056.2378463186
            ],
            [
              769499.3072254501,
              1086662.3806195874
            ],
            [
              773537.7452484174,
              1072197.5677429643
            ],
            [
              778730.5717342432,
              1071391.4113573441
            ],
            [
              774758.2194175428,
              1086563.4913600534
            ],
            [
              773642.057845182,
              1094375.0295455381
            ],
            [
              779627.1064078046,
              1111862.0331839444
            ],
            [
              790794.2918908308,
              1127092.3201512396
            ],
            [
              794351.6586155128,
              1131950.2871097717
            ],
            [
              797969.0829847124,
              1151066.0023627328
            ],
            [
              807281.0879654574,
              1167339.336378431
            ],
            [
              814607.6710887208,
              1173380.1920700548
            ],
            [
              819177.1433804263,
              1177150.1637885273
            ],
            [
              817277.3668429786,
              1198482.3458551643
            ],
            [
              814607.6710887208,
              1200731.4245392242
            ],
            [
              801785.9703967539,
              1211542.1628636783
            ],
            [
              790967.5980815955,
              1224526.7754504206
            ],
            [
              794806.8939958168,
              1237167.3726051627
            ],
            [
              791596.628233912,
              1258668.763824514
            ],
            [
              793590.6200223946,
              1271374.9292710815
            ],
            [
              798693.3705611383,
              1275224.836040493
            ],
            [
              814607.6710887208,
              1272164.4555393206
            ],
            [
              834300.0883421334,
              1268379.2122411206
            ],
            [
              850807.3086490117,
              1258584.0339858755
            ],
            [
              846873.1562834908,
              1261623.7443320677
            ],
            [
              838016.5000062971,
              1268801.1364549398
            ],
            [
              834300.0883421334,
              1269545.490698385
            ],
            [
              814607.6710887208,
              1280432.8197890734
            ],
            [
              806409.710940217,
              1284969.7631241167
            ],
            [
              795705.4329768055,
              1283432.383771426
            ],
            [
              793907.6151854891,
              1297810.6214120248
            ],
            [
              807216.478466957,
              1324138.1568335108
            ],
            [
              807476.9363531076,
              1329650.810864592
            ],
            [
              797919.6278537718,
              1341330.789995553
            ],
            [
              803079.7903066939,
              1348296.1247905735
            ],
            [
              812808.8380636466,
              1348433.8097543102
            ],
            [
              814607.6710887208,
              1343627.7162773898
            ],
            [
              814607.6710887208,
              1337786.2852397729
            ],
            [
              812839.8636962861,
              1330506.188202329
            ],
            [
              814607.6710887208,
              1321583.3663663156
            ],
            [
              824863.3754754374,
              1301584.7052710354
            ],
            [
              844717.6619551319,
              1279955.7955113314
            ],
            [
              855025.1807780768,
              1276363.5946427193
            ],
            [
              860868.6976287859,
              1286834.1678252565
            ],
            [
              873592.8953598808,
              1285175.7723388933
            ],
            [
              888316.0668719371,
              1289159.1767321369
            ],
            [
              910309.3473484735,
              1262996.73021405
            ],
            [
              918224.4334276037,
              1256357.0602210285
            ],
            [
              921059.5870145711,
              1246460.6298830882
            ],
            [
              919052.881093091,
              1240299.9440957988
            ],
            [
              934913.0046508948,
              1244946.0989291463
            ],
            [
              949375.0302110293,
              1238114.807745573
            ],
            [
              957932.6604060228,
              1247772.6809602752
            ],
            [
              960796.6882651539,
              1248638.2442688337
            ],
            [
              971785.5374748957,
              1239922.339368892
            ],
            [
              980646.4812222822,
              1241997.94035134
            ],
            [
              982979.4877257323,
              1237472.7660877565
            ],
            [
              987533.436737089,
              1228647.4194635553
            ],
            [
              1005602.2784755512,
              1245626.2401111117
            ],
            [
              1049080.345130383,
              1251067.8277623719
            ],
            [
              1052705.7851708347,
              1264982.856174796
            ],
            [
              1062596.4028159664,
              1262419.6367776478
            ],
            [
              1072382.5665998938,
              1272834.4540934963
            ],
            [
              1095699.1807890083,
              1267518.1723968992
            ],
            [
              1109373.4211332933,
              1246054.0292443633
            ],
            [
              1078992.3477145745,
              1211463.7509488529
            ]
          ]
        ]
      }
    },
    {
      "type": "Feature",
      "geometry": {
        "type": "MultiPolygon",
        "coordinates": [
          [
            [
              [
                664200.1876710998,
                1117865.3595460318
              ],
              [
                663162.9197803353,
                1099808.175585404
              ],
              [
                670529.8915072894,
                1097997.0910839718
              ],
              [
                671167.0135847128,
                1085419.1864148937
              ],
              [
                689649.9231973162,
                1056685.6903890166
              ],
              [
                697158.5223709461,
                1056148.0060914177
              ],
              [
                701054.9881907757,
                1048335.7378168805
              ],
              [
                696737.1007312501,
                1036228.449496801
              ],
              [
                682573.3245772367,
                1026834.2145708892
              ],
              [
                677609.3658437806,
                1018993.3476456916
              ],
              [
                684020.8675757595,
                1016248.9245364275
              ],
              [
                695721.0213923651,
                1023624.9593143696
              ],
              [
                717966.0328635694,
                1020148.1637426475
              ],
              [
                720584.044314087,
                1012962.6296403129
              ],
              [
                730332.7701287514,
                986263.6270446172
              ],
              [
                726627.9634101775,
                968830.9410428517
              ],
              [
                723138.4602753479,
                960756.831059373
              ],
              [
                719610.305009564,
                964089.9320084155
              ],
              [
                715642.3088471818,
                972229.1572064143
              ],
              [
                719367.6464420783,
                982166.3330882369
              ],
              [
                717352.3986421096,
                993502.2336227186
              ],
              [
                704372.6165921707,
                1004917.6071943333
              ],
              [
                702420.6639414721,
                997808.4350062655
              ],
              [
                709049.8529414509,
                986387.6396280089
              ],
              [
                707319.8143598101,
                982713.4980205856
              ],
              [
                709975.1130530088,
                969998.1273202468
              ],
              [
                717549.2067150905,
                960475.5646907538
              ],
              [
                716406.5512152428,
                949660.2663214281
              ],
              [
                709789.948887445,
                943117.3675225182
              ],
              [
                686674.8648327928,
                943172.4500283655
              ],
              [
                681109.3336786596,
                935232.5833764644
              ],
              [
                679587.9116076336,
                924056.8351655882
              ],
              [
                678340.4486958847,
                914905.3080042889
              ],
              [
                662535.9365708155,
                901527.309655699
              ],
              [
                638081.5957749443,
                914700.1754744714
              ],
              [
                601682.8496130608,
                903760.1646733526
              ],
              [
                594832.9257513896,
                908686.6576662445
              ],
              [
                595872.2732015585,
                924056.8351655882
              ],
              [
                596237.3227624354,
                929462.426578966
              ],
              [
                581482.7319920203,
                935232.5833764644
              ],
              [
                578977.3305591511,
                936212.8047914058
              ],
              [
                571711.3568911199,
                958073.9336196817
              ],
              [
                554589.1504988812,
                974510.7151587429
              ],
              [
                535612.561097188,
                959508.8137521092
              ],
              [
                534506.1412047864,
                952105.7600816069
              ],
              [
                539767.5992736346,
                939510.4292059625
              ],
              [
                532469.1842116805,
                935232.5833764644
              ],
              [
                526678.0156854758,
                924056.8351655882
              ],
              [
                516482.0250773742,
                918898.0479391767
              ],
              [
                494922.8591115136,
                920698.1927843932
              ],
              [
                489762.4239258381,
                924056.8351655882
              ],
              [
                478387.137341446,
                933479.0673159985
              ],
              [
                464385.23620232986,
                935232.5833764644
              ],
              [
                459571.0661926996,
                947876.1117849369
              ],
              [
                442111.81878005527,
                963346.6964212628
              ],
              [
                438254.8314157665,
                966768.4761554673
              ],
              [
                428684.95772890607,
                982215.1868124614
              ],
              [
                442111.81878005527,
                995056.8815383445
              ],
              [
                445367.2127956089,
                998173.5728514222
              ],
              [
                460900.96486092405,
                997506.1997609325
              ],
              [
                478294.0439682397,
                1011349.5605278825
              ],
              [
                474067.80517756566,
                1012962.6296403129
              ],
              [
                462168.86636514566,
                1017505.9989314647
              ],
              [
                456354.81756476813,
                1025046.4822478313
              ],
              [
                463336.8654168723,
                1034535.704033358
              ],
              [
                473864.6495558964,
                1030928.6382240662
              ],
              [
                494272.6899444923,
                1038966.1997500714
              ],
              [
                506232.19668997684,
                1060768.3136827154
              ],
              [
                506778.0440207188,
                1074369.8420624835
              ],
              [
                510368.12732110545,
                1077046.6533217682
              ],
              [
                512431.2487360034,
                1089400.466464121
              ],
              [
                518423.60442132025,
                1096808.7108944878
              ],
              [
                528092.0389381739,
                1100025.7299251668
              ],
              [
                540003.5584115287,
                1095428.5453077173
              ],
              [
                552162.1106404443,
                1098876.4197416548
              ],
              [
                562331.8317411522,
                1122446.1683689216
              ],
              [
                584381.3621790262,
                1120400.6568777869
              ],
              [
                598451.2266502604,
                1127092.3201512396
              ],
              [
                614417.5910810505,
                1134274.8837126335
              ],
              [
                654684.991780407,
                1128606.8173098564
              ],
              [
                657172.8110789444,
                1127092.3201512396
              ],
              [
                664200.1876710998,
                1117865.3595460318
              ]
            ]
          ],
          [
            [
              [
                637462.5229284381,
                1141454.0540480986
              ],
              [
                636471.0142501931,
                1145678.5224554157
              ],
              [
                638546.5374356105,
                1151110.700157186
              ],
              [
                642273.9961120789,
                1149619.047222184
              ],
              [
                643040.671924209,
                1143422.6774694072
              ],
              [
                637462.5229284381,
                1141454.0540480986
              ]
            ]
          ],
          [
            [
              [
                646360.7549203741,
                1134018.8873325307
              ],
              [
                644523.3583746658,
                1140078.586700568
              ],
              [
                646033.6146554874,
                1148057.0373023683
              ],
              [
                650612.1882061235,
                1147125.293199068
              ],
              [
                646360.7549203741,
                1134018.8873325307
              ]
            ]
          ]
        ]
      },
      "properties": {
        "name": "Ulster"
      }
    },
    {
      "type": "Feature",
      "geometry": {
        "type": "Polygon",
        "coordinates": [
          [
            [
              1157820.888040925,
              765930.83017305
            ],
            [
              1188372.410969648,
              769190.5924743079
            ],
            [
              1202285.3992277263,
              765956.3559358949
            ],
            [
              1212215.8071342793,
              783530.8492463734
            ],
            [
              1222471.4950457145,
              788465.1979289306
            ],
            [
              1231692.5021313413,
              801635.7879892103
            ],
            [
              1237246.652982614,
              794297.8570032055
            ],
            [
              1247065.7794696444,
              792762.795538283
            ],
            [
              1251510.9222503458,
              769470.3759568036
            ],
            [
              1249728.8366860675,
              756469.2552168779
            ],
            [
              1259739.0882747592,
              751606.5625390178
            ],
            [
              1253994.7812466768,
              744090.4654514184
            ],
            [
              1256649.6954423492,
              724022.4968707822
            ],
            [
              1247972.0400157939,
              710086.2251964621
            ],
            [
              1249202.3344564368,
              703870.802348827
            ],
            [
              1244555.413632763,
              700828.260389436
            ],
            [
              1226489.5780771489,
              676212.7461118512
            ],
            [
              1210831.924412951,
              673379.619232879
            ],
            [
              1202015.289051165,
              669774.2245906694
            ],
            [
              1199373.8982811915,
              670073.5285223024
            ],
            [
              1195317.060148268,
              673379.619232879
            ],
            [
              1194693.13165689,
              684747.3898755861
            ],
            [
              1185570.9447756708,
              682039.7618475156
            ],
            [
              1178986.021859884,
              673379.619232879
            ],
            [
              1164278.6465835625,
              663854.5090749292
            ],
            [
              1158000.2237405928,
              652915.6540909559
            ],
            [
              1147527.3625232563,
              659728.6608003946
            ],
            [
              1156167.7005395538,
              670200.2713172706
            ],
            [
              1156068.2966870563,
              677941.7307726713
            ],
            [
              1131974.3780121526,
              691310.9338426245
            ],
            [
              1132052.171411901,
              699976.6864893353
            ],
            [
              1138620.5544777487,
              712169.3936867388
            ],
            [
              1134841.791096995,
              730262.1911212141
            ],
            [
              1128063.7812961647,
              742040.4758836953
            ],
            [
              1114600.20518451,
              747746.3813102478
            ],
            [
              1109741.3877101166,
              776925.8539978955
            ],
            [
              1117274.7116105712,
              803008.1524436129
            ],
            [
              1123260.082331791,
              808357.623423283
            ],
            [
              1132988.7935699322,
              805117.043820912
            ],
            [
              1135295.110780186,
              797607.3828472188
            ],
            [
              1140855.6785321778,
              793618.5427589333
            ],
            [
              1142264.2197452383,
              787369.7226868551
            ],
            [
              1149581.3311383068,
              781802.2059231522
            ],
            [
              1157820.888040925,
              765930.83017305
            ]
          ]
        ]
      },
      "properties": {
        "name": "Derbyshire"
      }
    },
    {
      "type": "Feature",
      "geometry": {
        "type": "Polygon",
        "coordinates": [
          [
            [
              1263091.1811905014,
              664059.7582661407
            ],
            [
              1286446.4044299272,
              653294.8289874997
            ],
            [
              1280733.6915431232,
              641865.8553162701
            ],
            [
              1281952.8415669056,
              631450.5535903051
            ],
            [
              1289593.8324543403,
              630592.2758255741
            ],
            [
              1297128.0259826547,
              610273.9671965782
            ],
            [
              1281309.1683374534,
              592718.2261457862
            ],
            [
              1284034.5370841252,
              583870.6238449011
            ],
            [
              1277864.1771915713,
              581550.48632003
            ],
            [
              1274041.2490273602,
              572716.925124188
            ],
            [
              1264847.224116501,
              574183.949624314
            ],
            [
              1261461.6716787692,
              560605.8234489625
            ],
            [
              1259362.0713120173,
              560778.4711003089
            ],
            [
              1257307.172622624,
              559976.8586473493
            ],
            [
              1238858.4001337464,
              546274.3882922502
            ],
            [
              1242024.6873497006,
              538371.9214877281
            ],
            [
              1238842.052087293,
              532545.5033185324
            ],
            [
              1234933.1350711002,
              530939.9969470827
            ],
            [
              1225901.1631750013,
              539079.4241157966
            ],
            [
              1213690.5203262044,
              534503.227179179
            ],
            [
              1211372.1309624463,
              528054.7543993797
            ],
            [
              1203177.1443801874,
              521874.7492708834
            ],
            [
              1193974.593954809,
              523025.3951522717
            ],
            [
              1190505.7091934264,
              535664.0874972148
            ],
            [
              1193261.6154367758,
              546499.991446455
            ],
            [
              1187567.7936901941,
              555785.8284239965
            ],
            [
              1194447.3477946988,
              561660.7384027857
            ],
            [
              1194342.0928784437,
              568227.4862756049
            ],
            [
              1199235.7305329696,
              573608.5609643832
            ],
            [
              1197713.1819086953,
              585939.4163469542
            ],
            [
              1203365.2906835969,
              590256.8307935791
            ],
            [
              1202074.615771901,
              597319.3727035243
            ],
            [
              1189650.9725396316,
              615244.5124934977
            ],
            [
              1164353.438253246,
              631555.0567699764
            ],
            [
              1158879.2024398965,
              650498.331433855
            ],
            [
              1158000.2237405928,
              652915.6540909559
            ],
            [
              1164278.6465835625,
              663854.5090749292
            ],
            [
              1178986.021859884,
              673379.619232879
            ],
            [
              1185570.9447756708,
              682039.7618475156
            ],
            [
              1194693.13165689,
              684747.3898755861
            ],
            [
              1195317.060148268,
              673379.619232879
            ],
            [
              1199373.8982811915,
              670073.5285223024
            ],
            [
              1202015.289051165,
              669774.2245906694
            ],
            [
              1210831.924412951,
              673379.619232879
            ],
            [
              1226489.5780771489,
              676212.7461118512
            ],
            [
              1244555.413632763,
              700828.260389436
            ],
            [
              1249202.3344564368,
              703870.802348827
            ],
            [
              1250963.30816797,
              689512.153123429
            ],
            [
              1259874.6677334988,
              673379.619232879
            ],
            [
              1263091.1811905014,
              664059.7582661407
            ]
          ]
        ]
      },
      "properties": {
        "name": "Leicestershire"
      }
    },
    {
      "type": "Feature",
      "geometry": {
        "type": "Polygon",
        "coordinates": [
          [
            [
              1322303.3616357336,
              790268.6200125981
            ],
            [
              1328975.7440452958,
              803301.0066690752
            ],
            [
              1337768.3996302884,
              805912.7626563506
            ],
            [
              1346622.937497584,
              800733.9333341904
            ],
            [
              1354480.0948061296,
              796141.2793012261
            ],
            [
              1374413.0493228193,
              747806.2585256351
            ],
            [
              1372933.390539873,
              727182.1024009371
            ],
            [
              1354230.1817700623,
              710889.6921035778
            ],
            [
              1346622.937497584,
              699590.3971032044
            ],
            [
              1341839.6344903195,
              692493.770195975
            ],
            [
              1346622.937497584,
              688299.6766326707
            ],
            [
              1363659.3899219693,
              673379.619232879
            ],
            [
              1366232.348370809,
              673379.619232879
            ],
            [
              1362102.7579412777,
              664100.3592170589
            ],
            [
              1354946.2215740893,
              659826.7031784048
            ],
            [
              1346622.937497584,
              657534.4449590826
            ],
            [
              1343933.0011882277,
              656793.768373874
            ],
            [
              1338919.9757175401,
              647623.3284299606
            ],
            [
              1332346.63949095,
              645769.9358410994
            ],
            [
              1298480.2317410063,
              647303.1301968219
            ],
            [
              1280733.6915431232,
              641865.8553162701
            ],
            [
              1286446.4044299272,
              653294.8289874997
            ],
            [
              1263091.1811905014,
              664059.7582661407
            ],
            [
              1259874.6677334988,
              673379.619232879
            ],
            [
              1250963.30816797,
              689512.153123429
            ],
            [
              1249202.3344564368,
              703870.802348827
            ],
            [
              1247972.0400157939,
              710086.2251964621
            ],
            [
              1256649.6954423492,
              724022.4968707822
            ],
            [
              1253994.7812466768,
              744090.4654514184
            ],
            [
              1259739.0882747592,
              751606.5625390178
            ],
            [
              1249728.8366860675,
              756469.2552168779
            ],
            [
              1251510.9222503458,
              769470.3759568036
            ],
            [
              1247065.7794696444,
              792762.795538283
            ],
            [
              1255818.1434102235,
              804325.0910107112
            ],
            [
              1264696.691333202,
              803059.2723645726
            ],
            [
              1268050.7204288484,
              793564.6415101411
            ],
            [
              1280920.9678847117,
              795983.4920579875
            ],
            [
              1289211.0429080871,
              805019.4482549727
            ],
            [
              1287434.8788728055,
              811838.347200823
            ],
            [
              1297924.7381311122,
              813180.8952360582
            ],
            [
              1302739.744484072,
              820956.3755582785
            ],
            [
              1313248.1758409452,
              813586.2305900827
            ],
            [
              1312771.6402553162,
              800170.4436209528
            ],
            [
              1322303.3616357336,
              790268.6200125981
            ]
          ]
        ]
      },
      "properties": {
        "name": "Lincolnshire"
      }
    },
    {
      "type": "Feature",
      "properties": {
        "name": "Midlands"
      },
      "geometry": {
        "type": "Polygon",
        "coordinates": [
          [
            [
              1203365.2906835969,
              590256.8307935791
            ],
            [
              1197713.1819086953,
              585939.4163469542
            ],
            [
              1199235.7305329696,
              573608.5609643832
            ],
            [
              1194342.0928784437,
              568227.4862756049
            ],
            [
              1194447.3477946988,
              561660.7384027857
            ],
            [
              1187567.7936901941,
              555785.8284239965
            ],
            [
              1182861.6010262896,
              543704.5459510926
            ],
            [
              1171998.7858515906,
              542961.5288011152
            ],
            [
              1163487.6251987952,
              522397.77316896245
            ],
            [
              1156835.9794953004,
              518467.4570399383
            ],
            [
              1150405.3958214838,
              523002.67890050355
            ],
            [
              1149581.3311383068,
              531830.8486499321
            ],
            [
              1139062.551966841,
              545648.2496342659
            ],
            [
              1131980.76463398,
              539340.8536778428
            ],
            [
              1130001.9302186836,
              537579.2835283186
            ],
            [
              1130706.5486429576,
              528153.6669602757
            ],
            [
              1122830.779606108,
              532057.0602020435
            ],
            [
              1109435.3491679009,
              529242.6266710749
            ],
            [
              1098698.4105111666,
              526987.4593385449
            ],
            [
              1095299.644895155,
              532469.8077303832
            ],
            [
              1091967.8399566123,
              524995.825031193
            ],
            [
              1082961.8040547215,
              519944.74484275933
            ],
            [
              1074081.4690086294,
              529128.2293810733
            ],
            [
              1059607.230030566,
              526349.8936269088
            ],
            [
              1062806.1684776787,
              507189.0608588569
            ],
            [
              1040813.4722058291,
              493891.1255187923
            ],
            [
              1029956.7268376834,
              497558.2780061923
            ],
            [
              1016619.2852825797,
              511910.30992254615
            ],
            [
              1005653.3811349527,
              509575.55997911
            ],
            [
              994377.2145383591,
              522218.0276997648
            ],
            [
              988799.1955637515,
              539703.3780893348
            ],
            [
              989269.1069717662,
              555700.3232262358
            ],
            [
              997842.1679406066,
              571542.6839459306
            ],
            [
              1006916.0750020724,
              588662.5148774441
            ],
            [
              1020405.0757061895,
              596330.9715500027
            ],
            [
              1032434.449458401,
              583156.9876797013
            ],
            [
              1038887.1277134314,
              585747.914721596
            ],
            [
              1044397.0135936951,
              580958.713927513
            ],
            [
              1069015.3183147144,
              593906.5710429456
            ],
            [
              1073616.332650177,
              603960.4411566583
            ],
            [
              1081205.8050999083,
              608015.2879590774
            ],
            [
              1094846.1162652804,
              603429.2182535045
            ],
            [
              1093490.616674522,
              616435.4933490548
            ],
            [
              1098337.5964342724,
              626075.0601816932
            ],
            [
              1093471.7155155402,
              628634.9721649056
            ],
            [
              1093264.8473888568,
              636793.6780302804
            ],
            [
              1107551.6776664616,
              638251.5517825624
            ],
            [
              1109435.3491679009,
              639203.2380264765
            ],
            [
              1120930.4720746921,
              645013.3591574375
            ],
            [
              1127383.9685279774,
              631730.1528485799
            ],
            [
              1131980.76463398,
              631991.4676088654
            ],
            [
              1136788.7400478977,
              632264.7963744197
            ],
            [
              1149581.3311383068,
              633129.3307250626
            ],
            [
              1158879.2024398965,
              650498.331433855
            ],
            [
              1164353.438253246,
              631555.0567699764
            ],
            [
              1189650.9725396316,
              615244.5124934977
            ],
            [
              1202074.615771901,
              597319.3727035243
            ],
            [
              1203365.2906835969,
              590256.8307935791
            ]
          ]
        ]
      }
    },
    {
      "type": "Feature",
      "geometry": {
        "type": "Polygon",
        "coordinates": [
          [
            [
              1132052.171411901,
              699976.6864893353
            ],
            [
              1131974.3780121526,
              691310.9338426245
            ],
            [
              1156068.2966870563,
              677941.7307726713
            ],
            [
              1156167.7005395538,
              670200.2713172706
            ],
            [
              1147527.3625232563,
              659728.6608003946
            ],
            [
              1158000.2237405928,
              652915.6540909559
            ],
            [
              1158879.2024398965,
              650498.331433855
            ],
            [
              1149581.3311383068,
              633129.3307250626
            ],
            [
              1136788.7400478977,
              632264.7963744197
            ],
            [
              1131980.76463398,
              631991.4676088654
            ],
            [
              1127383.9685279774,
              631730.1528485799
            ],
            [
              1120930.4720746921,
              645013.3591574375
            ],
            [
              1109435.3491679009,
              639203.2380264765
            ],
            [
              1107551.6776664616,
              638251.5517825624
            ],
            [
              1093264.8473888568,
              636793.6780302804
            ],
            [
              1093471.7155155402,
              628634.9721649056
            ],
            [
              1098337.5964342724,
              626075.0601816932
            ],
            [
              1093490.616674522,
              616435.4933490548
            ],
            [
              1094846.1162652804,
              603429.2182535045
            ],
            [
              1081205.8050999083,
              608015.2879590774
            ],
            [
              1073616.332650177,
              603960.4411566583
            ],
            [
              1069015.3183147144,
              593906.5710429456
            ],
            [
              1044397.0135936951,
              580958.713927513
            ],
            [
              1038887.1277134314,
              585747.914721596
            ],
            [
              1032434.449458401,
              583156.9876797013
            ],
            [
              1020405.0757061895,
              596330.9715500027
            ],
            [
              1006916.0750020724,
              588662.5148774441
            ],
            [
              993896.2157090614,
              589812.1375876013
            ],
            [
              982979.4877257323,
              599622.4281816743
            ],
            [
              977180.542976499,
              604838.5015670191
            ],
            [
              982979.4877257323,
              609049.7489971062
            ],
            [
              1001122.2946979795,
              622239.4842725918
            ],
            [
              1000012.7320337165,
              628303.1019894863
            ],
            [
              990608.3015967084,
              623954.5131151043
            ],
            [
              987747.6323579394,
              629120.8564423798
            ],
            [
              1001568.7583250541,
              659651.7105544014
            ],
            [
              985029.2021551216,
              671427.0632134499
            ],
            [
              985458.0186372702,
              687844.1490620263
            ],
            [
              1004357.0253670127,
              700939.9761683522
            ],
            [
              1025317.8907033438,
              690665.2587531591
            ],
            [
              1031545.6467027171,
              696000.586945964
            ],
            [
              1032285.2860161546,
              705047.243352103
            ],
            [
              1035352.0266680208,
              707296.8857011488
            ],
            [
              1053295.462324685,
              700045.9488568027
            ],
            [
              1070808.0080623624,
              707845.8465218646
            ],
            [
              1073290.8126404793,
              719326.6886442434
            ],
            [
              1085834.412976799,
              725627.9429568183
            ],
            [
              1098117.7106063294,
              740290.2783719692
            ],
            [
              1109435.3491679009,
              745409.230497431
            ],
            [
              1114600.20518451,
              747746.3813102478
            ],
            [
              1128063.7812961647,
              742040.4758836953
            ],
            [
              1134841.791096995,
              730262.1911212141
            ],
            [
              1138620.5544777487,
              712169.3936867388
            ],
            [
              1132052.171411901,
              699976.6864893353
            ]
          ]
        ]
      },
      "properties": {
        "name": "Shropshire"
      }
    },
    {
      "type": "Feature",
      "geometry": {
        "type": "Polygon",
        "coordinates": [
          [
            [
              1529128.3141713068,
              642142.0666814195
            ],
            [
              1529590.3056428314,
              622052.4439971568
            ],
            [
              1528065.5789414013,
              599344.0151743572
            ],
            [
              1508733.5165719795,
              540679.3147226917
            ],
            [
              1484994.0461688887,
              517045.4728326015
            ],
            [
              1453429.5732034813,
              516498.02969835047
            ],
            [
              1439165.601826713,
              518154.6207513986
            ],
            [
              1423139.1021617178,
              520016.31283566635
            ],
            [
              1410091.4185619832,
              539769.821528648
            ],
            [
              1380883.3846301977,
              537115.7043139338
            ],
            [
              1379219.8818195257,
              531859.996772904
            ],
            [
              1364062.478800004,
              540659.5383022642
            ],
            [
              1346622.937497584,
              532090.3467324423
            ],
            [
              1343422.4278871694,
              526310.4916729797
            ],
            [
              1335770.5548516,
              535916.2183207767
            ],
            [
              1322394.8602459168,
              530304.7661458589
            ],
            [
              1318329.9014674576,
              539841.2048090817
            ],
            [
              1318724.5558903217,
              549172.4558423292
            ],
            [
              1308032.737249589,
              558669.7819157783
            ],
            [
              1284034.5370841252,
              583870.6238449011
            ],
            [
              1281309.1683374534,
              592718.2261457862
            ],
            [
              1297128.0259826547,
              610273.9671965782
            ],
            [
              1289593.8324543403,
              630592.2758255741
            ],
            [
              1281952.8415669056,
              631450.5535903051
            ],
            [
              1280733.6915431232,
              641865.8553162701
            ],
            [
              1298480.2317410063,
              647303.1301968219
            ],
            [
              1332346.63949095,
              645769.9358410994
            ],
            [
              1338919.9757175401,
              647623.3284299606
            ],
            [
              1343933.0011882277,
              656793.768373874
            ],
            [
              1346622.937497584,
              657534.4449590826
            ],
            [
              1354946.2215740893,
              659826.7031784048
            ],
            [
              1362102.7579412777,
              664100.3592170589
            ],
            [
              1366232.348370809,
              673379.619232879
            ],
            [
              1378715.9412676955,
              673769.0872214176
            ],
            [
              1397218.5735771228,
              702730.1574270139
            ],
            [
              1439165.601826713,
              703115.3061224464
            ],
            [
              1448321.8691700452,
              703080.9831144279
            ],
            [
              1466700.2653655203,
              698346.0294017345
            ],
            [
              1485870.755731696,
              692857.4394224184
            ],
            [
              1509762.2617312141,
              673379.619232879
            ],
            [
              1522347.2473146152,
              660682.4300992675
            ],
            [
              1529128.3141713068,
              642142.0666814195
            ]
          ]
        ]
      },
      "properties": {
        "name": "East Anglia"
      }
    },
    {
      "type": "Feature",
      "geometry": {
        "type": "Polygon",
        "coordinates": [
          [
            [
              1308032.737249589,
              558669.7819157783
            ],
            [
              1318724.5558903217,
              549172.4558423292
            ],
            [
              1318329.9014674576,
              539841.2048090817
            ],
            [
              1322394.8602459168,
              530304.7661458589
            ],
            [
              1335770.5548516,
              535916.2183207767
            ],
            [
              1343422.4278871694,
              526310.4916729797
            ],
            [
              1346622.937497584,
              516978.76649711747
            ],
            [
              1350265.033160248,
              506372.5716966558
            ],
            [
              1355068.4205413589,
              504391.28431496304
            ],
            [
              1354574.005598356,
              495860.48135260865
            ],
            [
              1351891.5113309203,
              489367.77700898703
            ],
            [
              1346622.937497584,
              486587.756186055
            ],
            [
              1336502.8247034296,
              481250.4367356086
            ],
            [
              1334511.5809478988,
              467767.02641761955
            ],
            [
              1315568.4545190996,
              465563.4343845537
            ],
            [
              1301945.6761735221,
              459776.4080095934
            ],
            [
              1280111.6382285715,
              453203.9276456591
            ],
            [
              1273255.9177383669,
              473511.15810288023
            ],
            [
              1263816.4847799134,
              488291.66596663557
            ],
            [
              1274207.6420551082,
              493991.3596700737
            ],
            [
              1270978.8528412625,
              500964.5537300445
            ],
            [
              1258754.4432223584,
              508841.0026011802
            ],
            [
              1263148.2176240406,
              519702.4509254731
            ],
            [
              1262803.9526366005,
              535241.6262073116
            ],
            [
              1269958.0761538278,
              545303.2112377826
            ],
            [
              1261461.6716787692,
              560605.8234489625
            ],
            [
              1264847.224116501,
              574183.949624314
            ],
            [
              1274041.2490273602,
              572716.925124188
            ],
            [
              1277864.1771915713,
              581550.48632003
            ],
            [
              1284034.5370841252,
              583870.6238449011
            ],
            [
              1308032.737249589,
              558669.7819157783
            ]
          ]
        ]
      },
      "properties": {
        "name": "Bedfordshire and Hertfordshire"
      }
    },
    {
      "type": "Feature",
      "geometry": {
        "type": "Polygon",
        "coordinates": [
          [
            [
              1379219.8818195257,
              531859.996772904
            ],
            [
              1380883.3846301977,
              537115.7043139338
            ],
            [
              1410091.4185619832,
              539769.821528648
            ],
            [
              1423139.1021617178,
              520016.31283566635
            ],
            [
              1439165.601826713,
              518154.6207513986
            ],
            [
              1453429.5732034813,
              516498.02969835047
            ],
            [
              1474236.0156969144,
              513841.13646927103
            ],
            [
              1474395.5137067223,
              498240.33208925
            ],
            [
              1460846.7308738357,
              486848.29310564324
            ],
            [
              1447283.8515425103,
              490078.67990226205
            ],
            [
              1429849.6003649302,
              485830.24859693367
            ],
            [
              1427527.4714455209,
              476088.5528022628
            ],
            [
              1439165.601826713,
              479433.8381547043
            ],
            [
              1441234.1106596887,
              475146.29977192916
            ],
            [
              1441080.1799602513,
              466486.67509675026
            ],
            [
              1439165.601826713,
              458732.52173822746
            ],
            [
              1401598.0494354821,
              458754.3030667491
            ],
            [
              1431682.7324835851,
              454390.0748938741
            ],
            [
              1427253.5185201392,
              442641.1562068453
            ],
            [
              1422825.3706634517,
              439763.1148386365
            ],
            [
              1405607.9444730897,
              441112.970427718
            ],
            [
              1400536.0596008885,
              437393.7528360626
            ],
            [
              1393019.1015580075,
              440936.1710893009
            ],
            [
              1379005.3485666688,
              427301.03386157006
            ],
            [
              1359268.200804138,
              433576.09850802086
            ],
            [
              1370685.7400371036,
              447135.38655223977
            ],
            [
              1358137.1947776785,
              457728.91955470387
            ],
            [
              1351221.0817939322,
              457479.94552458636
            ],
            [
              1346622.937497584,
              456341.61568514537
            ],
            [
              1342827.3850225483,
              455402.0977653619
            ],
            [
              1334473.621001539,
              461548.7615295211
            ],
            [
              1334511.5809478988,
              467767.02641761955
            ],
            [
              1336502.8247034296,
              481250.4367356086
            ],
            [
              1346622.937497584,
              486587.756186055
            ],
            [
              1351891.5113309203,
              489367.77700898703
            ],
            [
              1354574.005598356,
              495860.48135260865
            ],
            [
              1355068.4205413589,
              504391.28431496304
            ],
            [
              1350265.033160248,
              506372.5716966558
            ],
            [
              1346622.937497584,
              516978.76649711747
            ],
            [
              1343422.4278871694,
              526310.4916729797
            ],
            [
              1346622.937497584,
              532090.3467324423
            ],
            [
              1364062.478800004,
              540659.5383022642
            ],
            [
              1379219.8818195257,
              531859.996772904
            ]
          ]
        ]
      },
      "properties": {
        "name": "Essex"
      }
    },
    {
      "type": "Feature",
      "properties": {
        "name": "London"
      },
      "geometry": {
        "type": "Polygon",
        "coordinates": [
          [
            [
              1340557.5651318673,
              398366.01513592526
            ],
            [
              1336093.3195925797,
              404859.7723851362
            ],
            [
              1322516.521317405,
              398875.17417457234
            ],
            [
              1318411.498654209,
              403501.3632363165
            ],
            [
              1307420.4410884103,
              412381.40709844325
            ],
            [
              1299025.48763129,
              404837.94840850215
            ],
            [
              1300467.9099332413,
              416365.115466265
            ],
            [
              1284639.7401899954,
              427214.6677212687
            ],
            [
              1279098.0742648952,
              429847.0869950624
            ],
            [
              1281288.5078852344,
              434418.3896932062
            ],
            [
              1280111.6382285715,
              453203.9276456591
            ],
            [
              1301945.6761735221,
              459776.4080095934
            ],
            [
              1315568.4545190996,
              465563.4343845537
            ],
            [
              1334511.5809478988,
              467767.02641761955
            ],
            [
              1334473.621001539,
              461548.7615295211
            ],
            [
              1342827.3850225483,
              455402.0977653619
            ],
            [
              1346622.937497584,
              456341.61568514537
            ],
            [
              1351221.0817939322,
              457479.94552458636
            ],
            [
              1358137.1947776785,
              457728.91955470387
            ],
            [
              1370685.7400371036,
              447135.38655223977
            ],
            [
              1359268.200804138,
              433576.09850802086
            ],
            [
              1357091.8514371014,
              433633.95313639473
            ],
            [
              1352943.1786204565,
              437810.6609126581
            ],
            [
              1346631.8244664893,
              438160.49502412416
            ],
            [
              1336882.240823833,
              436627.24733027816
            ],
            [
              1326989.9455939794,
              436753.5165120233
            ],
            [
              1323420.541781434,
              437280.8814046299
            ],
            [
              1319141.6988540746,
              432767.9491054388
            ],
            [
              1316678.8968299846,
              431978.80886799283
            ],
            [
              1315021.2817071823,
              429661.61595133506
            ],
            [
              1313772.0303364878,
              429552.1951000979
            ],
            [
              1311862.3945657015,
              430107.89644820057
            ],
            [
              1310436.6529328437,
              432790.3441602038
            ],
            [
              1309070.4291562997,
              433589.0574399559
            ],
            [
              1311028.6787053086,
              430319.4979398139
            ],
            [
              1313748.3519015592,
              429242.2849291209
            ],
            [
              1314543.8779408443,
              428876.74373232387
            ],
            [
              1316952.3129727824,
              431795.8484024536
            ],
            [
              1321544.307423862,
              432686.1643096097
            ],
            [
              1323715.3157930546,
              436868.78803289216
            ],
            [
              1333083.0179225486,
              432791.81433166564
            ],
            [
              1346622.937497584,
              436354.39525300544
            ],
            [
              1349858.1175633946,
              437205.8561440781
            ],
            [
              1360038.8656388998,
              431794.8973048236
            ],
            [
              1352862.877303893,
              419048.0742593864
            ],
            [
              1352406.1334331683,
              419012.6490320591
            ],
            [
              1351341.6047349474,
              409228.49499990884
            ],
            [
              1346622.937497584,
              404473.72820574883
            ],
            [
              1340557.5651318673,
              398366.01513592526
            ]
          ]
        ]
      }
    },
    {
      "type": "Feature",
      "geometry": {
        "type": "Polygon",
        "coordinates": [
          [
            [
              1263148.2176240406,
              519702.4509254731
            ],
            [
              1258754.4432223584,
              508841.0026011802
            ],
            [
              1270978.8528412625,
              500964.5537300445
            ],
            [
              1274207.6420551082,
              493991.3596700737
            ],
            [
              1263816.4847799134,
              488291.66596663557
            ],
            [
              1273255.9177383669,
              473511.15810288023
            ],
            [
              1280111.6382285715,
              453203.9276456591
            ],
            [
              1281288.5078852344,
              434418.3896932062
            ],
            [
              1279098.0742648952,
              429847.0869950624
            ],
            [
              1249512.80451626,
              405362.7198537821
            ],
            [
              1214887.7069031384,
              413147.9923070818
            ],
            [
              1179977.5216325629,
              412109.5085665686
            ],
            [
              1176683.2521791575,
              406178.31597416196
            ],
            [
              1174312.1907738203,
              405507.65161542967
            ],
            [
              1169046.1228535369,
              404903.242357227
            ],
            [
              1163750.5715208442,
              417806.23557741754
            ],
            [
              1165708.4373515774,
              427214.6677212687
            ],
            [
              1160822.7617123134,
              432855.77330373693
            ],
            [
              1159427.0613138392,
              439814.08579842653
            ],
            [
              1157411.7332525183,
              438629.98908987734
            ],
            [
              1148656.2968939925,
              451305.9249560451
            ],
            [
              1148476.6743239965,
              469424.84872925654
            ],
            [
              1146178.4431389158,
              485753.57544496935
            ],
            [
              1153603.387496329,
              513386.65925311856
            ],
            [
              1150405.3958214838,
              523002.67890050355
            ],
            [
              1156835.9794953004,
              518467.4570399383
            ],
            [
              1163487.6251987952,
              522397.77316896245
            ],
            [
              1171998.7858515906,
              542961.5288011152
            ],
            [
              1182861.6010262896,
              543704.5459510926
            ],
            [
              1187567.7936901941,
              555785.8284239965
            ],
            [
              1193261.6154367758,
              546499.991446455
            ],
            [
              1190505.7091934264,
              535664.0874972148
            ],
            [
              1193974.593954809,
              523025.3951522717
            ],
            [
              1203177.1443801874,
              521874.7492708834
            ],
            [
              1211372.1309624463,
              528054.7543993797
            ],
            [
              1213690.5203262044,
              534503.227179179
            ],
            [
              1225901.1631750013,
              539079.4241157966
            ],
            [
              1234933.1350711002,
              530939.9969470827
            ],
            [
              1238842.052087293,
              532545.5033185324
            ],
            [
              1242024.6873497006,
              538371.9214877281
            ],
            [
              1238858.4001337464,
              546274.3882922502
            ],
            [
              1257307.172622624,
              559976.8586473493
            ],
            [
              1259362.0713120173,
              560778.4711003089
            ],
            [
              1261461.6716787692,
              560605.8234489625
            ],
            [
              1269958.0761538278,
              545303.2112377826
            ],
            [
              1262803.9526366005,
              535241.6262073116
            ],
            [
              1263148.2176240406,
              519702.4509254731
            ]
          ]
        ]
      },
      "properties": {
        "name": "Berkshire"
      }
    },
    {
      "type": "Feature",
      "geometry": {
        "type": "Polygon",
        "coordinates": [
          [
            [
              1299025.48763129,
              404837.94840850215
            ],
            [
              1307420.4410884103,
              412381.40709844325
            ],
            [
              1318411.498654209,
              403501.3632363165
            ],
            [
              1322516.521317405,
              398875.17417457234
            ],
            [
              1336093.3195925797,
              404859.7723851362
            ],
            [
              1340557.5651318673,
              398366.01513592526
            ],
            [
              1341405.8196517092,
              371703.115868357
            ],
            [
              1346622.937497584,
              370981.04616874084
            ],
            [
              1371715.5574256673,
              367509.0172413988
            ],
            [
              1390056.2123062601,
              351845.95396424364
            ],
            [
              1403230.6054277085,
              348565.6148364283
            ],
            [
              1422551.8841667338,
              344571.4964328548
            ],
            [
              1430988.0091375203,
              332948.5893594101
            ],
            [
              1421827.1534274248,
              333546.85132342204
            ],
            [
              1407479.722711456,
              322966.97940896265
            ],
            [
              1379282.0214724897,
              315267.3641087897
            ],
            [
              1362880.7291195025,
              300462.95727514476
            ],
            [
              1346622.937497584,
              305957.40083081834
            ],
            [
              1331584.1009790176,
              311043.15570317674
            ],
            [
              1311787.8776325185,
              315986.8912447663
            ],
            [
              1259542.491040885,
              307311.41829320416
            ],
            [
              1247557.5044884756,
              298881.6556688398
            ],
            [
              1235836.9660693593,
              306769.89749723487
            ],
            [
              1231991.6176031027,
              318734.31312082335
            ],
            [
              1231351.4192115506,
              324124.9190882752
            ],
            [
              1236239.4397958948,
              349313.726210529
            ],
            [
              1251959.8295628754,
              361739.0456868978
            ],
            [
              1241336.6105564774,
              383789.90835629683
            ],
            [
              1253594.5842263673,
              390587.8320563799
            ],
            [
              1249512.80451626,
              405362.7198537821
            ],
            [
              1279098.0742648952,
              429847.0869950624
            ],
            [
              1284639.7401899954,
              427214.6677212687
            ],
            [
              1300467.9099332413,
              416365.115466265
            ],
            [
              1299025.48763129,
              404837.94840850215
            ]
          ]
        ]
      },
      "properties": {
        "name": "Surrey"
      }
    },
    {
      "type": "Feature",
      "geometry": {
        "type": "MultiPolygon",
        "coordinates": [
          [
            [
              [
                1231351.4192115506,
                324124.9190882752
              ],
              [
                1231991.6176031027,
                318734.31312082335
              ],
              [
                1227543.2112688953,
                308928.2293047318
              ],
              [
                1221846.348830425,
                316930.2391149206
              ],
              [
                1215833.0329095067,
                308047.70306096505
              ],
              [
                1211536.8838088203,
                318619.3708149297
              ],
              [
                1207092.2075681065,
                308583.871398123
              ],
              [
                1183865.0291276888,
                325245.36715427414
              ],
              [
                1171410.82713672,
                332992.38583013136
              ],
              [
                1172789.7967723226,
                330114.25259320345
              ],
              [
                1186404.4448988866,
                318121.5990849687
              ],
              [
                1188381.4087014555,
                314447.90029865876
              ],
              [
                1187758.3144383435,
                311234.1438033264
              ],
              [
                1177942.2916500415,
                305467.99493254256
              ],
              [
                1166099.38038261,
                303430.6352449311
              ],
              [
                1161671.311228812,
                297094.80984890554
              ],
              [
                1149581.3311383068,
                299803.52709368896
              ],
              [
                1147475.8007822766,
                299975.9961988665
              ],
              [
                1137269.0656169173,
                307875.75410788506
              ],
              [
                1130788.259375594,
                331936.12436576746
              ],
              [
                1118003.1306985696,
                344633.5704288725
              ],
              [
                1131980.76463398,
                346195.9110341454
              ],
              [
                1148373.1500918686,
                338309.5264194971
              ],
              [
                1154357.8663658071,
                340366.1124400487
              ],
              [
                1155949.6792017682,
                351444.160484978
              ],
              [
                1150069.0846116615,
                383151.2548104534
              ],
              [
                1163034.6119781677,
                392748.17006750405
              ],
              [
                1169046.1228535369,
                404903.242357227
              ],
              [
                1174312.1907738203,
                405507.65161542967
              ],
              [
                1176683.2521791575,
                406178.31597416196
              ],
              [
                1179977.5216325629,
                412109.5085665686
              ],
              [
                1214887.7069031384,
                413147.9923070818
              ],
              [
                1249512.80451626,
                405362.7198537821
              ],
              [
                1253594.5842263673,
                390587.8320563799
              ],
              [
                1241336.6105564774,
                383789.90835629683
              ],
              [
                1251959.8295628754,
                361739.0456868978
              ],
              [
                1236239.4397958948,
                349313.726210529
              ],
              [
                1231351.4192115506,
                324124.9190882752
              ]
            ]
          ],
          [
            [
              [
                1190295.5972167773,
                272058.0902258642
              ],
              [
                1181175.1613911416,
                280612.33181360736
              ],
              [
                1174782.4988131816,
                283467.9152784627
              ],
              [
                1170257.3050734522,
                287706.27012915723
              ],
              [
                1163303.5694413984,
                289256.5386913754
              ],
              [
                1166481.1131729379,
                294809.7292583091
              ],
              [
                1185102.745461422,
                300435.18007333763
              ],
              [
                1188829.3033405803,
                305048.99097313546
              ],
              [
                1194559.2037341183,
                304908.4896257669
              ],
              [
                1200414.9776400013,
                299777.9663640661
              ],
              [
                1212370.2463411514,
                297333.01890537795
              ],
              [
                1214090.6723734343,
                288949.96572899073
              ],
              [
                1205864.076733087,
                283286.3403367819
              ],
              [
                1204015.4569563104,
                275571.2662790492
              ],
              [
                1196644.6209958734,
                272594.9400823675
              ],
              [
                1190295.5972167773,
                272058.0902258642
              ]
            ]
          ]
        ]
      },
      "properties": {
        "name": "Hampshire"
      }
    },
    {
      "type": "Feature",
      "geometry": {
        "type": "Polygon",
        "coordinates": [
          [
            [
              1403256.8000170926,
              419004.45413701795
            ],
            [
              1405619.4660403922,
              413072.93350572325
            ],
            [
              1420951.0137090948,
              424704.01072525233
            ],
            [
              1435034.0753285957,
              420023.8291746797
            ],
            [
              1439165.601826713,
              412366.964495752
            ],
            [
              1441620.5233214074,
              407820.71307320613
            ],
            [
              1474047.2413289421,
              413534.725151266
            ],
            [
              1493462.143433264,
              410071.56980954297
            ],
            [
              1489881.857695225,
              400624.6051971987
            ],
            [
              1489014.1250474758,
              373761.13612125255
            ],
            [
              1449160.2687980072,
              350934.20040031057
            ],
            [
              1442957.3161170231,
              333765.72161633614
            ],
            [
              1439165.601826713,
              332106.44011227414
            ],
            [
              1430988.0091375203,
              332948.5893594101
            ],
            [
              1422551.8841667338,
              344571.4964328548
            ],
            [
              1403230.6054277085,
              348565.6148364283
            ],
            [
              1390056.2123062601,
              351845.95396424364
            ],
            [
              1371715.5574256673,
              367509.0172413988
            ],
            [
              1346622.937497584,
              370981.04616874084
            ],
            [
              1341405.8196517092,
              371703.115868357
            ],
            [
              1340557.5651318673,
              398366.01513592526
            ],
            [
              1346622.937497584,
              404473.72820574883
            ],
            [
              1351341.6047349474,
              409228.49499990884
            ],
            [
              1352406.1334331683,
              419012.6490320591
            ],
            [
              1352862.877303893,
              419048.0742593864
            ],
            [
              1360038.8656388998,
              431794.8973048236
            ],
            [
              1376280.2543338563,
              425746.2585418159
            ],
            [
              1386742.178188584,
              427214.6677212687
            ],
            [
              1393873.4067374566,
              432178.57187258545
            ],
            [
              1409369.5692163645,
              428506.085672277
            ],
            [
              1403256.8000170926,
              419004.45413701795
            ]
          ]
        ]
      },
      "properties": {
        "name": "Kent"
      }
    }
  ]
}